order_id,order_date,order_time,customer_id,store_id,city,order_type,payment_method,pizza_id,pizza_name,category,size,quantity,unit_price,discount_amount,delivery_minutes
10001,2025-11-24,14:47:00,1141,4,Bhilai,Delivery,UPI,P010,Pepper Barbecue Chicken,Chicken,M,1,319,0,19
10002,2025-02-17,16:32:00,1309,1,Raipur,Delivery,Wallet,P007,Peppy Paneer,Veg,L,1,449,0,28
10002,2025-02-17,16:32:00,1309,1,Raipur,Delivery,Wallet,P004,Farmhouse,Veg,M,1,299,29.9,39
10003,2025-05-23,15:48:00,1173,2,Raipur,Delivery,UPI,P017,Cheese Burst,Specialty,L,1,474,47.4,52
10003,2025-05-23,15:48:00,1173,2,Raipur,Delivery,UPI,P010,Pepper Barbecue Chicken,Chicken,M,1,319,0,42
10003,2025-05-23,15:48:00,1173,2,Raipur,Delivery,UPI,P015,Mexican Green Wave,Veg,L,1,449,0,53
10004,2025-05-31,20:39:00,1442,6,Bhilai,Delivery,UPI,P011,Pepper Barbecue Chicken,Chicken,L,1,469,23.45,23
10005,2025-04-30,21:24:00,1143,8,Durg,Delivery,Cash,P006,Peppy Paneer,Veg,M,1,299,14.95,62
10005,2025-04-30,21:24:00,1143,8,Durg,Delivery,Cash,P003,Margherita,Classic,L,1,449,0,56
10006,2025-11-22,15:46:00,1126,3,Raipur,Delivery,Cash,P012,Veg Extravaganza,Premium Veg,M,1,329,0,32
10006,2025-11-22,15:46:00,1126,3,Raipur,Delivery,Cash,P017,Cheese Burst,Specialty,L,1,474,0,38
10007,2025-07-25,16:13:00,1291,15,Nagpur,Takeaway,Card,P006,Peppy Paneer,Veg,M,1,299,0,0
10007,2025-07-25,16:13:00,1291,15,Nagpur,Takeaway,Card,P019,Paneer Makhani,Veg,L,1,449,22.45,0
10007,2025-07-25,16:13:00,1291,15,Nagpur,Takeaway,Card,P007,Peppy Paneer,Veg,L,1,449,44.9,0
10007,2025-07-25,16:13:00,1291,15,Nagpur,Takeaway,Card,P004,Farmhouse,Veg,M,1,299,29.9,0
10008,2025-07-05,16:08:00,1261,8,Durg,Delivery,UPI,P003,Margherita,Classic,L,1,449,0,61
10009,2025-08-05,19:24:00,1196,10,Bilaspur,Dine-in,Cash,P012,Veg Extravaganza,Premium Veg,M,1,329,0,0
10010,2025-12-16,21:48:00,1137,13,Nagpur,Delivery,UPI,P007,Peppy Paneer,Veg,L,2,449,44.9,50
10010,2025-12-16,21:48:00,1137,13,Nagpur,Delivery,UPI,P020,Garlic Bread,Sides,M,1,149,0,50
10011,2025-02-24,21:19:00,1431,11,Bilaspur,Delivery,Card,P006,Peppy Paneer,Veg,M,1,299,0,56
10011,2025-02-24,21:19:00,1431,11,Bilaspur,Delivery,Card,P003,Margherita,Classic,L,1,449,22.45,49
10012,2025-01-10,14:23:00,1450,14,Nagpur,Takeaway,Card,P004,Farmhouse,Veg,M,1,299,0,0
10013,2025-02-13,20:52:00,1036,13,Nagpur,Delivery,Card,P011,Pepper Barbecue Chicken,Chicken,L,1,469,0,34
10013,2025-02-13,20:52:00,1036,13,Nagpur,Delivery,Card,P020,Garlic Bread,Sides,M,1,149,14.9,31
10014,2025-10-04,20:44:00,1103,12,Bilaspur,Delivery,Cash,P018,Paneer Makhani,Veg,M,1,299,0,55
10014,2025-10-04,20:44:00,1103,12,Bilaspur,Delivery,Cash,P007,Peppy Paneer,Veg,L,1,449,0,55
10014,2025-10-04,20:44:00,1103,12,Bilaspur,Delivery,Cash,P004,Farmhouse,Veg,M,1,299,0,18
10014,2025-10-04,20:44:00,1103,12,Bilaspur,Delivery,Cash,P001,Margherita,Classic,S,1,179,0,63
10015,2025-11-20,13:04:00,1017,14,Nagpur,Delivery,Card,P012,Veg Extravaganza,Premium Veg,M,1,329,32.9,33
10015,2025-11-20,13:04:00,1017,14,Nagpur,Delivery,Card,P003,Margherita,Classic,L,1,449,44.9,44
10015,2025-11-20,13:04:00,1017,14,Nagpur,Delivery,Card,P002,Margherita,Classic,M,1,299,0,24
10016,2025-02-19,19:22:00,1217,7,Durg,Delivery,UPI,P001,Margherita,Classic,S,1,179,8.95,24
10017,2025-05-08,15:34:00,1230,3,Raipur,Delivery,Cash,P004,Farmhouse,Veg,M,1,299,0,21
10017,2025-05-08,15:34:00,1230,3,Raipur,Delivery,Cash,P019,Paneer Makhani,Veg,L,1,449,0,23
10017,2025-05-08,15:34:00,1230,3,Raipur,Delivery,Cash,P007,Peppy Paneer,Veg,L,1,449,0,28
10017,2025-05-08,15:34:00,1230,3,Raipur,Delivery,Cash,P017,Cheese Burst,Specialty,L,1,474,47.4,49
10018,2025-09-04,16:25:00,1031,3,Raipur,Delivery,Wallet,P019,Paneer Makhani,Veg,L,1,449,44.9,27
10018,2025-09-04,16:25:00,1031,3,Raipur,Delivery,Wallet,P015,Mexican Green Wave,Veg,L,1,449,0,36
10018,2025-09-04,16:25:00,1031,3,Raipur,Delivery,Wallet,P004,Farmhouse,Veg,M,1,299,0,21
10019,2025-10-24,20:03:00,1383,6,Bhilai,Delivery,Wallet,P001,Margherita,Classic,S,1,179,0,22
10019,2025-10-24,20:03:00,1383,6,Bhilai,Delivery,Wallet,P008,Chicken Dominator,Chicken,M,1,319,0,61
10020,2025-05-01,17:56:00,1292,4,Bhilai,Delivery,UPI,P007,Peppy Paneer,Veg,L,1,449,22.45,34
10021,2025-04-15,19:20:00,1123,5,Bhilai,Delivery,Cash,P005,Farmhouse,Veg,L,1,449,0,22
10021,2025-04-15,19:20:00,1123,5,Bhilai,Delivery,Cash,P014,Mexican Green Wave,Veg,M,1,299,0,50
10021,2025-04-15,19:20:00,1123,5,Bhilai,Delivery,Cash,P001,Margherita,Classic,S,1,179,8.95,26
10021,2025-04-15,19:20:00,1123,5,Bhilai,Delivery,Cash,P007,Peppy Paneer,Veg,L,1,449,22.45,22
10022,2025-05-06,17:10:00,1225,14,Nagpur,Delivery,Cash,P012,Veg Extravaganza,Premium Veg,M,1,329,16.45,60
10023,2025-02-23,22:08:00,1136,2,Raipur,Takeaway,Card,P004,Farmhouse,Veg,M,1,299,14.95,0
10023,2025-02-23,22:08:00,1136,2,Raipur,Takeaway,Card,P003,Margherita,Classic,L,1,449,44.9,0
10023,2025-02-23,22:08:00,1136,2,Raipur,Takeaway,Card,P005,Farmhouse,Veg,L,1,449,22.45,0
10024,2025-01-27,14:27:00,1425,5,Bhilai,Delivery,Cash,P011,Pepper Barbecue Chicken,Chicken,L,1,469,46.9,53
10024,2025-01-27,14:27:00,1425,5,Bhilai,Delivery,Cash,P004,Farmhouse,Veg,M,1,299,29.9,53
10025,2025-01-05,14:56:00,1354,15,Nagpur,Delivery,UPI,P010,Pepper Barbecue Chicken,Chicken,M,1,319,15.95,41
10025,2025-01-05,14:56:00,1354,15,Nagpur,Delivery,UPI,P003,Margherita,Classic,L,1,449,0,40
10025,2025-01-05,14:56:00,1354,15,Nagpur,Delivery,UPI,P002,Margherita,Classic,M,1,299,0,61
10026,2025-05-08,19:22:00,1400,9,Durg,Takeaway,Wallet,P019,Paneer Makhani,Veg,L,1,449,0,0
10026,2025-05-08,19:22:00,1400,9,Durg,Takeaway,Wallet,P004,Farmhouse,Veg,M,1,299,0,0
10027,2025-07-31,12:47:00,1171,13,Nagpur,Dine-in,Card,P003,Margherita,Classic,L,1,449,0,0
10027,2025-07-31,12:47:00,1171,13,Nagpur,Dine-in,Card,P013,Veg Extravaganza,Premium Veg,L,1,479,47.9,0
10027,2025-07-31,12:47:00,1171,13,Nagpur,Dine-in,Card,P006,Peppy Paneer,Veg,M,1,299,0,0
10028,2025-04-13,20:29:00,1180,5,Bhilai,Takeaway,Card,P001,Margherita,Classic,S,1,179,8.95,0
10028,2025-04-13,20:29:00,1180,5,Bhilai,Takeaway,Card,P003,Margherita,Classic,L,1,449,22.45,0
10029,2025-02-05,22:17:00,1180,11,Bilaspur,Delivery,Cash,P002,Margherita,Classic,M,1,299,14.95,29
10030,2025-10-25,22:16:00,1020,2,Raipur,Delivery,Cash,P007,Peppy Paneer,Veg,L,1,449,0,34
10030,2025-10-25,22:16:00,1020,2,Raipur,Delivery,Cash,P020,Garlic Bread,Sides,M,1,149,0,63
10030,2025-10-25,22:16:00,1020,2,Raipur,Delivery,Cash,P002,Margherita,Classic,M,1,299,29.9,18
10031,2025-09-24,21:34:00,1352,12,Bilaspur,Dine-in,Card,P007,Peppy Paneer,Veg,L,1,449,22.45,0
10031,2025-09-24,21:34:00,1352,12,Bilaspur,Dine-in,Card,P020,Garlic Bread,Sides,M,1,149,0,0
10031,2025-09-24,21:34:00,1352,12,Bilaspur,Dine-in,Card,P019,Paneer Makhani,Veg,L,1,449,22.45,0
10032,2025-09-17,17:26:00,1168,7,Durg,Takeaway,Card,P007,Peppy Paneer,Veg,L,1,449,0,0
10032,2025-09-17,17:26:00,1168,7,Durg,Takeaway,Card,P019,Paneer Makhani,Veg,L,1,449,22.45,0
10033,2025-07-27,18:00:00,1156,5,Bhilai,Delivery,Cash,P007,Peppy Paneer,Veg,L,1,449,0,60
10033,2025-07-27,18:00:00,1156,5,Bhilai,Delivery,Cash,P012,Veg Extravaganza,Premium Veg,M,1,329,0,36
10033,2025-07-27,18:00:00,1156,5,Bhilai,Delivery,Cash,P008,Chicken Dominator,Chicken,M,1,319,15.95,23
10033,2025-07-27,18:00:00,1156,5,Bhilai,Delivery,Cash,P015,Mexican Green Wave,Veg,L,1,449,0,61
10034,2025-06-08,16:12:00,1076,1,Raipur,Delivery,Wallet,P007,Peppy Paneer,Veg,L,1,449,0,63
10035,2025-12-23,17:25:00,1125,3,Raipur,Takeaway,UPI,P015,Mexican Green Wave,Veg,L,1,449,0,0
10036,2025-04-01,20:44:00,1266,8,Durg,Delivery,Card,P007,Peppy Paneer,Veg,L,1,449,44.9,60
10037,2025-09-29,22:38:00,1163,13,Nagpur,Takeaway,Wallet,P018,Paneer Makhani,Veg,M,1,299,0,0
10037,2025-09-29,22:38:00,1163,13,Nagpur,Takeaway,Wallet,P014,Mexican Green Wave,Veg,M,1,299,14.95,0
10037,2025-09-29,22:38:00,1163,13,Nagpur,Takeaway,Wallet,P008,Chicken Dominator,Chicken,M,1,319,31.9,0
10037,2025-09-29,22:38:00,1163,13,Nagpur,Takeaway,Wallet,P004,Farmhouse,Veg,M,1,299,0,0
10038,2025-05-21,18:45:00,1147,4,Bhilai,Delivery,Cash,P002,Margherita,Classic,M,1,299,0,42
10039,2025-12-22,15:13:00,1033,7,Durg,Delivery,Wallet,P001,Margherita,Classic,S,1,179,0,54
10039,2025-12-22,15:13:00,1033,7,Durg,Delivery,Wallet,P016,Cheese Burst,Specialty,M,1,324,32.4,48
10039,2025-12-22,15:13:00,1033,7,Durg,Delivery,Wallet,P006,Peppy Paneer,Veg,M,1,299,0,40
10039,2025-12-22,15:13:00,1033,7,Durg,Delivery,Wallet,P014,Mexican Green Wave,Veg,M,1,299,14.95,42
10040,2025-08-03,18:47:00,1280,13,Nagpur,Delivery,Card,P003,Margherita,Classic,L,1,449,44.9,64
10040,2025-08-03,18:47:00,1280,13,Nagpur,Delivery,Card,P007,Peppy Paneer,Veg,L,1,449,0,47
10040,2025-08-03,18:47:00,1280,13,Nagpur,Delivery,Card,P001,Margherita,Classic,S,1,179,0,57
10040,2025-08-03,18:47:00,1280,13,Nagpur,Delivery,Card,P005,Farmhouse,Veg,L,1,449,0,43
10041,2025-10-31,18:01:00,1043,11,Bilaspur,Delivery,Wallet,P001,Margherita,Classic,S,1,179,0,47
10041,2025-10-31,18:01:00,1043,11,Bilaspur,Delivery,Wallet,P006,Peppy Paneer,Veg,M,1,299,14.95,39
10042,2025-07-14,16:53:00,1216,5,Bhilai,Takeaway,Wallet,P014,Mexican Green Wave,Veg,M,1,299,0,0
10043,2025-06-29,16:04:00,1400,11,Bilaspur,Delivery,UPI,P003,Margherita,Classic,L,1,449,0,33
10043,2025-06-29,16:04:00,1400,11,Bilaspur,Delivery,UPI,P001,Margherita,Classic,S,1,179,0,48
10044,2025-12-09,14:13:00,1239,12,Bilaspur,Delivery,Cash,P010,Pepper Barbecue Chicken,Chicken,M,1,319,0,28
10044,2025-12-09,14:13:00,1239,12,Bilaspur,Delivery,Cash,P020,Garlic Bread,Sides,M,1,149,7.45,24
10045,2025-10-24,12:19:00,1295,11,Bilaspur,Dine-in,Wallet,P020,Garlic Bread,Sides,M,1,149,0,0
10045,2025-10-24,12:19:00,1295,11,Bilaspur,Dine-in,Wallet,P003,Margherita,Classic,L,1,449,0,0
10045,2025-10-24,12:19:00,1295,11,Bilaspur,Dine-in,Wallet,P010,Pepper Barbecue Chicken,Chicken,M,1,319,15.95,0
10045,2025-10-24,12:19:00,1295,11,Bilaspur,Dine-in,Wallet,P016,Cheese Burst,Specialty,M,1,324,0,0
10046,2025-10-17,20:22:00,1273,7,Durg,Takeaway,UPI,P001,Margherita,Classic,S,1,179,17.9,0
10046,2025-10-17,20:22:00,1273,7,Durg,Takeaway,UPI,P007,Peppy Paneer,Veg,L,1,449,22.45,0
10046,2025-10-17,20:22:00,1273,7,Durg,Takeaway,UPI,P008,Chicken Dominator,Chicken,M,1,319,31.9,0
10047,2025-12-29,15:11:00,1376,9,Durg,Dine-in,Cash,P007,Peppy Paneer,Veg,L,1,449,0,0
10047,2025-12-29,15:11:00,1376,9,Durg,Dine-in,Cash,P016,Cheese Burst,Specialty,M,1,324,0,0
10047,2025-12-29,15:11:00,1376,9,Durg,Dine-in,Cash,P010,Pepper Barbecue Chicken,Chicken,M,1,319,15.95,0
10047,2025-12-29,15:11:00,1376,9,Durg,Dine-in,Cash,P005,Farmhouse,Veg,L,1,449,44.9,0
10048,2025-05-05,20:36:00,1313,11,Bilaspur,Delivery,UPI,P017,Cheese Burst,Specialty,L,1,474,23.7,35
10048,2025-05-05,20:36:00,1313,11,Bilaspur,Delivery,UPI,P003,Margherita,Classic,L,2,449,44.9,53
10048,2025-05-05,20:36:00,1313,11,Bilaspur,Delivery,UPI,P015,Mexican Green Wave,Veg,L,1,449,0,51
10049,2025-04-08,14:46:00,1209,8,Durg,Delivery,Card,P011,Pepper Barbecue Chicken,Chicken,L,1,469,0,43
10049,2025-04-08,14:46:00,1209,8,Durg,Delivery,Card,P008,Chicken Dominator,Chicken,M,1,319,0,37
10049,2025-04-08,14:46:00,1209,8,Durg,Delivery,Card,P015,Mexican Green Wave,Veg,L,1,449,22.45,48
10049,2025-04-08,14:46:00,1209,8,Durg,Delivery,Card,P002,Margherita,Classic,M,1,299,14.95,45
10050,2025-10-09,17:44:00,1233,5,Bhilai,Delivery,Card,P013,Veg Extravaganza,Premium Veg,L,1,479,23.95,25
10051,2025-10-02,22:44:00,1095,4,Bhilai,Delivery,Wallet,P013,Veg Extravaganza,Premium Veg,L,1,479,23.95,24
10051,2025-10-02,22:44:00,1095,4,Bhilai,Delivery,Wallet,P020,Garlic Bread,Sides,M,1,149,0,36
10051,2025-10-02,22:44:00,1095,4,Bhilai,Delivery,Wallet,P009,Chicken Dominator,Chicken,L,1,469,0,41
10052,2025-04-02,17:45:00,1274,3,Raipur,Delivery,UPI,P012,Veg Extravaganza,Premium Veg,M,1,329,32.9,24
10052,2025-04-02,17:45:00,1274,3,Raipur,Delivery,UPI,P002,Margherita,Classic,M,1,299,0,54
10052,2025-04-02,17:45:00,1274,3,Raipur,Delivery,UPI,P018,Paneer Makhani,Veg,M,1,299,14.95,48
10053,2025-09-03,18:11:00,1027,5,Bhilai,Dine-in,Wallet,P016,Cheese Burst,Specialty,M,1,324,32.4,0
10054,2025-09-09,13:40:00,1352,1,Raipur,Delivery,Cash,P020,Garlic Bread,Sides,M,1,149,0,53
10055,2025-08-02,19:50:00,1317,4,Bhilai,Takeaway,Wallet,P019,Paneer Makhani,Veg,L,1,449,0,0
10055,2025-08-02,19:50:00,1317,4,Bhilai,Takeaway,Wallet,P005,Farmhouse,Veg,L,1,449,0,0
10055,2025-08-02,19:50:00,1317,4,Bhilai,Takeaway,Wallet,P010,Pepper Barbecue Chicken,Chicken,M,1,319,0,0
10055,2025-08-02,19:50:00,1317,4,Bhilai,Takeaway,Wallet,P007,Peppy Paneer,Veg,L,1,449,0,0
10056,2025-05-16,19:10:00,1123,3,Raipur,Delivery,Card,P006,Peppy Paneer,Veg,M,1,299,29.9,36
10057,2025-01-17,16:45:00,1145,12,Bilaspur,Takeaway,UPI,P019,Paneer Makhani,Veg,L,1,449,0,0
10057,2025-01-17,16:45:00,1145,12,Bilaspur,Takeaway,UPI,P015,Mexican Green Wave,Veg,L,1,449,44.9,0
10058,2025-02-28,18:41:00,1077,15,Nagpur,Delivery,Card,P001,Margherita,Classic,S,1,179,8.95,56
10059,2025-10-19,21:28:00,1064,8,Durg,Takeaway,Wallet,P008,Chicken Dominator,Chicken,M,2,319,0,0
10059,2025-10-19,21:28:00,1064,8,Durg,Takeaway,Wallet,P002,Margherita,Classic,M,1,299,29.9,0
10060,2025-06-15,19:01:00,1047,4,Bhilai,Dine-in,UPI,P010,Pepper Barbecue Chicken,Chicken,M,1,319,31.9,0
10060,2025-06-15,19:01:00,1047,4,Bhilai,Dine-in,UPI,P014,Mexican Green Wave,Veg,M,1,299,14.95,0
10060,2025-06-15,19:01:00,1047,4,Bhilai,Dine-in,UPI,P003,Margherita,Classic,L,1,449,0,0
10061,2025-10-27,18:52:00,1252,2,Raipur,Delivery,Wallet,P005,Farmhouse,Veg,L,1,449,44.9,62
10061,2025-10-27,18:52:00,1252,2,Raipur,Delivery,Wallet,P002,Margherita,Classic,M,1,299,29.9,36
10061,2025-10-27,18:52:00,1252,2,Raipur,Delivery,Wallet,P003,Margherita,Classic,L,1,449,44.9,53
10062,2025-01-19,18:20:00,1130,6,Bhilai,Delivery,Wallet,P011,Pepper Barbecue Chicken,Chicken,L,1,469,46.9,44
10063,2025-01-28,15:23:00,1319,13,Nagpur,Delivery,Wallet,P003,Margherita,Classic,L,1,449,0,36
10064,2025-08-13,21:31:00,1063,1,Raipur,Dine-in,Card,P005,Farmhouse,Veg,L,1,449,44.9,0
10064,2025-08-13,21:31:00,1063,1,Raipur,Dine-in,Card,P001,Margherita,Classic,S,1,179,0,0
10065,2025-04-26,22:58:00,1059,8,Durg,Dine-in,Card,P019,Paneer Makhani,Veg,L,1,449,44.9,0
10065,2025-04-26,22:58:00,1059,8,Durg,Dine-in,Card,P005,Farmhouse,Veg,L,1,449,44.9,0
10065,2025-04-26,22:58:00,1059,8,Durg,Dine-in,Card,P013,Veg Extravaganza,Premium Veg,L,1,479,0,0
10065,2025-04-26,22:58:00,1059,8,Durg,Dine-in,Card,P007,Peppy Paneer,Veg,L,1,449,44.9,0
10066,2025-10-10,15:12:00,1307,9,Durg,Takeaway,Card,P004,Farmhouse,Veg,M,1,299,29.9,0
10067,2025-06-24,22:32:00,1137,14,Nagpur,Delivery,Cash,P017,Cheese Burst,Specialty,L,1,474,47.4,47
10067,2025-06-24,22:32:00,1137,14,Nagpur,Delivery,Cash,P007,Peppy Paneer,Veg,L,1,449,22.45,30
10067,2025-06-24,22:32:00,1137,14,Nagpur,Delivery,Cash,P008,Chicken Dominator,Chicken,M,1,319,0,54
10067,2025-06-24,22:32:00,1137,14,Nagpur,Delivery,Cash,P005,Farmhouse,Veg,L,1,449,44.9,32
10068,2025-07-30,12:47:00,1243,12,Bilaspur,Dine-in,Wallet,P020,Garlic Bread,Sides,M,1,149,0,0
10068,2025-07-30,12:47:00,1243,12,Bilaspur,Dine-in,Wallet,P015,Mexican Green Wave,Veg,L,1,449,0,0
10068,2025-07-30,12:47:00,1243,12,Bilaspur,Dine-in,Wallet,P011,Pepper Barbecue Chicken,Chicken,L,1,469,23.45,0
10068,2025-07-30,12:47:00,1243,12,Bilaspur,Dine-in,Wallet,P003,Margherita,Classic,L,1,449,0,0
10069,2025-08-14,14:58:00,1234,1,Raipur,Takeaway,Wallet,P002,Margherita,Classic,M,1,299,14.95,0
10069,2025-08-14,14:58:00,1234,1,Raipur,Takeaway,Wallet,P015,Mexican Green Wave,Veg,L,1,449,22.45,0
10070,2025-11-16,19:41:00,1042,14,Nagpur,Delivery,Wallet,P011,Pepper Barbecue Chicken,Chicken,L,1,469,0,57
10070,2025-11-16,19:41:00,1042,14,Nagpur,Delivery,Wallet,P018,Paneer Makhani,Veg,M,1,299,0,33
10070,2025-11-16,19:41:00,1042,14,Nagpur,Delivery,Wallet,P008,Chicken Dominator,Chicken,M,1,319,15.95,32
10071,2025-02-16,18:06:00,1390,11,Bilaspur,Takeaway,UPI,P003,Margherita,Classic,L,1,449,0,0
10071,2025-02-16,18:06:00,1390,11,Bilaspur,Takeaway,UPI,P005,Farmhouse,Veg,L,2,449,44.9,0
10071,2025-02-16,18:06:00,1390,11,Bilaspur,Takeaway,UPI,P001,Margherita,Classic,S,1,179,8.95,0
10072,2025-07-11,18:15:00,1272,7,Durg,Delivery,Card,P003,Margherita,Classic,L,1,449,44.9,57
10072,2025-07-11,18:15:00,1272,7,Durg,Delivery,Card,P010,Pepper Barbecue Chicken,Chicken,M,1,319,0,49
10073,2025-10-26,15:29:00,1327,5,Bhilai,Delivery,UPI,P018,Paneer Makhani,Veg,M,1,299,14.95,55
10073,2025-10-26,15:29:00,1327,5,Bhilai,Delivery,UPI,P012,Veg Extravaganza,Premium Veg,M,1,329,16.45,58
10073,2025-10-26,15:29:00,1327,5,Bhilai,Delivery,UPI,P003,Margherita,Classic,L,1,449,44.9,62
10073,2025-10-26,15:29:00,1327,5,Bhilai,Delivery,UPI,P007,Peppy Paneer,Veg,L,1,449,22.45,47
10074,2025-06-04,15:24:00,1437,8,Durg,Delivery,Wallet,P010,Pepper Barbecue Chicken,Chicken,M,1,319,31.9,35
10074,2025-06-04,15:24:00,1437,8,Durg,Delivery,Wallet,P020,Garlic Bread,Sides,M,1,149,0,54
10074,2025-06-04,15:24:00,1437,8,Durg,Delivery,Wallet,P005,Farmhouse,Veg,L,1,449,0,56
10075,2025-09-12,21:57:00,1147,13,Nagpur,Takeaway,Cash,P011,Pepper Barbecue Chicken,Chicken,L,2,469,0,0
10076,2025-11-18,14:40:00,1331,1,Raipur,Delivery,Wallet,P010,Pepper Barbecue Chicken,Chicken,M,1,319,0,23
10077,2025-06-01,17:26:00,1090,4,Bhilai,Delivery,Cash,P016,Cheese Burst,Specialty,M,2,324,64.8,36
10077,2025-06-01,17:26:00,1090,4,Bhilai,Delivery,Cash,P004,Farmhouse,Veg,M,1,299,14.95,25
10078,2025-08-28,22:09:00,1387,4,Bhilai,Takeaway,Wallet,P002,Margherita,Classic,M,1,299,0,0
10078,2025-08-28,22:09:00,1387,4,Bhilai,Takeaway,Wallet,P006,Peppy Paneer,Veg,M,1,299,29.9,0
10078,2025-08-28,22:09:00,1387,4,Bhilai,Takeaway,Wallet,P004,Farmhouse,Veg,M,1,299,14.95,0
10079,2025-12-11,20:16:00,1300,7,Durg,Takeaway,Cash,P012,Veg Extravaganza,Premium Veg,M,1,329,32.9,0
10080,2025-01-13,19:35:00,1168,15,Nagpur,Delivery,UPI,P019,Paneer Makhani,Veg,L,1,449,0,37
10080,2025-01-13,19:35:00,1168,15,Nagpur,Delivery,UPI,P005,Farmhouse,Veg,L,1,449,44.9,25
10080,2025-01-13,19:35:00,1168,15,Nagpur,Delivery,UPI,P006,Peppy Paneer,Veg,M,1,299,0,33
10080,2025-01-13,19:35:00,1168,15,Nagpur,Delivery,UPI,P002,Margherita,Classic,M,1,299,0,42
10081,2025-08-21,17:47:00,1357,9,Durg,Delivery,Card,P011,Pepper Barbecue Chicken,Chicken,L,1,469,23.45,20
10081,2025-08-21,17:47:00,1357,9,Durg,Delivery,Card,P016,Cheese Burst,Specialty,M,1,324,16.2,31
10081,2025-08-21,17:47:00,1357,9,Durg,Delivery,Card,P010,Pepper Barbecue Chicken,Chicken,M,1,319,31.9,46
10081,2025-08-21,17:47:00,1357,9,Durg,Delivery,Card,P019,Paneer Makhani,Veg,L,1,449,0,41
10082,2025-02-20,22:23:00,1279,15,Nagpur,Dine-in,Cash,P006,Peppy Paneer,Veg,M,1,299,0,0
10083,2025-03-04,22:52:00,1233,2,Raipur,Takeaway,UPI,P015,Mexican Green Wave,Veg,L,1,449,0,0
10084,2025-03-06,20:13:00,1036,14,Nagpur,Takeaway,Card,P016,Cheese Burst,Specialty,M,1,324,0,0
10084,2025-03-06,20:13:00,1036,14,Nagpur,Takeaway,Card,P004,Farmhouse,Veg,M,1,299,0,0
10085,2025-05-22,21:09:00,1067,9,Durg,Delivery,Card,P011,Pepper Barbecue Chicken,Chicken,L,1,469,0,26
10086,2025-01-08,17:50:00,1122,10,Bilaspur,Delivery,Card,P001,Margherita,Classic,S,1,179,0,48
10086,2025-01-08,17:50:00,1122,10,Bilaspur,Delivery,Card,P014,Mexican Green Wave,Veg,M,1,299,29.9,41
10086,2025-01-08,17:50:00,1122,10,Bilaspur,Delivery,Card,P009,Chicken Dominator,Chicken,L,1,469,0,46
10087,2025-09-15,16:39:00,1023,12,Bilaspur,Takeaway,Cash,P011,Pepper Barbecue Chicken,Chicken,L,1,469,46.9,0
10087,2025-09-15,16:39:00,1023,12,Bilaspur,Takeaway,Cash,P001,Margherita,Classic,S,1,179,0,0
10087,2025-09-15,16:39:00,1023,12,Bilaspur,Takeaway,Cash,P020,Garlic Bread,Sides,M,1,149,14.9,0
10087,2025-09-15,16:39:00,1023,12,Bilaspur,Takeaway,Cash,P017,Cheese Burst,Specialty,L,1,474,47.4,0
10088,2025-02-07,21:20:00,1312,3,Raipur,Delivery,Cash,P006,Peppy Paneer,Veg,M,1,299,29.9,24
10088,2025-02-07,21:20:00,1312,3,Raipur,Delivery,Cash,P010,Pepper Barbecue Chicken,Chicken,M,1,319,0,59
10088,2025-02-07,21:20:00,1312,3,Raipur,Delivery,Cash,P005,Farmhouse,Veg,L,1,449,0,45
10089,2025-08-20,21:26:00,1174,14,Nagpur,Delivery,Wallet,P005,Farmhouse,Veg,L,1,449,22.45,60
10090,2025-05-11,17:09:00,1352,15,Nagpur,Delivery,UPI,P002,Margherita,Classic,M,1,299,0,65
10091,2025-07-10,20:35:00,1031,10,Bilaspur,Dine-in,Cash,P006,Peppy Paneer,Veg,M,1,299,29.9,0
10092,2025-01-27,22:38:00,1160,6,Bhilai,Delivery,Card,P011,Pepper Barbecue Chicken,Chicken,L,1,469,0,40
10092,2025-01-27,22:38:00,1160,6,Bhilai,Delivery,Card,P004,Farmhouse,Veg,M,1,299,14.95,25
10093,2025-05-23,19:51:00,1220,14,Nagpur,Delivery,UPI,P001,Margherita,Classic,S,1,179,8.95,40
10093,2025-05-23,19:51:00,1220,14,Nagpur,Delivery,UPI,P004,Farmhouse,Veg,M,1,299,0,29
10093,2025-05-23,19:51:00,1220,14,Nagpur,Delivery,UPI,P014,Mexican Green Wave,Veg,M,1,299,0,54
10094,2025-12-03,17:09:00,1380,11,Bilaspur,Dine-in,UPI,P006,Peppy Paneer,Veg,M,1,299,0,0
10094,2025-12-03,17:09:00,1380,11,Bilaspur,Dine-in,UPI,P007,Peppy Paneer,Veg,L,1,449,22.45,0
10095,2025-06-09,20:49:00,1291,10,Bilaspur,Delivery,UPI,P003,Margherita,Classic,L,1,449,0,35
10095,2025-06-09,20:49:00,1291,10,Bilaspur,Delivery,UPI,P011,Pepper Barbecue Chicken,Chicken,L,1,469,46.9,60
10096,2025-08-06,18:28:00,1213,5,Bhilai,Delivery,UPI,P007,Peppy Paneer,Veg,L,1,449,44.9,51
10096,2025-08-06,18:28:00,1213,5,Bhilai,Delivery,UPI,P004,Farmhouse,Veg,M,1,299,14.95,20
10096,2025-08-06,18:28:00,1213,5,Bhilai,Delivery,UPI,P012,Veg Extravaganza,Premium Veg,M,1,329,0,43
10097,2025-11-03,13:13:00,1155,4,Bhilai,Takeaway,Cash,P005,Farmhouse,Veg,L,1,449,0,0
10097,2025-11-03,13:13:00,1155,4,Bhilai,Takeaway,Cash,P001,Margherita,Classic,S,1,179,0,0
10097,2025-11-03,13:13:00,1155,4,Bhilai,Takeaway,Cash,P014,Mexican Green Wave,Veg,M,1,299,29.9,0
10098,2025-09-30,19:32:00,1287,14,Nagpur,Takeaway,Cash,P006,Peppy Paneer,Veg,M,1,299,0,0
10099,2025-08-12,11:58:00,1040,14,Nagpur,Delivery,Wallet,P013,Veg Extravaganza,Premium Veg,L,1,479,23.95,28
10099,2025-08-12,11:58:00,1040,14,Nagpur,Delivery,Wallet,P007,Peppy Paneer,Veg,L,1,449,44.9,62
10099,2025-08-12,11:58:00,1040,14,Nagpur,Delivery,Wallet,P002,Margherita,Classic,M,1,299,14.95,23
10099,2025-08-12,11:58:00,1040,14,Nagpur,Delivery,Wallet,P001,Margherita,Classic,S,1,179,17.9,24
10100,2025-05-05,18:25:00,1269,2,Raipur,Delivery,Cash,P004,Farmhouse,Veg,M,1,299,0,51
10100,2025-05-05,18:25:00,1269,2,Raipur,Delivery,Cash,P015,Mexican Green Wave,Veg,L,1,449,0,40
10100,2025-05-05,18:25:00,1269,2,Raipur,Delivery,Cash,P002,Margherita,Classic,M,1,299,14.95,64
10101,2025-11-27,20:15:00,1053,3,Raipur,Delivery,Card,P014,Mexican Green Wave,Veg,M,1,299,0,58
10101,2025-11-27,20:15:00,1053,3,Raipur,Delivery,Card,P011,Pepper Barbecue Chicken,Chicken,L,1,469,46.9,47
10102,2025-10-16,20:28:00,1349,15,Nagpur,Takeaway,Cash,P003,Margherita,Classic,L,1,449,22.45,0
10102,2025-10-16,20:28:00,1349,15,Nagpur,Takeaway,Cash,P001,Margherita,Classic,S,1,179,8.95,0
10102,2025-10-16,20:28:00,1349,15,Nagpur,Takeaway,Cash,P007,Peppy Paneer,Veg,L,1,449,0,0
10103,2025-06-30,18:19:00,1237,8,Durg,Delivery,Cash,P002,Margherita,Classic,M,1,299,29.9,47
10103,2025-06-30,18:19:00,1237,8,Durg,Delivery,Cash,P017,Cheese Burst,Specialty,L,2,474,0,46
10104,2025-10-20,19:20:00,1310,8,Durg,Delivery,UPI,P002,Margherita,Classic,M,1,299,0,20
10104,2025-10-20,19:20:00,1310,8,Durg,Delivery,UPI,P018,Paneer Makhani,Veg,M,1,299,0,63
10104,2025-10-20,19:20:00,1310,8,Durg,Delivery,UPI,P005,Farmhouse,Veg,L,1,449,44.9,46
10104,2025-10-20,19:20:00,1310,8,Durg,Delivery,UPI,P013,Veg Extravaganza,Premium Veg,L,1,479,0,41
10105,2025-07-10,21:24:00,1210,13,Nagpur,Delivery,UPI,P001,Margherita,Classic,S,1,179,8.95,34
10105,2025-07-10,21:24:00,1210,13,Nagpur,Delivery,UPI,P002,Margherita,Classic,M,1,299,0,39
10105,2025-07-10,21:24:00,1210,13,Nagpur,Delivery,UPI,P012,Veg Extravaganza,Premium Veg,M,1,329,0,55
10106,2025-12-06,15:22:00,1159,11,Bilaspur,Takeaway,Wallet,P010,Pepper Barbecue Chicken,Chicken,M,1,319,15.95,0
10106,2025-12-06,15:22:00,1159,11,Bilaspur,Takeaway,Wallet,P019,Paneer Makhani,Veg,L,1,449,44.9,0
10107,2025-11-26,20:52:00,1066,11,Bilaspur,Takeaway,UPI,P008,Chicken Dominator,Chicken,M,1,319,15.95,0
10107,2025-11-26,20:52:00,1066,11,Bilaspur,Takeaway,UPI,P001,Margherita,Classic,S,1,179,17.9,0
10107,2025-11-26,20:52:00,1066,11,Bilaspur,Takeaway,UPI,P005,Farmhouse,Veg,L,1,449,0,0
10107,2025-11-26,20:52:00,1066,11,Bilaspur,Takeaway,UPI,P020,Garlic Bread,Sides,M,1,149,0,0
10108,2025-03-12,15:18:00,1433,13,Nagpur,Delivery,UPI,P018,Paneer Makhani,Veg,M,1,299,0,28
10108,2025-03-12,15:18:00,1433,13,Nagpur,Delivery,UPI,P011,Pepper Barbecue Chicken,Chicken,L,1,469,0,62
10108,2025-03-12,15:18:00,1433,13,Nagpur,Delivery,UPI,P010,Pepper Barbecue Chicken,Chicken,M,1,319,0,64
10109,2025-08-13,12:23:00,1347,12,Bilaspur,Delivery,Wallet,P014,Mexican Green Wave,Veg,M,1,299,0,37
10109,2025-08-13,12:23:00,1347,12,Bilaspur,Delivery,Wallet,P015,Mexican Green Wave,Veg,L,1,449,44.9,30
10109,2025-08-13,12:23:00,1347,12,Bilaspur,Delivery,Wallet,P004,Farmhouse,Veg,M,1,299,14.95,61
10110,2025-10-20,22:29:00,1394,5,Bhilai,Takeaway,Wallet,P016,Cheese Burst,Specialty,M,1,324,0,0
10110,2025-10-20,22:29:00,1394,5,Bhilai,Takeaway,Wallet,P015,Mexican Green Wave,Veg,L,1,449,22.45,0
10111,2025-01-27,19:55:00,1191,9,Durg,Dine-in,UPI,P002,Margherita,Classic,M,1,299,0,0
10111,2025-01-27,19:55:00,1191,9,Durg,Dine-in,UPI,P003,Margherita,Classic,L,1,449,44.9,0
10111,2025-01-27,19:55:00,1191,9,Durg,Dine-in,UPI,P007,Peppy Paneer,Veg,L,1,449,0,0
10112,2025-04-24,20:56:00,1179,15,Nagpur,Delivery,UPI,P008,Chicken Dominator,Chicken,M,1,319,0,38
10112,2025-04-24,20:56:00,1179,15,Nagpur,Delivery,UPI,P004,Farmhouse,Veg,M,1,299,0,63
10112,2025-04-24,20:56:00,1179,15,Nagpur,Delivery,UPI,P020,Garlic Bread,Sides,M,1,149,7.45,27
10112,2025-04-24,20:56:00,1179,15,Nagpur,Delivery,UPI,P006,Peppy Paneer,Veg,M,1,299,0,20
10113,2025-05-27,21:30:00,1357,14,Nagpur,Delivery,Wallet,P010,Pepper Barbecue Chicken,Chicken,M,1,319,0,53
10113,2025-05-27,21:30:00,1357,14,Nagpur,Delivery,Wallet,P019,Paneer Makhani,Veg,L,1,449,44.9,25
10113,2025-05-27,21:30:00,1357,14,Nagpur,Delivery,Wallet,P001,Margherita,Classic,S,1,179,8.95,33
10113,2025-05-27,21:30:00,1357,14,Nagpur,Delivery,Wallet,P003,Margherita,Classic,L,1,449,22.45,25
10114,2025-01-25,16:40:00,1407,10,Bilaspur,Delivery,UPI,P010,Pepper Barbecue Chicken,Chicken,M,1,319,0,36
10114,2025-01-25,16:40:00,1407,10,Bilaspur,Delivery,UPI,P001,Margherita,Classic,S,1,179,17.9,18
10114,2025-01-25,16:40:00,1407,10,Bilaspur,Delivery,UPI,P008,Chicken Dominator,Chicken,M,1,319,15.95,33
10114,2025-01-25,16:40:00,1407,10,Bilaspur,Delivery,UPI,P004,Farmhouse,Veg,M,1,299,29.9,29
10115,2025-12-07,19:33:00,1185,2,Raipur,Dine-in,UPI,P018,Paneer Makhani,Veg,M,1,299,0,0
10115,2025-12-07,19:33:00,1185,2,Raipur,Dine-in,UPI,P001,Margherita,Classic,S,1,179,8.95,0
10115,2025-12-07,19:33:00,1185,2,Raipur,Dine-in,UPI,P006,Peppy Paneer,Veg,M,2,299,0,0
10116,2025-06-26,16:42:00,1322,2,Raipur,Takeaway,Cash,P001,Margherita,Classic,S,1,179,0,0
10116,2025-06-26,16:42:00,1322,2,Raipur,Takeaway,Cash,P009,Chicken Dominator,Chicken,L,1,469,46.9,0
10117,2025-12-23,18:11:00,1416,3,Raipur,Delivery,Wallet,P005,Farmhouse,Veg,L,1,449,0,30
10118,2025-01-22,17:19:00,1264,7,Durg,Dine-in,Wallet,P001,Margherita,Classic,S,1,179,0,0
10118,2025-01-22,17:19:00,1264,7,Durg,Dine-in,Wallet,P011,Pepper Barbecue Chicken,Chicken,L,1,469,23.45,0
10118,2025-01-22,17:19:00,1264,7,Durg,Dine-in,Wallet,P004,Farmhouse,Veg,M,1,299,14.95,0
10119,2025-03-05,20:27:00,1205,12,Bilaspur,Delivery,Wallet,P020,Garlic Bread,Sides,M,1,149,7.45,23
10119,2025-03-05,20:27:00,1205,12,Bilaspur,Delivery,Wallet,P008,Chicken Dominator,Chicken,M,2,319,63.8,23
10120,2025-08-09,19:52:00,1093,9,Durg,Delivery,UPI,P005,Farmhouse,Veg,L,1,449,22.45,37
10121,2025-08-17,19:27:00,1086,12,Bilaspur,Delivery,Wallet,P013,Veg Extravaganza,Premium Veg,L,1,479,23.95,57
10122,2025-08-11,16:50:00,1030,2,Raipur,Takeaway,Wallet,P008,Chicken Dominator,Chicken,M,1,319,0,0
10122,2025-08-11,16:50:00,1030,2,Raipur,Takeaway,Wallet,P014,Mexican Green Wave,Veg,M,1,299,0,0
10122,2025-08-11,16:50:00,1030,2,Raipur,Takeaway,Wallet,P003,Margherita,Classic,L,1,449,44.9,0
10123,2025-01-18,14:15:00,1399,11,Bilaspur,Delivery,Wallet,P010,Pepper Barbecue Chicken,Chicken,M,1,319,31.9,41
10124,2025-07-10,18:04:00,1294,3,Raipur,Delivery,Wallet,P011,Pepper Barbecue Chicken,Chicken,L,1,469,0,49
10124,2025-07-10,18:04:00,1294,3,Raipur,Delivery,Wallet,P004,Farmhouse,Veg,M,1,299,29.9,53
10124,2025-07-10,18:04:00,1294,3,Raipur,Delivery,Wallet,P002,Margherita,Classic,M,1,299,0,34
10125,2025-05-14,19:13:00,1314,5,Bhilai,Takeaway,Wallet,P002,Margherita,Classic,M,1,299,29.9,0
10125,2025-05-14,19:13:00,1314,5,Bhilai,Takeaway,Wallet,P017,Cheese Burst,Specialty,L,1,474,0,0
10126,2025-08-16,22:51:00,1350,14,Nagpur,Dine-in,Cash,P009,Chicken Dominator,Chicken,L,1,469,23.45,0
10127,2025-06-03,21:45:00,1364,15,Nagpur,Takeaway,Card,P008,Chicken Dominator,Chicken,M,1,319,0,0
10127,2025-06-03,21:45:00,1364,15,Nagpur,Takeaway,Card,P002,Margherita,Classic,M,1,299,0,0
10127,2025-06-03,21:45:00,1364,15,Nagpur,Takeaway,Card,P003,Margherita,Classic,L,1,449,44.9,0
10128,2025-01-14,17:36:00,1189,8,Durg,Takeaway,Card,P001,Margherita,Classic,S,1,179,17.9,0
10129,2025-09-03,18:49:00,1210,14,Nagpur,Delivery,Card,P011,Pepper Barbecue Chicken,Chicken,L,1,469,23.45,26
10129,2025-09-03,18:49:00,1210,14,Nagpur,Delivery,Card,P007,Peppy Paneer,Veg,L,1,449,0,26
10129,2025-09-03,18:49:00,1210,14,Nagpur,Delivery,Card,P012,Veg Extravaganza,Premium Veg,M,1,329,32.9,50
10130,2025-01-29,21:33:00,1079,5,Bhilai,Delivery,Cash,P005,Farmhouse,Veg,L,1,449,22.45,23
10130,2025-01-29,21:33:00,1079,5,Bhilai,Delivery,Cash,P019,Paneer Makhani,Veg,L,1,449,22.45,30
10131,2025-11-22,22:17:00,1065,11,Bilaspur,Delivery,UPI,P010,Pepper Barbecue Chicken,Chicken,M,2,319,0,60
10132,2025-11-16,20:38:00,1173,14,Nagpur,Dine-in,UPI,P002,Margherita,Classic,M,1,299,14.95,0
10133,2025-11-30,16:36:00,1214,10,Bilaspur,Delivery,Wallet,P011,Pepper Barbecue Chicken,Chicken,L,1,469,46.9,37
10133,2025-11-30,16:36:00,1214,10,Bilaspur,Delivery,Wallet,P005,Farmhouse,Veg,L,1,449,44.9,22
10133,2025-11-30,16:36:00,1214,10,Bilaspur,Delivery,Wallet,P004,Farmhouse,Veg,M,1,299,0,28
10134,2025-08-14,17:29:00,1105,6,Bhilai,Delivery,Cash,P013,Veg Extravaganza,Premium Veg,L,1,479,0,41
10134,2025-08-14,17:29:00,1105,6,Bhilai,Delivery,Cash,P017,Cheese Burst,Specialty,L,1,474,0,38
10134,2025-08-14,17:29:00,1105,6,Bhilai,Delivery,Cash,P020,Garlic Bread,Sides,M,1,149,0,47
10135,2025-03-04,16:15:00,1073,2,Raipur,Delivery,Wallet,P004,Farmhouse,Veg,M,1,299,14.95,30
10135,2025-03-04,16:15:00,1073,2,Raipur,Delivery,Wallet,P017,Cheese Burst,Specialty,L,1,474,0,49
10135,2025-03-04,16:15:00,1073,2,Raipur,Delivery,Wallet,P003,Margherita,Classic,L,1,449,44.9,49
10135,2025-03-04,16:15:00,1073,2,Raipur,Delivery,Wallet,P005,Farmhouse,Veg,L,1,449,22.45,49
10136,2025-01-12,14:25:00,1259,8,Durg,Dine-in,Card,P001,Margherita,Classic,S,1,179,17.9,0
10136,2025-01-12,14:25:00,1259,8,Durg,Dine-in,Card,P004,Farmhouse,Veg,M,1,299,14.95,0
10136,2025-01-12,14:25:00,1259,8,Durg,Dine-in,Card,P010,Pepper Barbecue Chicken,Chicken,M,1,319,0,0
10137,2025-02-25,18:56:00,1136,12,Bilaspur,Delivery,Wallet,P001,Margherita,Classic,S,2,179,17.9,53
10137,2025-02-25,18:56:00,1136,12,Bilaspur,Delivery,Wallet,P009,Chicken Dominator,Chicken,L,1,469,23.45,22
10138,2025-07-17,18:48:00,1282,5,Bhilai,Takeaway,UPI,P020,Garlic Bread,Sides,M,1,149,7.45,0
10138,2025-07-17,18:48:00,1282,5,Bhilai,Takeaway,UPI,P006,Peppy Paneer,Veg,M,1,299,14.95,0
10139,2025-03-15,15:32:00,1206,9,Durg,Delivery,UPI,P013,Veg Extravaganza,Premium Veg,L,1,479,47.9,27
10139,2025-03-15,15:32:00,1206,9,Durg,Delivery,UPI,P015,Mexican Green Wave,Veg,L,1,449,0,38
10140,2025-11-10,17:25:00,1316,12,Bilaspur,Takeaway,Cash,P013,Veg Extravaganza,Premium Veg,L,1,479,0,0
10140,2025-11-10,17:25:00,1316,12,Bilaspur,Takeaway,Cash,P005,Farmhouse,Veg,L,1,449,44.9,0
10140,2025-11-10,17:25:00,1316,12,Bilaspur,Takeaway,Cash,P016,Cheese Burst,Specialty,M,1,324,16.2,0
10140,2025-11-10,17:25:00,1316,12,Bilaspur,Takeaway,Cash,P006,Peppy Paneer,Veg,M,1,299,0,0
10141,2025-11-02,18:41:00,1401,13,Nagpur,Delivery,Card,P010,Pepper Barbecue Chicken,Chicken,M,1,319,0,51
10142,2025-11-19,20:49:00,1431,7,Durg,Delivery,Card,P009,Chicken Dominator,Chicken,L,1,469,0,30
10143,2025-01-10,18:26:00,1078,7,Durg,Takeaway,Wallet,P018,Paneer Makhani,Veg,M,1,299,0,0
10143,2025-01-10,18:26:00,1078,7,Durg,Takeaway,Wallet,P014,Mexican Green Wave,Veg,M,1,299,14.95,0
10143,2025-01-10,18:26:00,1078,7,Durg,Takeaway,Wallet,P001,Margherita,Classic,S,1,179,17.9,0
10143,2025-01-10,18:26:00,1078,7,Durg,Takeaway,Wallet,P002,Margherita,Classic,M,1,299,29.9,0
10144,2025-06-10,22:29:00,1273,6,Bhilai,Delivery,Cash,P003,Margherita,Classic,L,1,449,22.45,36
10144,2025-06-10,22:29:00,1273,6,Bhilai,Delivery,Cash,P004,Farmhouse,Veg,M,2,299,0,62
10144,2025-06-10,22:29:00,1273,6,Bhilai,Delivery,Cash,P009,Chicken Dominator,Chicken,L,1,469,46.9,38
10145,2025-09-03,17:59:00,1408,12,Bilaspur,Delivery,UPI,P018,Paneer Makhani,Veg,M,1,299,0,36
10145,2025-09-03,17:59:00,1408,12,Bilaspur,Delivery,UPI,P006,Peppy Paneer,Veg,M,1,299,0,36
10145,2025-09-03,17:59:00,1408,12,Bilaspur,Delivery,UPI,P005,Farmhouse,Veg,L,1,449,0,40
10145,2025-09-03,17:59:00,1408,12,Bilaspur,Delivery,UPI,P015,Mexican Green Wave,Veg,L,1,449,44.9,59
10146,2025-05-12,20:13:00,1104,14,Nagpur,Delivery,Cash,P002,Margherita,Classic,M,1,299,0,33
10146,2025-05-12,20:13:00,1104,14,Nagpur,Delivery,Cash,P014,Mexican Green Wave,Veg,M,1,299,0,60
10147,2025-09-29,16:14:00,1027,2,Raipur,Delivery,Wallet,P012,Veg Extravaganza,Premium Veg,M,1,329,0,18
10148,2025-10-09,22:10:00,1209,11,Bilaspur,Dine-in,Wallet,P011,Pepper Barbecue Chicken,Chicken,L,1,469,0,0
10148,2025-10-09,22:10:00,1209,11,Bilaspur,Dine-in,Wallet,P014,Mexican Green Wave,Veg,M,1,299,0,0
10148,2025-10-09,22:10:00,1209,11,Bilaspur,Dine-in,Wallet,P005,Farmhouse,Veg,L,1,449,0,0
10148,2025-10-09,22:10:00,1209,11,Bilaspur,Dine-in,Wallet,P004,Farmhouse,Veg,M,1,299,0,0
10149,2025-03-31,17:53:00,1091,15,Nagpur,Dine-in,Wallet,P003,Margherita,Classic,L,1,449,0,0
10149,2025-03-31,17:53:00,1091,15,Nagpur,Dine-in,Wallet,P014,Mexican Green Wave,Veg,M,1,299,0,0
10149,2025-03-31,17:53:00,1091,15,Nagpur,Dine-in,Wallet,P018,Paneer Makhani,Veg,M,1,299,14.95,0
10149,2025-03-31,17:53:00,1091,15,Nagpur,Dine-in,Wallet,P005,Farmhouse,Veg,L,1,449,0,0
10150,2025-06-21,16:41:00,1279,9,Durg,Delivery,Card,P004,Farmhouse,Veg,M,1,299,14.95,63
10150,2025-06-21,16:41:00,1279,9,Durg,Delivery,Card,P015,Mexican Green Wave,Veg,L,1,449,0,18
10150,2025-06-21,16:41:00,1279,9,Durg,Delivery,Card,P005,Farmhouse,Veg,L,1,449,22.45,36
10150,2025-06-21,16:41:00,1279,9,Durg,Delivery,Card,P013,Veg Extravaganza,Premium Veg,L,1,479,0,29
10151,2025-11-09,21:57:00,1208,14,Nagpur,Delivery,Cash,P006,Peppy Paneer,Veg,M,1,299,0,29
10152,2025-03-13,18:59:00,1128,1,Raipur,Delivery,Card,P014,Mexican Green Wave,Veg,M,1,299,0,34
10152,2025-03-13,18:59:00,1128,1,Raipur,Delivery,Card,P020,Garlic Bread,Sides,M,1,149,7.45,62
10152,2025-03-13,18:59:00,1128,1,Raipur,Delivery,Card,P005,Farmhouse,Veg,L,1,449,0,21
10152,2025-03-13,18:59:00,1128,1,Raipur,Delivery,Card,P013,Veg Extravaganza,Premium Veg,L,1,479,0,47
10153,2025-06-07,15:43:00,1258,15,Nagpur,Takeaway,Cash,P011,Pepper Barbecue Chicken,Chicken,L,1,469,23.45,0
10154,2025-07-08,19:14:00,1069,8,Durg,Delivery,Cash,P013,Veg Extravaganza,Premium Veg,L,1,479,0,33
10154,2025-07-08,19:14:00,1069,8,Durg,Delivery,Cash,P019,Paneer Makhani,Veg,L,1,449,0,51
10154,2025-07-08,19:14:00,1069,8,Durg,Delivery,Cash,P014,Mexican Green Wave,Veg,M,1,299,29.9,51
10154,2025-07-08,19:14:00,1069,8,Durg,Delivery,Cash,P015,Mexican Green Wave,Veg,L,1,449,22.45,22
10155,2025-10-16,14:53:00,1281,15,Nagpur,Delivery,Card,P005,Farmhouse,Veg,L,1,449,0,61
10155,2025-10-16,14:53:00,1281,15,Nagpur,Delivery,Card,P008,Chicken Dominator,Chicken,M,1,319,0,63
10156,2025-10-26,18:57:00,1262,8,Durg,Takeaway,Wallet,P008,Chicken Dominator,Chicken,M,1,319,0,0
10156,2025-10-26,18:57:00,1262,8,Durg,Takeaway,Wallet,P007,Peppy Paneer,Veg,L,1,449,44.9,0
10157,2025-12-11,20:46:00,1012,7,Durg,Delivery,UPI,P010,Pepper Barbecue Chicken,Chicken,M,1,319,15.95,62
10157,2025-12-11,20:46:00,1012,7,Durg,Delivery,UPI,P001,Margherita,Classic,S,1,179,0,52
10158,2025-01-31,22:04:00,1242,1,Raipur,Delivery,Card,P014,Mexican Green Wave,Veg,M,1,299,29.9,41
10158,2025-01-31,22:04:00,1242,1,Raipur,Delivery,Card,P020,Garlic Bread,Sides,M,1,149,14.9,46
10159,2025-07-13,17:43:00,1339,14,Nagpur,Delivery,Cash,P003,Margherita,Classic,L,1,449,44.9,51
10160,2025-03-07,20:14:00,1428,1,Raipur,Takeaway,Cash,P012,Veg Extravaganza,Premium Veg,M,1,329,0,0
10160,2025-03-07,20:14:00,1428,1,Raipur,Takeaway,Cash,P009,Chicken Dominator,Chicken,L,2,469,93.8,0
10160,2025-03-07,20:14:00,1428,1,Raipur,Takeaway,Cash,P016,Cheese Burst,Specialty,M,1,324,16.2,0
10161,2025-03-21,16:59:00,1449,12,Bilaspur,Takeaway,UPI,P010,Pepper Barbecue Chicken,Chicken,M,1,319,0,0
10161,2025-03-21,16:59:00,1449,12,Bilaspur,Takeaway,UPI,P019,Paneer Makhani,Veg,L,1,449,0,0
10161,2025-03-21,16:59:00,1449,12,Bilaspur,Takeaway,UPI,P018,Paneer Makhani,Veg,M,1,299,0,0
10161,2025-03-21,16:59:00,1449,12,Bilaspur,Takeaway,UPI,P004,Farmhouse,Veg,M,1,299,29.9,0
10162,2025-11-03,19:55:00,1025,4,Bhilai,Takeaway,Wallet,P004,Farmhouse,Veg,M,1,299,14.95,0
10162,2025-11-03,19:55:00,1025,4,Bhilai,Takeaway,Wallet,P003,Margherita,Classic,L,1,449,0,0
10162,2025-11-03,19:55:00,1025,4,Bhilai,Takeaway,Wallet,P017,Cheese Burst,Specialty,L,1,474,23.7,0
10162,2025-11-03,19:55:00,1025,4,Bhilai,Takeaway,Wallet,P001,Margherita,Classic,S,1,179,8.95,0
10163,2025-05-02,17:09:00,1339,9,Durg,Delivery,Cash,P001,Margherita,Classic,S,1,179,0,58
10163,2025-05-02,17:09:00,1339,9,Durg,Delivery,Cash,P020,Garlic Bread,Sides,M,1,149,14.9,53
10163,2025-05-02,17:09:00,1339,9,Durg,Delivery,Cash,P018,Paneer Makhani,Veg,M,1,299,29.9,21
10164,2025-06-26,22:42:00,1196,13,Nagpur,Delivery,Wallet,P003,Margherita,Classic,L,1,449,0,37
10164,2025-06-26,22:42:00,1196,13,Nagpur,Delivery,Wallet,P006,Peppy Paneer,Veg,M,1,299,0,47
10164,2025-06-26,22:42:00,1196,13,Nagpur,Delivery,Wallet,P014,Mexican Green Wave,Veg,M,1,299,0,53
10164,2025-06-26,22:42:00,1196,13,Nagpur,Delivery,Wallet,P008,Chicken Dominator,Chicken,M,1,319,31.9,44
10165,2025-10-13,18:24:00,1125,5,Bhilai,Delivery,UPI,P017,Cheese Burst,Specialty,L,1,474,23.7,42
10165,2025-10-13,18:24:00,1125,5,Bhilai,Delivery,UPI,P002,Margherita,Classic,M,1,299,0,22
10165,2025-10-13,18:24:00,1125,5,Bhilai,Delivery,UPI,P013,Veg Extravaganza,Premium Veg,L,1,479,0,55
10165,2025-10-13,18:24:00,1125,5,Bhilai,Delivery,UPI,P003,Margherita,Classic,L,1,449,0,48
10166,2025-04-17,21:21:00,1156,15,Nagpur,Delivery,Card,P014,Mexican Green Wave,Veg,M,1,299,29.9,33
10167,2025-12-23,19:13:00,1204,15,Nagpur,Delivery,Cash,P006,Peppy Paneer,Veg,M,2,299,29.9,41
10167,2025-12-23,19:13:00,1204,15,Nagpur,Delivery,Cash,P009,Chicken Dominator,Chicken,L,1,469,46.9,47
10168,2025-02-20,20:46:00,1241,13,Nagpur,Takeaway,Card,P005,Farmhouse,Veg,L,1,449,0,0
10168,2025-02-20,20:46:00,1241,13,Nagpur,Takeaway,Card,P001,Margherita,Classic,S,1,179,0,0
10168,2025-02-20,20:46:00,1241,13,Nagpur,Takeaway,Card,P017,Cheese Burst,Specialty,L,1,474,23.7,0
10169,2025-10-11,22:37:00,1369,7,Durg,Delivery,Card,P004,Farmhouse,Veg,M,2,299,29.9,34
10169,2025-10-11,22:37:00,1369,7,Durg,Delivery,Card,P009,Chicken Dominator,Chicken,L,1,469,46.9,64
10170,2025-11-25,20:29:00,1087,12,Bilaspur,Takeaway,Card,P013,Veg Extravaganza,Premium Veg,L,1,479,0,0
10170,2025-11-25,20:29:00,1087,12,Bilaspur,Takeaway,Card,P008,Chicken Dominator,Chicken,M,1,319,0,0
10171,2025-02-08,22:42:00,1025,13,Nagpur,Delivery,Card,P001,Margherita,Classic,S,1,179,0,50
10171,2025-02-08,22:42:00,1025,13,Nagpur,Delivery,Card,P003,Margherita,Classic,L,1,449,44.9,41
10172,2025-01-31,19:42:00,1316,15,Nagpur,Delivery,Wallet,P001,Margherita,Classic,S,1,179,17.9,18
10173,2025-01-09,18:17:00,1275,5,Bhilai,Delivery,Wallet,P002,Margherita,Classic,M,2,299,0,33
10174,2025-04-09,19:16:00,1418,6,Bhilai,Delivery,Wallet,P006,Peppy Paneer,Veg,M,1,299,29.9,47
10175,2025-10-17,16:44:00,1116,5,Bhilai,Takeaway,UPI,P002,Margherita,Classic,M,1,299,29.9,0
10176,2025-07-13,18:03:00,1327,1,Raipur,Takeaway,UPI,P017,Cheese Burst,Specialty,L,1,474,0,0
10176,2025-07-13,18:03:00,1327,1,Raipur,Takeaway,UPI,P011,Pepper Barbecue Chicken,Chicken,L,1,469,0,0
10176,2025-07-13,18:03:00,1327,1,Raipur,Takeaway,UPI,P005,Farmhouse,Veg,L,1,449,0,0
10176,2025-07-13,18:03:00,1327,1,Raipur,Takeaway,UPI,P020,Garlic Bread,Sides,M,1,149,0,0
10177,2025-12-21,21:30:00,1139,1,Raipur,Dine-in,Cash,P003,Margherita,Classic,L,1,449,22.45,0
10178,2025-01-09,22:37:00,1074,13,Nagpur,Takeaway,Wallet,P005,Farmhouse,Veg,L,1,449,0,0
10179,2025-10-18,21:24:00,1347,15,Nagpur,Delivery,Wallet,P015,Mexican Green Wave,Veg,L,1,449,0,50
10179,2025-10-18,21:24:00,1347,15,Nagpur,Delivery,Wallet,P012,Veg Extravaganza,Premium Veg,M,1,329,16.45,21
10180,2025-02-20,18:53:00,1039,6,Bhilai,Delivery,Wallet,P001,Margherita,Classic,S,1,179,17.9,32
10180,2025-02-20,18:53:00,1039,6,Bhilai,Delivery,Wallet,P004,Farmhouse,Veg,M,1,299,14.95,53
10180,2025-02-20,18:53:00,1039,6,Bhilai,Delivery,Wallet,P020,Garlic Bread,Sides,M,1,149,14.9,45
10181,2025-04-06,19:42:00,1195,2,Raipur,Takeaway,Cash,P013,Veg Extravaganza,Premium Veg,L,1,479,0,0
10181,2025-04-06,19:42:00,1195,2,Raipur,Takeaway,Cash,P002,Margherita,Classic,M,1,299,29.9,0
10182,2025-12-31,20:09:00,1379,7,Durg,Delivery,UPI,P001,Margherita,Classic,S,1,179,8.95,46
10183,2025-07-04,20:06:00,1068,2,Raipur,Delivery,Wallet,P002,Margherita,Classic,M,2,299,29.9,42
10183,2025-07-04,20:06:00,1068,2,Raipur,Delivery,Wallet,P009,Chicken Dominator,Chicken,L,1,469,0,36
10183,2025-07-04,20:06:00,1068,2,Raipur,Delivery,Wallet,P010,Pepper Barbecue Chicken,Chicken,M,1,319,31.9,42
10184,2025-02-13,20:35:00,1125,10,Bilaspur,Delivery,Wallet,P002,Margherita,Classic,M,1,299,29.9,27
10184,2025-02-13,20:35:00,1125,10,Bilaspur,Delivery,Wallet,P005,Farmhouse,Veg,L,1,449,0,28
10185,2025-08-11,16:19:00,1248,13,Nagpur,Delivery,Cash,P013,Veg Extravaganza,Premium Veg,L,1,479,0,47
10185,2025-08-11,16:19:00,1248,13,Nagpur,Delivery,Cash,P008,Chicken Dominator,Chicken,M,1,319,0,26
10186,2025-06-05,10:25:00,1171,14,Nagpur,Delivery,Cash,P005,Farmhouse,Veg,L,1,449,0,37
10186,2025-06-05,10:25:00,1171,14,Nagpur,Delivery,Cash,P016,Cheese Burst,Specialty,M,1,324,16.2,56
10186,2025-06-05,10:25:00,1171,14,Nagpur,Delivery,Cash,P017,Cheese Burst,Specialty,L,1,474,0,48
10186,2025-06-05,10:25:00,1171,14,Nagpur,Delivery,Cash,P020,Garlic Bread,Sides,M,1,149,7.45,29
10187,2025-07-23,22:18:00,1377,12,Bilaspur,Delivery,Card,P006,Peppy Paneer,Veg,M,2,299,0,54
10187,2025-07-23,22:18:00,1377,12,Bilaspur,Delivery,Card,P016,Cheese Burst,Specialty,M,1,324,0,55
10188,2025-10-07,15:49:00,1282,1,Raipur,Dine-in,Wallet,P007,Peppy Paneer,Veg,L,1,449,0,0
10188,2025-10-07,15:49:00,1282,1,Raipur,Dine-in,Wallet,P005,Farmhouse,Veg,L,1,449,44.9,0
10189,2025-12-11,18:40:00,1156,4,Bhilai,Delivery,Card,P015,Mexican Green Wave,Veg,L,1,449,44.9,52
10189,2025-12-11,18:40:00,1156,4,Bhilai,Delivery,Card,P002,Margherita,Classic,M,1,299,29.9,52
10189,2025-12-11,18:40:00,1156,4,Bhilai,Delivery,Card,P020,Garlic Bread,Sides,M,1,149,0,41
10189,2025-12-11,18:40:00,1156,4,Bhilai,Delivery,Card,P008,Chicken Dominator,Chicken,M,1,319,0,24
10190,2025-05-08,19:22:00,1086,11,Bilaspur,Delivery,Wallet,P020,Garlic Bread,Sides,M,1,149,7.45,32
10190,2025-05-08,19:22:00,1086,11,Bilaspur,Delivery,Wallet,P007,Peppy Paneer,Veg,L,1,449,0,46
10190,2025-05-08,19:22:00,1086,11,Bilaspur,Delivery,Wallet,P001,Margherita,Classic,S,1,179,8.95,43
10191,2025-08-26,20:37:00,1354,9,Durg,Delivery,UPI,P002,Margherita,Classic,M,2,299,0,40
10191,2025-08-26,20:37:00,1354,9,Durg,Delivery,UPI,P007,Peppy Paneer,Veg,L,1,449,22.45,39
10191,2025-08-26,20:37:00,1354,9,Durg,Delivery,UPI,P020,Garlic Bread,Sides,M,1,149,14.9,31
10192,2025-09-24,18:30:00,1050,8,Durg,Takeaway,Wallet,P001,Margherita,Classic,S,2,179,0,0
10192,2025-09-24,18:30:00,1050,8,Durg,Takeaway,Wallet,P013,Veg Extravaganza,Premium Veg,L,1,479,23.95,0
10193,2025-11-28,14:51:00,1085,15,Nagpur,Dine-in,Card,P009,Chicken Dominator,Chicken,L,1,469,46.9,0
10193,2025-11-28,14:51:00,1085,15,Nagpur,Dine-in,Card,P005,Farmhouse,Veg,L,1,449,44.9,0
10194,2025-04-29,20:40:00,1095,3,Raipur,Delivery,Wallet,P001,Margherita,Classic,S,1,179,17.9,18
10194,2025-04-29,20:40:00,1095,3,Raipur,Delivery,Wallet,P010,Pepper Barbecue Chicken,Chicken,M,2,319,0,31
10194,2025-04-29,20:40:00,1095,3,Raipur,Delivery,Wallet,P003,Margherita,Classic,L,1,449,22.45,63
10195,2025-02-02,19:51:00,1447,9,Durg,Delivery,Cash,P007,Peppy Paneer,Veg,L,1,449,44.9,51
10195,2025-02-02,19:51:00,1447,9,Durg,Delivery,Cash,P004,Farmhouse,Veg,M,1,299,14.95,56
10196,2025-07-18,19:37:00,1059,6,Bhilai,Delivery,Wallet,P016,Cheese Burst,Specialty,M,1,324,16.2,57
10196,2025-07-18,19:37:00,1059,6,Bhilai,Delivery,Wallet,P013,Veg Extravaganza,Premium Veg,L,1,479,0,61
10197,2025-03-10,17:15:00,1157,2,Raipur,Delivery,Card,P007,Peppy Paneer,Veg,L,1,449,0,53
10197,2025-03-10,17:15:00,1157,2,Raipur,Delivery,Card,P002,Margherita,Classic,M,1,299,0,49
10197,2025-03-10,17:15:00,1157,2,Raipur,Delivery,Card,P006,Peppy Paneer,Veg,M,1,299,14.95,26
10197,2025-03-10,17:15:00,1157,2,Raipur,Delivery,Card,P003,Margherita,Classic,L,1,449,0,38
10198,2025-08-19,19:55:00,1184,1,Raipur,Delivery,Card,P020,Garlic Bread,Sides,M,1,149,14.9,63
10198,2025-08-19,19:55:00,1184,1,Raipur,Delivery,Card,P008,Chicken Dominator,Chicken,M,2,319,63.8,49
10198,2025-08-19,19:55:00,1184,1,Raipur,Delivery,Card,P012,Veg Extravaganza,Premium Veg,M,1,329,0,23
10199,2025-10-17,12:48:00,1113,5,Bhilai,Delivery,Card,P003,Margherita,Classic,L,1,449,44.9,53
10199,2025-10-17,12:48:00,1113,5,Bhilai,Delivery,Card,P007,Peppy Paneer,Veg,L,1,449,0,54
10199,2025-10-17,12:48:00,1113,5,Bhilai,Delivery,Card,P014,Mexican Green Wave,Veg,M,1,299,0,35
10200,2025-10-06,20:23:00,1278,14,Nagpur,Takeaway,Wallet,P020,Garlic Bread,Sides,M,1,149,0,0
10200,2025-10-06,20:23:00,1278,14,Nagpur,Takeaway,Wallet,P002,Margherita,Classic,M,1,299,14.95,0
10201,2025-01-17,18:22:00,1442,14,Nagpur,Delivery,UPI,P003,Margherita,Classic,L,1,449,22.45,63
10201,2025-01-17,18:22:00,1442,14,Nagpur,Delivery,UPI,P014,Mexican Green Wave,Veg,M,1,299,29.9,28
10202,2025-11-12,15:13:00,1417,4,Bhilai,Takeaway,Cash,P010,Pepper Barbecue Chicken,Chicken,M,1,319,15.95,0
10202,2025-11-12,15:13:00,1417,4,Bhilai,Takeaway,Cash,P003,Margherita,Classic,L,1,449,22.45,0
10202,2025-11-12,15:13:00,1417,4,Bhilai,Takeaway,Cash,P020,Garlic Bread,Sides,M,1,149,7.45,0
10203,2025-09-21,22:43:00,1418,2,Raipur,Delivery,Wallet,P020,Garlic Bread,Sides,M,1,149,0,62
10204,2025-03-09,16:45:00,1165,14,Nagpur,Delivery,Wallet,P002,Margherita,Classic,M,1,299,0,58
10204,2025-03-09,16:45:00,1165,14,Nagpur,Delivery,Wallet,P011,Pepper Barbecue Chicken,Chicken,L,2,469,0,43
10204,2025-03-09,16:45:00,1165,14,Nagpur,Delivery,Wallet,P006,Peppy Paneer,Veg,M,1,299,14.95,62
10205,2025-07-08,18:31:00,1168,10,Bilaspur,Delivery,UPI,P011,Pepper Barbecue Chicken,Chicken,L,1,469,46.9,31
10205,2025-07-08,18:31:00,1168,10,Bilaspur,Delivery,UPI,P012,Veg Extravaganza,Premium Veg,M,1,329,32.9,31
10205,2025-07-08,18:31:00,1168,10,Bilaspur,Delivery,UPI,P017,Cheese Burst,Specialty,L,1,474,47.4,35
10205,2025-07-08,18:31:00,1168,10,Bilaspur,Delivery,UPI,P015,Mexican Green Wave,Veg,L,1,449,22.45,36
10206,2025-06-22,18:08:00,1290,14,Nagpur,Delivery,Cash,P001,Margherita,Classic,S,1,179,17.9,19
10207,2025-03-05,22:10:00,1226,8,Durg,Delivery,Wallet,P020,Garlic Bread,Sides,M,1,149,7.45,28
10207,2025-03-05,22:10:00,1226,8,Durg,Delivery,Wallet,P019,Paneer Makhani,Veg,L,1,449,22.45,23
10208,2025-12-02,17:05:00,1191,11,Bilaspur,Dine-in,Card,P006,Peppy Paneer,Veg,M,1,299,14.95,0
10209,2025-12-25,20:27:00,1336,2,Raipur,Takeaway,UPI,P008,Chicken Dominator,Chicken,M,1,319,0,0
10209,2025-12-25,20:27:00,1336,2,Raipur,Takeaway,UPI,P002,Margherita,Classic,M,1,299,29.9,0
10210,2025-01-05,10:21:00,1419,2,Raipur,Dine-in,Wallet,P008,Chicken Dominator,Chicken,M,1,319,0,0
10210,2025-01-05,10:21:00,1419,2,Raipur,Dine-in,Wallet,P004,Farmhouse,Veg,M,1,299,0,0
10211,2025-02-22,17:56:00,1154,3,Raipur,Delivery,Card,P001,Margherita,Classic,S,1,179,0,46
10211,2025-02-22,17:56:00,1154,3,Raipur,Delivery,Card,P009,Chicken Dominator,Chicken,L,1,469,23.45,64
10212,2025-04-20,19:09:00,1211,10,Bilaspur,Takeaway,Card,P018,Paneer Makhani,Veg,M,1,299,0,0
10213,2025-03-05,19:24:00,1180,7,Durg,Delivery,Card,P004,Farmhouse,Veg,M,1,299,14.95,62
10213,2025-03-05,19:24:00,1180,7,Durg,Delivery,Card,P002,Margherita,Classic,M,1,299,0,60
10214,2025-06-04,16:38:00,1261,4,Bhilai,Takeaway,Cash,P015,Mexican Green Wave,Veg,L,1,449,0,0
10215,2025-09-11,17:15:00,1256,11,Bilaspur,Delivery,UPI,P019,Paneer Makhani,Veg,L,1,449,44.9,41
10215,2025-09-11,17:15:00,1256,11,Bilaspur,Delivery,UPI,P002,Margherita,Classic,M,1,299,0,48
10215,2025-09-11,17:15:00,1256,11,Bilaspur,Delivery,UPI,P017,Cheese Burst,Specialty,L,1,474,0,19
10216,2025-10-28,13:16:00,1111,1,Raipur,Dine-in,Wallet,P011,Pepper Barbecue Chicken,Chicken,L,1,469,46.9,0
10216,2025-10-28,13:16:00,1111,1,Raipur,Dine-in,Wallet,P008,Chicken Dominator,Chicken,M,1,319,0,0
10216,2025-10-28,13:16:00,1111,1,Raipur,Dine-in,Wallet,P007,Peppy Paneer,Veg,L,1,449,0,0
10217,2025-05-23,13:05:00,1262,15,Nagpur,Delivery,Card,P006,Peppy Paneer,Veg,M,1,299,0,37
10217,2025-05-23,13:05:00,1262,15,Nagpur,Delivery,Card,P011,Pepper Barbecue Chicken,Chicken,L,1,469,46.9,64
10217,2025-05-23,13:05:00,1262,15,Nagpur,Delivery,Card,P016,Cheese Burst,Specialty,M,1,324,0,21
10218,2025-05-06,14:27:00,1060,8,Durg,Delivery,UPI,P012,Veg Extravaganza,Premium Veg,M,1,329,0,63
10218,2025-05-06,14:27:00,1060,8,Durg,Delivery,UPI,P011,Pepper Barbecue Chicken,Chicken,L,1,469,0,62
10218,2025-05-06,14:27:00,1060,8,Durg,Delivery,UPI,P003,Margherita,Classic,L,1,449,0,28
10219,2025-09-12,22:33:00,1265,13,Nagpur,Takeaway,Cash,P006,Peppy Paneer,Veg,M,1,299,14.95,0
10219,2025-09-12,22:33:00,1265,13,Nagpur,Takeaway,Cash,P014,Mexican Green Wave,Veg,M,1,299,0,0
10220,2025-01-16,17:27:00,1140,9,Durg,Delivery,UPI,P007,Peppy Paneer,Veg,L,1,449,22.45,28
10220,2025-01-16,17:27:00,1140,9,Durg,Delivery,UPI,P006,Peppy Paneer,Veg,M,1,299,14.95,24
10220,2025-01-16,17:27:00,1140,9,Durg,Delivery,UPI,P008,Chicken Dominator,Chicken,M,1,319,0,32
10220,2025-01-16,17:27:00,1140,9,Durg,Delivery,UPI,P009,Chicken Dominator,Chicken,L,1,469,0,20
10221,2025-01-07,16:30:00,1187,7,Durg,Dine-in,Card,P009,Chicken Dominator,Chicken,L,1,469,46.9,0
10222,2025-04-25,17:26:00,1369,6,Bhilai,Delivery,UPI,P002,Margherita,Classic,M,1,299,0,51
10222,2025-04-25,17:26:00,1369,6,Bhilai,Delivery,UPI,P012,Veg Extravaganza,Premium Veg,M,1,329,0,43
10222,2025-04-25,17:26:00,1369,6,Bhilai,Delivery,UPI,P001,Margherita,Classic,S,1,179,0,47
10223,2025-05-25,20:19:00,1168,2,Raipur,Delivery,UPI,P003,Margherita,Classic,L,1,449,0,47
10223,2025-05-25,20:19:00,1168,2,Raipur,Delivery,UPI,P009,Chicken Dominator,Chicken,L,1,469,23.45,55
10223,2025-05-25,20:19:00,1168,2,Raipur,Delivery,UPI,P005,Farmhouse,Veg,L,1,449,44.9,30
10224,2025-10-07,20:15:00,1078,1,Raipur,Dine-in,UPI,P009,Chicken Dominator,Chicken,L,1,469,0,0
10224,2025-10-07,20:15:00,1078,1,Raipur,Dine-in,UPI,P011,Pepper Barbecue Chicken,Chicken,L,1,469,23.45,0
10225,2025-01-01,20:24:00,1435,12,Bilaspur,Takeaway,UPI,P009,Chicken Dominator,Chicken,L,1,469,46.9,0
10225,2025-01-01,20:24:00,1435,12,Bilaspur,Takeaway,UPI,P004,Farmhouse,Veg,M,1,299,0,0
10226,2025-03-14,20:05:00,1023,15,Nagpur,Delivery,Wallet,P007,Peppy Paneer,Veg,L,1,449,0,58
10226,2025-03-14,20:05:00,1023,15,Nagpur,Delivery,Wallet,P014,Mexican Green Wave,Veg,M,1,299,29.9,22
10226,2025-03-14,20:05:00,1023,15,Nagpur,Delivery,Wallet,P010,Pepper Barbecue Chicken,Chicken,M,1,319,0,45
10227,2025-12-06,22:15:00,1150,5,Bhilai,Takeaway,Wallet,P005,Farmhouse,Veg,L,1,449,0,0
10227,2025-12-06,22:15:00,1150,5,Bhilai,Takeaway,Wallet,P004,Farmhouse,Veg,M,1,299,0,0
10227,2025-12-06,22:15:00,1150,5,Bhilai,Takeaway,Wallet,P002,Margherita,Classic,M,1,299,0,0
10228,2025-03-21,14:28:00,1239,6,Bhilai,Delivery,Cash,P007,Peppy Paneer,Veg,L,2,449,0,23
10229,2025-03-22,20:19:00,1424,12,Bilaspur,Takeaway,UPI,P016,Cheese Burst,Specialty,M,1,324,0,0
10229,2025-03-22,20:19:00,1424,12,Bilaspur,Takeaway,UPI,P005,Farmhouse,Veg,L,1,449,0,0
10230,2025-07-02,17:03:00,1347,5,Bhilai,Delivery,Card,P020,Garlic Bread,Sides,M,1,149,14.9,53
10231,2025-10-09,16:29:00,1053,13,Nagpur,Takeaway,UPI,P001,Margherita,Classic,S,1,179,0,0
10232,2025-03-08,15:25:00,1191,11,Bilaspur,Delivery,UPI,P019,Paneer Makhani,Veg,L,1,449,0,59
10232,2025-03-08,15:25:00,1191,11,Bilaspur,Delivery,UPI,P002,Margherita,Classic,M,1,299,29.9,26
10232,2025-03-08,15:25:00,1191,11,Bilaspur,Delivery,UPI,P020,Garlic Bread,Sides,M,1,149,0,39
10233,2025-03-04,12:29:00,1026,3,Raipur,Dine-in,Wallet,P008,Chicken Dominator,Chicken,M,1,319,0,0
10233,2025-03-04,12:29:00,1026,3,Raipur,Dine-in,Wallet,P006,Peppy Paneer,Veg,M,2,299,29.9,0
10233,2025-03-04,12:29:00,1026,3,Raipur,Dine-in,Wallet,P007,Peppy Paneer,Veg,L,1,449,22.45,0
10234,2025-08-17,21:02:00,1315,10,Bilaspur,Delivery,Cash,P007,Peppy Paneer,Veg,L,1,449,0,44
10234,2025-08-17,21:02:00,1315,10,Bilaspur,Delivery,Cash,P009,Chicken Dominator,Chicken,L,1,469,0,59
10234,2025-08-17,21:02:00,1315,10,Bilaspur,Delivery,Cash,P001,Margherita,Classic,S,1,179,0,58
10234,2025-08-17,21:02:00,1315,10,Bilaspur,Delivery,Cash,P004,Farmhouse,Veg,M,1,299,0,42
10235,2025-07-03,18:50:00,1249,6,Bhilai,Dine-in,Cash,P004,Farmhouse,Veg,M,1,299,14.95,0
10235,2025-07-03,18:50:00,1249,6,Bhilai,Dine-in,Cash,P001,Margherita,Classic,S,2,179,0,0
10235,2025-07-03,18:50:00,1249,6,Bhilai,Dine-in,Cash,P010,Pepper Barbecue Chicken,Chicken,M,1,319,31.9,0
10236,2025-09-29,17:37:00,1120,3,Raipur,Delivery,Card,P009,Chicken Dominator,Chicken,L,1,469,0,54
10236,2025-09-29,17:37:00,1120,3,Raipur,Delivery,Card,P015,Mexican Green Wave,Veg,L,1,449,44.9,40
10236,2025-09-29,17:37:00,1120,3,Raipur,Delivery,Card,P014,Mexican Green Wave,Veg,M,1,299,0,29
10237,2025-05-02,19:51:00,1378,12,Bilaspur,Delivery,UPI,P020,Garlic Bread,Sides,M,1,149,0,49
10237,2025-05-02,19:51:00,1378,12,Bilaspur,Delivery,UPI,P009,Chicken Dominator,Chicken,L,2,469,46.9,29
10238,2025-09-09,12:03:00,1120,10,Bilaspur,Delivery,Wallet,P005,Farmhouse,Veg,L,1,449,0,26
10239,2025-06-24,20:58:00,1411,14,Nagpur,Takeaway,UPI,P003,Margherita,Classic,L,1,449,0,0
10240,2025-02-26,21:55:00,1187,2,Raipur,Delivery,Wallet,P005,Farmhouse,Veg,L,1,449,22.45,26
10241,2025-03-22,20:27:00,1406,11,Bilaspur,Dine-in,Cash,P013,Veg Extravaganza,Premium Veg,L,1,479,23.95,0
10241,2025-03-22,20:27:00,1406,11,Bilaspur,Dine-in,Cash,P009,Chicken Dominator,Chicken,L,1,469,0,0
10242,2025-12-07,19:11:00,1194,5,Bhilai,Takeaway,Cash,P003,Margherita,Classic,L,1,449,44.9,0
10242,2025-12-07,19:11:00,1194,5,Bhilai,Takeaway,Cash,P001,Margherita,Classic,S,1,179,0,0
10243,2025-04-04,19:58:00,1415,10,Bilaspur,Delivery,UPI,P002,Margherita,Classic,M,1,299,0,58
10243,2025-04-04,19:58:00,1415,10,Bilaspur,Delivery,UPI,P014,Mexican Green Wave,Veg,M,1,299,0,63
10243,2025-04-04,19:58:00,1415,10,Bilaspur,Delivery,UPI,P004,Farmhouse,Veg,M,1,299,14.95,46
10243,2025-04-04,19:58:00,1415,10,Bilaspur,Delivery,UPI,P020,Garlic Bread,Sides,M,1,149,0,34
10244,2025-04-18,16:04:00,1180,5,Bhilai,Takeaway,UPI,P006,Peppy Paneer,Veg,M,1,299,29.9,0
10245,2025-03-27,21:31:00,1194,6,Bhilai,Delivery,UPI,P015,Mexican Green Wave,Veg,L,1,449,44.9,22
10245,2025-03-27,21:31:00,1194,6,Bhilai,Delivery,UPI,P010,Pepper Barbecue Chicken,Chicken,M,1,319,0,36
10245,2025-03-27,21:31:00,1194,6,Bhilai,Delivery,UPI,P014,Mexican Green Wave,Veg,M,1,299,0,38
10245,2025-03-27,21:31:00,1194,6,Bhilai,Delivery,UPI,P004,Farmhouse,Veg,M,1,299,14.95,24
10246,2025-02-07,17:56:00,1193,3,Raipur,Takeaway,UPI,P010,Pepper Barbecue Chicken,Chicken,M,2,319,0,0
10246,2025-02-07,17:56:00,1193,3,Raipur,Takeaway,UPI,P008,Chicken Dominator,Chicken,M,1,319,31.9,0
10247,2025-12-01,15:56:00,1223,3,Raipur,Delivery,Cash,P020,Garlic Bread,Sides,M,1,149,7.45,60
10247,2025-12-01,15:56:00,1223,3,Raipur,Delivery,Cash,P006,Peppy Paneer,Veg,M,1,299,14.95,37
10248,2025-05-02,14:25:00,1293,9,Durg,Takeaway,Card,P006,Peppy Paneer,Veg,M,1,299,29.9,0
10249,2025-02-14,16:42:00,1321,10,Bilaspur,Delivery,UPI,P003,Margherita,Classic,L,1,449,22.45,23
10250,2025-08-31,21:19:00,1402,7,Durg,Delivery,Cash,P011,Pepper Barbecue Chicken,Chicken,L,1,469,46.9,29
10251,2025-07-09,21:23:00,1096,8,Durg,Delivery,Wallet,P004,Farmhouse,Veg,M,1,299,0,23
10251,2025-07-09,21:23:00,1096,8,Durg,Delivery,Wallet,P016,Cheese Burst,Specialty,M,1,324,16.2,52
10251,2025-07-09,21:23:00,1096,8,Durg,Delivery,Wallet,P009,Chicken Dominator,Chicken,L,1,469,46.9,55
10251,2025-07-09,21:23:00,1096,8,Durg,Delivery,Wallet,P003,Margherita,Classic,L,1,449,0,53
10252,2025-02-01,21:52:00,1268,7,Durg,Dine-in,Wallet,P008,Chicken Dominator,Chicken,M,1,319,0,0
10252,2025-02-01,21:52:00,1268,7,Durg,Dine-in,Wallet,P002,Margherita,Classic,M,1,299,0,0
10253,2025-03-03,22:28:00,1089,3,Raipur,Dine-in,Card,P001,Margherita,Classic,S,1,179,17.9,0
10253,2025-03-03,22:28:00,1089,3,Raipur,Dine-in,Card,P002,Margherita,Classic,M,1,299,0,0
10254,2025-11-18,15:38:00,1133,6,Bhilai,Dine-in,UPI,P006,Peppy Paneer,Veg,M,1,299,29.9,0
10255,2025-10-10,17:17:00,1267,8,Durg,Dine-in,UPI,P002,Margherita,Classic,M,1,299,0,0
10255,2025-10-10,17:17:00,1267,8,Durg,Dine-in,UPI,P003,Margherita,Classic,L,1,449,0,0
10255,2025-10-10,17:17:00,1267,8,Durg,Dine-in,UPI,P009,Chicken Dominator,Chicken,L,1,469,0,0
10255,2025-10-10,17:17:00,1267,8,Durg,Dine-in,UPI,P010,Pepper Barbecue Chicken,Chicken,M,1,319,15.95,0
10256,2025-10-02,21:56:00,1211,5,Bhilai,Delivery,Wallet,P001,Margherita,Classic,S,1,179,17.9,20
10256,2025-10-02,21:56:00,1211,5,Bhilai,Delivery,Wallet,P004,Farmhouse,Veg,M,1,299,29.9,39
10256,2025-10-02,21:56:00,1211,5,Bhilai,Delivery,Wallet,P002,Margherita,Classic,M,1,299,0,21
10256,2025-10-02,21:56:00,1211,5,Bhilai,Delivery,Wallet,P010,Pepper Barbecue Chicken,Chicken,M,1,319,31.9,35
10257,2025-07-10,11:52:00,1407,5,Bhilai,Delivery,Wallet,P020,Garlic Bread,Sides,M,1,149,0,26
10258,2025-06-03,22:28:00,1397,14,Nagpur,Delivery,Wallet,P003,Margherita,Classic,L,1,449,0,44
10259,2025-09-06,20:55:00,1192,14,Nagpur,Delivery,Card,P005,Farmhouse,Veg,L,1,449,44.9,26
10260,2025-09-26,21:01:00,1089,4,Bhilai,Takeaway,Card,P004,Farmhouse,Veg,M,1,299,29.9,0
10261,2025-01-26,21:45:00,1102,5,Bhilai,Delivery,Wallet,P011,Pepper Barbecue Chicken,Chicken,L,1,469,46.9,29
10261,2025-01-26,21:45:00,1102,5,Bhilai,Delivery,Wallet,P002,Margherita,Classic,M,1,299,29.9,55
10261,2025-01-26,21:45:00,1102,5,Bhilai,Delivery,Wallet,P001,Margherita,Classic,S,1,179,8.95,40
10261,2025-01-26,21:45:00,1102,5,Bhilai,Delivery,Wallet,P006,Peppy Paneer,Veg,M,1,299,0,34
10262,2025-12-19,14:01:00,1198,1,Raipur,Delivery,Card,P011,Pepper Barbecue Chicken,Chicken,L,1,469,23.45,59
10262,2025-12-19,14:01:00,1198,1,Raipur,Delivery,Card,P012,Veg Extravaganza,Premium Veg,M,1,329,32.9,50
10263,2025-01-11,21:49:00,1350,1,Raipur,Delivery,Card,P010,Pepper Barbecue Chicken,Chicken,M,1,319,15.95,56
10263,2025-01-11,21:49:00,1350,1,Raipur,Delivery,Card,P001,Margherita,Classic,S,1,179,8.95,63
10264,2025-12-30,19:27:00,1193,14,Nagpur,Delivery,Cash,P007,Peppy Paneer,Veg,L,1,449,44.9,55
10264,2025-12-30,19:27:00,1193,14,Nagpur,Delivery,Cash,P012,Veg Extravaganza,Premium Veg,M,1,329,0,18
10265,2025-09-19,22:53:00,1430,6,Bhilai,Delivery,Cash,P012,Veg Extravaganza,Premium Veg,M,1,329,16.45,58
10265,2025-09-19,22:53:00,1430,6,Bhilai,Delivery,Cash,P008,Chicken Dominator,Chicken,M,1,319,15.95,35
10265,2025-09-19,22:53:00,1430,6,Bhilai,Delivery,Cash,P005,Farmhouse,Veg,L,1,449,22.45,59
10266,2025-12-31,22:41:00,1153,4,Bhilai,Delivery,Card,P015,Mexican Green Wave,Veg,L,1,449,44.9,60
10267,2025-06-13,19:46:00,1014,11,Bilaspur,Delivery,Cash,P019,Paneer Makhani,Veg,L,1,449,0,39
10267,2025-06-13,19:46:00,1014,11,Bilaspur,Delivery,Cash,P006,Peppy Paneer,Veg,M,1,299,0,61
10267,2025-06-13,19:46:00,1014,11,Bilaspur,Delivery,Cash,P014,Mexican Green Wave,Veg,M,1,299,29.9,60
10268,2025-07-03,18:54:00,1088,14,Nagpur,Takeaway,Card,P002,Margherita,Classic,M,2,299,0,0
10268,2025-07-03,18:54:00,1088,14,Nagpur,Takeaway,Card,P004,Farmhouse,Veg,M,1,299,14.95,0
10269,2025-12-02,14:22:00,1115,12,Bilaspur,Takeaway,Wallet,P006,Peppy Paneer,Veg,M,1,299,0,0
10269,2025-12-02,14:22:00,1115,12,Bilaspur,Takeaway,Wallet,P010,Pepper Barbecue Chicken,Chicken,M,1,319,31.9,0
10269,2025-12-02,14:22:00,1115,12,Bilaspur,Takeaway,Wallet,P007,Peppy Paneer,Veg,L,1,449,0,0
10270,2025-11-21,19:39:00,1037,8,Durg,Takeaway,UPI,P009,Chicken Dominator,Chicken,L,1,469,0,0
10270,2025-11-21,19:39:00,1037,8,Durg,Takeaway,UPI,P007,Peppy Paneer,Veg,L,1,449,22.45,0
10270,2025-11-21,19:39:00,1037,8,Durg,Takeaway,UPI,P018,Paneer Makhani,Veg,M,1,299,29.9,0
10270,2025-11-21,19:39:00,1037,8,Durg,Takeaway,UPI,P003,Margherita,Classic,L,1,449,44.9,0
10271,2025-03-15,17:45:00,1093,13,Nagpur,Delivery,Cash,P005,Farmhouse,Veg,L,1,449,44.9,35
10271,2025-03-15,17:45:00,1093,13,Nagpur,Delivery,Cash,P001,Margherita,Classic,S,1,179,0,28
10272,2025-10-23,20:31:00,1403,13,Nagpur,Takeaway,Card,P011,Pepper Barbecue Chicken,Chicken,L,1,469,0,0
10272,2025-10-23,20:31:00,1403,13,Nagpur,Takeaway,Card,P006,Peppy Paneer,Veg,M,2,299,0,0
10272,2025-10-23,20:31:00,1403,13,Nagpur,Takeaway,Card,P020,Garlic Bread,Sides,M,1,149,7.45,0
10273,2025-01-08,21:48:00,1427,9,Durg,Delivery,UPI,P004,Farmhouse,Veg,M,1,299,14.95,26
10273,2025-01-08,21:48:00,1427,9,Durg,Delivery,UPI,P018,Paneer Makhani,Veg,M,1,299,0,42
10274,2025-09-15,19:10:00,1034,14,Nagpur,Delivery,Cash,P013,Veg Extravaganza,Premium Veg,L,1,479,0,39
10274,2025-09-15,19:10:00,1034,14,Nagpur,Delivery,Cash,P010,Pepper Barbecue Chicken,Chicken,M,1,319,31.9,40
10274,2025-09-15,19:10:00,1034,14,Nagpur,Delivery,Cash,P005,Farmhouse,Veg,L,1,449,0,28
10274,2025-09-15,19:10:00,1034,14,Nagpur,Delivery,Cash,P018,Paneer Makhani,Veg,M,1,299,29.9,19
10275,2025-04-27,16:08:00,1109,12,Bilaspur,Delivery,Card,P006,Peppy Paneer,Veg,M,1,299,0,42
10276,2025-11-24,16:34:00,1320,1,Raipur,Delivery,UPI,P011,Pepper Barbecue Chicken,Chicken,L,1,469,0,21
10277,2025-12-20,14:28:00,1195,2,Raipur,Delivery,Wallet,P003,Margherita,Classic,L,1,449,0,37
10277,2025-12-20,14:28:00,1195,2,Raipur,Delivery,Wallet,P012,Veg Extravaganza,Premium Veg,M,1,329,32.9,60
10278,2025-02-21,19:17:00,1319,10,Bilaspur,Takeaway,Wallet,P008,Chicken Dominator,Chicken,M,1,319,0,0
10279,2025-05-25,14:06:00,1255,4,Bhilai,Delivery,Cash,P006,Peppy Paneer,Veg,M,2,299,0,20
10280,2025-10-08,18:13:00,1353,15,Nagpur,Delivery,Card,P001,Margherita,Classic,S,1,179,0,25
10281,2025-10-21,19:09:00,1047,13,Nagpur,Delivery,UPI,P011,Pepper Barbecue Chicken,Chicken,L,1,469,23.45,47
10281,2025-10-21,19:09:00,1047,13,Nagpur,Delivery,UPI,P007,Peppy Paneer,Veg,L,1,449,0,24
10281,2025-10-21,19:09:00,1047,13,Nagpur,Delivery,UPI,P020,Garlic Bread,Sides,M,1,149,0,20
10282,2025-05-29,17:43:00,1161,7,Durg,Takeaway,UPI,P001,Margherita,Classic,S,1,179,0,0
10283,2025-12-06,19:21:00,1184,15,Nagpur,Delivery,Cash,P006,Peppy Paneer,Veg,M,1,299,14.95,29
10284,2025-02-28,17:29:00,1140,14,Nagpur,Delivery,Wallet,P011,Pepper Barbecue Chicken,Chicken,L,1,469,0,28
10284,2025-02-28,17:29:00,1140,14,Nagpur,Delivery,Wallet,P015,Mexican Green Wave,Veg,L,1,449,0,44
10284,2025-02-28,17:29:00,1140,14,Nagpur,Delivery,Wallet,P002,Margherita,Classic,M,1,299,29.9,54
10284,2025-02-28,17:29:00,1140,14,Nagpur,Delivery,Wallet,P012,Veg Extravaganza,Premium Veg,M,1,329,32.9,29
10285,2025-11-09,17:22:00,1314,1,Raipur,Takeaway,Card,P019,Paneer Makhani,Veg,L,1,449,22.45,0
10285,2025-11-09,17:22:00,1314,1,Raipur,Takeaway,Card,P002,Margherita,Classic,M,1,299,14.95,0
10285,2025-11-09,17:22:00,1314,1,Raipur,Takeaway,Card,P006,Peppy Paneer,Veg,M,1,299,0,0
10285,2025-11-09,17:22:00,1314,1,Raipur,Takeaway,Card,P001,Margherita,Classic,S,1,179,0,0
10286,2025-12-09,21:33:00,1268,12,Bilaspur,Takeaway,UPI,P011,Pepper Barbecue Chicken,Chicken,L,1,469,46.9,0
10286,2025-12-09,21:33:00,1268,12,Bilaspur,Takeaway,UPI,P004,Farmhouse,Veg,M,1,299,0,0
10286,2025-12-09,21:33:00,1268,12,Bilaspur,Takeaway,UPI,P005,Farmhouse,Veg,L,1,449,0,0
10286,2025-12-09,21:33:00,1268,12,Bilaspur,Takeaway,UPI,P012,Veg Extravaganza,Premium Veg,M,1,329,0,0
10287,2025-11-26,22:32:00,1435,8,Durg,Takeaway,Card,P014,Mexican Green Wave,Veg,M,1,299,14.95,0
10288,2025-05-04,17:17:00,1026,9,Durg,Delivery,Wallet,P016,Cheese Burst,Specialty,M,1,324,0,49
10288,2025-05-04,17:17:00,1026,9,Durg,Delivery,Wallet,P002,Margherita,Classic,M,1,299,29.9,38
10288,2025-05-04,17:17:00,1026,9,Durg,Delivery,Wallet,P007,Peppy Paneer,Veg,L,1,449,0,49
10288,2025-05-04,17:17:00,1026,9,Durg,Delivery,Wallet,P009,Chicken Dominator,Chicken,L,1,469,0,24
10289,2025-07-26,17:35:00,1282,1,Raipur,Takeaway,Cash,P011,Pepper Barbecue Chicken,Chicken,L,1,469,23.45,0
10289,2025-07-26,17:35:00,1282,1,Raipur,Takeaway,Cash,P007,Peppy Paneer,Veg,L,1,449,22.45,0
10290,2025-01-28,20:54:00,1233,6,Bhilai,Delivery,Wallet,P013,Veg Extravaganza,Premium Veg,L,1,479,0,18
10290,2025-01-28,20:54:00,1233,6,Bhilai,Delivery,Wallet,P002,Margherita,Classic,M,1,299,14.95,40
10290,2025-01-28,20:54:00,1233,6,Bhilai,Delivery,Wallet,P014,Mexican Green Wave,Veg,M,1,299,14.95,53
10291,2025-09-25,17:06:00,1024,15,Nagpur,Delivery,Card,P002,Margherita,Classic,M,1,299,29.9,31
10291,2025-09-25,17:06:00,1024,15,Nagpur,Delivery,Card,P010,Pepper Barbecue Chicken,Chicken,M,1,319,31.9,30
10291,2025-09-25,17:06:00,1024,15,Nagpur,Delivery,Card,P003,Margherita,Classic,L,1,449,22.45,24
10291,2025-09-25,17:06:00,1024,15,Nagpur,Delivery,Card,P019,Paneer Makhani,Veg,L,1,449,44.9,20
10292,2025-11-21,21:37:00,1064,13,Nagpur,Takeaway,Wallet,P020,Garlic Bread,Sides,M,1,149,0,0
10292,2025-11-21,21:37:00,1064,13,Nagpur,Takeaway,Wallet,P001,Margherita,Classic,S,1,179,17.9,0
10293,2025-10-27,18:32:00,1400,15,Nagpur,Dine-in,Card,P002,Margherita,Classic,M,1,299,14.95,0
10293,2025-10-27,18:32:00,1400,15,Nagpur,Dine-in,Card,P011,Pepper Barbecue Chicken,Chicken,L,1,469,46.9,0
10294,2025-08-03,22:58:00,1355,13,Nagpur,Delivery,Wallet,P020,Garlic Bread,Sides,M,1,149,14.9,56
10294,2025-08-03,22:58:00,1355,13,Nagpur,Delivery,Wallet,P007,Peppy Paneer,Veg,L,1,449,22.45,62
10294,2025-08-03,22:58:00,1355,13,Nagpur,Delivery,Wallet,P002,Margherita,Classic,M,1,299,14.95,63
10295,2025-10-11,19:12:00,1108,10,Bilaspur,Takeaway,Cash,P020,Garlic Bread,Sides,M,1,149,0,0
10295,2025-10-11,19:12:00,1108,10,Bilaspur,Takeaway,Cash,P011,Pepper Barbecue Chicken,Chicken,L,1,469,23.45,0
10296,2025-12-30,14:22:00,1288,8,Durg,Delivery,Wallet,P018,Paneer Makhani,Veg,M,1,299,0,19
10296,2025-12-30,14:22:00,1288,8,Durg,Delivery,Wallet,P007,Peppy Paneer,Veg,L,1,449,44.9,27
10296,2025-12-30,14:22:00,1288,8,Durg,Delivery,Wallet,P001,Margherita,Classic,S,1,179,0,60
10297,2025-01-29,15:48:00,1403,3,Raipur,Dine-in,Cash,P017,Cheese Burst,Specialty,L,1,474,23.7,0
10297,2025-01-29,15:48:00,1403,3,Raipur,Dine-in,Cash,P012,Veg Extravaganza,Premium Veg,M,1,329,0,0
10298,2025-10-05,12:52:00,1232,2,Raipur,Delivery,Card,P004,Farmhouse,Veg,M,1,299,0,42
10298,2025-10-05,12:52:00,1232,2,Raipur,Delivery,Card,P015,Mexican Green Wave,Veg,L,2,449,89.8,44
10298,2025-10-05,12:52:00,1232,2,Raipur,Delivery,Card,P005,Farmhouse,Veg,L,1,449,22.45,53
10299,2025-01-28,11:16:00,1104,10,Bilaspur,Takeaway,Wallet,P019,Paneer Makhani,Veg,L,1,449,22.45,0
10299,2025-01-28,11:16:00,1104,10,Bilaspur,Takeaway,Wallet,P013,Veg Extravaganza,Premium Veg,L,1,479,0,0
10300,2025-04-10,16:11:00,1350,2,Raipur,Delivery,Card,P006,Peppy Paneer,Veg,M,1,299,29.9,35
10301,2025-10-12,16:10:00,1300,14,Nagpur,Delivery,Cash,P013,Veg Extravaganza,Premium Veg,L,1,479,0,58
10301,2025-10-12,16:10:00,1300,14,Nagpur,Delivery,Cash,P003,Margherita,Classic,L,2,449,44.9,49
10301,2025-10-12,16:10:00,1300,14,Nagpur,Delivery,Cash,P005,Farmhouse,Veg,L,1,449,22.45,22
10302,2025-12-29,17:14:00,1095,9,Durg,Delivery,Card,P009,Chicken Dominator,Chicken,L,1,469,23.45,39
10302,2025-12-29,17:14:00,1095,9,Durg,Delivery,Card,P006,Peppy Paneer,Veg,M,1,299,14.95,36
10302,2025-12-29,17:14:00,1095,9,Durg,Delivery,Card,P005,Farmhouse,Veg,L,1,449,0,57
10302,2025-12-29,17:14:00,1095,9,Durg,Delivery,Card,P018,Paneer Makhani,Veg,M,1,299,29.9,53
10303,2025-11-29,10:42:00,1178,8,Durg,Delivery,Card,P012,Veg Extravaganza,Premium Veg,M,1,329,16.45,42
10304,2025-02-28,17:34:00,1371,5,Bhilai,Delivery,Cash,P008,Chicken Dominator,Chicken,M,1,319,0,24
10304,2025-02-28,17:34:00,1371,5,Bhilai,Delivery,Cash,P005,Farmhouse,Veg,L,2,449,0,52
10304,2025-02-28,17:34:00,1371,5,Bhilai,Delivery,Cash,P011,Pepper Barbecue Chicken,Chicken,L,1,469,0,58
10305,2025-02-03,16:40:00,1397,4,Bhilai,Takeaway,Wallet,P003,Margherita,Classic,L,1,449,44.9,0
10306,2025-11-28,20:04:00,1383,11,Bilaspur,Delivery,Wallet,P001,Margherita,Classic,S,2,179,17.9,53
10306,2025-11-28,20:04:00,1383,11,Bilaspur,Delivery,Wallet,P003,Margherita,Classic,L,1,449,0,54
10307,2025-04-27,21:26:00,1199,8,Durg,Delivery,Wallet,P001,Margherita,Classic,S,1,179,0,65
10307,2025-04-27,21:26:00,1199,8,Durg,Delivery,Wallet,P012,Veg Extravaganza,Premium Veg,M,1,329,0,62
10307,2025-04-27,21:26:00,1199,8,Durg,Delivery,Wallet,P009,Chicken Dominator,Chicken,L,1,469,0,40
10308,2025-09-15,14:50:00,1352,5,Bhilai,Delivery,Cash,P006,Peppy Paneer,Veg,M,1,299,0,26
10308,2025-09-15,14:50:00,1352,5,Bhilai,Delivery,Cash,P016,Cheese Burst,Specialty,M,1,324,32.4,52
10308,2025-09-15,14:50:00,1352,5,Bhilai,Delivery,Cash,P001,Margherita,Classic,S,1,179,8.95,58
10308,2025-09-15,14:50:00,1352,5,Bhilai,Delivery,Cash,P003,Margherita,Classic,L,1,449,0,37
10309,2025-12-13,21:50:00,1444,12,Bilaspur,Delivery,UPI,P002,Margherita,Classic,M,1,299,29.9,52
10309,2025-12-13,21:50:00,1444,12,Bilaspur,Delivery,UPI,P001,Margherita,Classic,S,1,179,0,37
10310,2025-04-18,20:57:00,1372,6,Bhilai,Delivery,Card,P003,Margherita,Classic,L,1,449,22.45,30
10310,2025-04-18,20:57:00,1372,6,Bhilai,Delivery,Card,P010,Pepper Barbecue Chicken,Chicken,M,1,319,0,29
10311,2025-12-10,20:54:00,1028,14,Nagpur,Takeaway,Wallet,P005,Farmhouse,Veg,L,1,449,0,0
10312,2025-05-09,14:46:00,1298,8,Durg,Dine-in,Cash,P012,Veg Extravaganza,Premium Veg,M,1,329,16.45,0
10312,2025-05-09,14:46:00,1298,8,Durg,Dine-in,Cash,P004,Farmhouse,Veg,M,1,299,0,0
10313,2025-04-10,17:28:00,1169,10,Bilaspur,Takeaway,Card,P015,Mexican Green Wave,Veg,L,1,449,22.45,0
10313,2025-04-10,17:28:00,1169,10,Bilaspur,Takeaway,Card,P020,Garlic Bread,Sides,M,1,149,0,0
10313,2025-04-10,17:28:00,1169,10,Bilaspur,Takeaway,Card,P003,Margherita,Classic,L,1,449,0,0
10314,2025-12-31,20:27:00,1142,14,Nagpur,Delivery,Cash,P007,Peppy Paneer,Veg,L,1,449,0,59
10314,2025-12-31,20:27:00,1142,14,Nagpur,Delivery,Cash,P006,Peppy Paneer,Veg,M,1,299,0,35
10314,2025-12-31,20:27:00,1142,14,Nagpur,Delivery,Cash,P005,Farmhouse,Veg,L,1,449,0,52
10314,2025-12-31,20:27:00,1142,14,Nagpur,Delivery,Cash,P009,Chicken Dominator,Chicken,L,1,469,0,34
10315,2025-11-17,13:04:00,1010,14,Nagpur,Delivery,UPI,P014,Mexican Green Wave,Veg,M,1,299,29.9,59
10315,2025-11-17,13:04:00,1010,14,Nagpur,Delivery,UPI,P003,Margherita,Classic,L,1,449,0,41
10315,2025-11-17,13:04:00,1010,14,Nagpur,Delivery,UPI,P001,Margherita,Classic,S,1,179,17.9,32
10315,2025-11-17,13:04:00,1010,14,Nagpur,Delivery,UPI,P004,Farmhouse,Veg,M,1,299,14.95,26
10316,2025-08-26,18:05:00,1204,6,Bhilai,Delivery,Card,P014,Mexican Green Wave,Veg,M,1,299,0,29
10316,2025-08-26,18:05:00,1204,6,Bhilai,Delivery,Card,P002,Margherita,Classic,M,1,299,0,65
10317,2025-09-05,22:02:00,1113,13,Nagpur,Delivery,UPI,P006,Peppy Paneer,Veg,M,1,299,14.95,42
10317,2025-09-05,22:02:00,1113,13,Nagpur,Delivery,UPI,P001,Margherita,Classic,S,1,179,17.9,47
10317,2025-09-05,22:02:00,1113,13,Nagpur,Delivery,UPI,P003,Margherita,Classic,L,1,449,0,20
10318,2025-11-29,17:45:00,1267,11,Bilaspur,Takeaway,Cash,P006,Peppy Paneer,Veg,M,2,299,0,0
10319,2025-09-22,16:58:00,1115,9,Durg,Delivery,Cash,P015,Mexican Green Wave,Veg,L,1,449,44.9,28
10319,2025-09-22,16:58:00,1115,9,Durg,Delivery,Cash,P018,Paneer Makhani,Veg,M,2,299,0,22
10319,2025-09-22,16:58:00,1115,9,Durg,Delivery,Cash,P001,Margherita,Classic,S,1,179,8.95,31
10320,2025-03-18,15:23:00,1309,12,Bilaspur,Takeaway,Card,P016,Cheese Burst,Specialty,M,1,324,0,0
10320,2025-03-18,15:23:00,1309,12,Bilaspur,Takeaway,Card,P013,Veg Extravaganza,Premium Veg,L,1,479,0,0
10320,2025-03-18,15:23:00,1309,12,Bilaspur,Takeaway,Card,P008,Chicken Dominator,Chicken,M,2,319,63.8,0
10321,2025-01-12,16:08:00,1294,10,Bilaspur,Delivery,UPI,P001,Margherita,Classic,S,1,179,0,51
10321,2025-01-12,16:08:00,1294,10,Bilaspur,Delivery,UPI,P004,Farmhouse,Veg,M,1,299,29.9,56
10322,2025-10-16,19:56:00,1369,12,Bilaspur,Takeaway,Cash,P003,Margherita,Classic,L,1,449,44.9,0
10323,2025-09-04,15:53:00,1211,10,Bilaspur,Delivery,Card,P003,Margherita,Classic,L,1,449,0,32
10323,2025-09-04,15:53:00,1211,10,Bilaspur,Delivery,Card,P012,Veg Extravaganza,Premium Veg,M,1,329,32.9,42
10323,2025-09-04,15:53:00,1211,10,Bilaspur,Delivery,Card,P019,Paneer Makhani,Veg,L,1,449,0,24
10324,2025-01-09,15:55:00,1259,11,Bilaspur,Delivery,Card,P003,Margherita,Classic,L,1,449,0,52
10325,2025-09-15,20:05:00,1247,11,Bilaspur,Delivery,UPI,P008,Chicken Dominator,Chicken,M,1,319,0,48
10325,2025-09-15,20:05:00,1247,11,Bilaspur,Delivery,UPI,P006,Peppy Paneer,Veg,M,1,299,29.9,40
10325,2025-09-15,20:05:00,1247,11,Bilaspur,Delivery,UPI,P001,Margherita,Classic,S,1,179,0,45
10325,2025-09-15,20:05:00,1247,11,Bilaspur,Delivery,UPI,P009,Chicken Dominator,Chicken,L,1,469,0,34
10326,2025-09-02,20:58:00,1440,2,Raipur,Delivery,Wallet,P003,Margherita,Classic,L,1,449,0,51
10326,2025-09-02,20:58:00,1440,2,Raipur,Delivery,Wallet,P013,Veg Extravaganza,Premium Veg,L,1,479,0,42
10326,2025-09-02,20:58:00,1440,2,Raipur,Delivery,Wallet,P015,Mexican Green Wave,Veg,L,1,449,0,62
10327,2025-06-11,17:06:00,1080,7,Durg,Takeaway,Cash,P017,Cheese Burst,Specialty,L,1,474,23.7,0
10327,2025-06-11,17:06:00,1080,7,Durg,Takeaway,Cash,P007,Peppy Paneer,Veg,L,1,449,44.9,0
10327,2025-06-11,17:06:00,1080,7,Durg,Takeaway,Cash,P006,Peppy Paneer,Veg,M,1,299,0,0
10328,2025-07-31,18:35:00,1248,3,Raipur,Delivery,Wallet,P020,Garlic Bread,Sides,M,1,149,14.9,65
10328,2025-07-31,18:35:00,1248,3,Raipur,Delivery,Wallet,P010,Pepper Barbecue Chicken,Chicken,M,1,319,0,60
10328,2025-07-31,18:35:00,1248,3,Raipur,Delivery,Wallet,P015,Mexican Green Wave,Veg,L,1,449,0,65
10329,2025-04-28,18:44:00,1083,2,Raipur,Delivery,Wallet,P015,Mexican Green Wave,Veg,L,1,449,0,28
10329,2025-04-28,18:44:00,1083,2,Raipur,Delivery,Wallet,P010,Pepper Barbecue Chicken,Chicken,M,1,319,31.9,58
10329,2025-04-28,18:44:00,1083,2,Raipur,Delivery,Wallet,P012,Veg Extravaganza,Premium Veg,M,1,329,0,23
10330,2025-03-16,18:38:00,1223,2,Raipur,Delivery,Card,P002,Margherita,Classic,M,1,299,29.9,57
10330,2025-03-16,18:38:00,1223,2,Raipur,Delivery,Card,P001,Margherita,Classic,S,1,179,8.95,63
10330,2025-03-16,18:38:00,1223,2,Raipur,Delivery,Card,P006,Peppy Paneer,Veg,M,1,299,0,29
10331,2025-11-24,18:00:00,1104,14,Nagpur,Takeaway,Cash,P001,Margherita,Classic,S,1,179,0,0
10331,2025-11-24,18:00:00,1104,14,Nagpur,Takeaway,Cash,P010,Pepper Barbecue Chicken,Chicken,M,1,319,0,0
10332,2025-12-12,12:15:00,1336,1,Raipur,Dine-in,UPI,P015,Mexican Green Wave,Veg,L,1,449,0,0
10332,2025-12-12,12:15:00,1336,1,Raipur,Dine-in,UPI,P006,Peppy Paneer,Veg,M,2,299,0,0
10333,2025-12-27,13:05:00,1282,5,Bhilai,Takeaway,Cash,P020,Garlic Bread,Sides,M,1,149,0,0
10333,2025-12-27,13:05:00,1282,5,Bhilai,Takeaway,Cash,P004,Farmhouse,Veg,M,1,299,29.9,0
10333,2025-12-27,13:05:00,1282,5,Bhilai,Takeaway,Cash,P010,Pepper Barbecue Chicken,Chicken,M,1,319,31.9,0
10334,2025-10-22,10:11:00,1209,9,Durg,Delivery,UPI,P005,Farmhouse,Veg,L,1,449,22.45,52
10334,2025-10-22,10:11:00,1209,9,Durg,Delivery,UPI,P002,Margherita,Classic,M,1,299,14.95,62
10334,2025-10-22,10:11:00,1209,9,Durg,Delivery,UPI,P008,Chicken Dominator,Chicken,M,1,319,31.9,42
10335,2025-10-16,18:15:00,1388,6,Bhilai,Dine-in,Wallet,P018,Paneer Makhani,Veg,M,1,299,29.9,0
10335,2025-10-16,18:15:00,1388,6,Bhilai,Dine-in,Wallet,P017,Cheese Burst,Specialty,L,1,474,0,0
10335,2025-10-16,18:15:00,1388,6,Bhilai,Dine-in,Wallet,P008,Chicken Dominator,Chicken,M,1,319,0,0
10335,2025-10-16,18:15:00,1388,6,Bhilai,Dine-in,Wallet,P004,Farmhouse,Veg,M,1,299,14.95,0
10336,2025-07-31,22:33:00,1275,1,Raipur,Takeaway,Cash,P005,Farmhouse,Veg,L,1,449,22.45,0
10336,2025-07-31,22:33:00,1275,1,Raipur,Takeaway,Cash,P006,Peppy Paneer,Veg,M,1,299,0,0
10337,2025-10-11,22:30:00,1161,6,Bhilai,Delivery,Cash,P020,Garlic Bread,Sides,M,1,149,0,49
10337,2025-10-11,22:30:00,1161,6,Bhilai,Delivery,Cash,P012,Veg Extravaganza,Premium Veg,M,1,329,0,33
10338,2025-05-04,21:13:00,1118,4,Bhilai,Takeaway,Cash,P015,Mexican Green Wave,Veg,L,1,449,0,0
10338,2025-05-04,21:13:00,1118,4,Bhilai,Takeaway,Cash,P002,Margherita,Classic,M,1,299,29.9,0
10339,2025-11-11,10:54:00,1278,1,Raipur,Takeaway,Cash,P008,Chicken Dominator,Chicken,M,1,319,15.95,0
10339,2025-11-11,10:54:00,1278,1,Raipur,Takeaway,Cash,P020,Garlic Bread,Sides,M,1,149,14.9,0
10339,2025-11-11,10:54:00,1278,1,Raipur,Takeaway,Cash,P018,Paneer Makhani,Veg,M,1,299,0,0
10340,2025-09-19,16:14:00,1385,10,Bilaspur,Delivery,Wallet,P019,Paneer Makhani,Veg,L,1,449,0,47
10340,2025-09-19,16:14:00,1385,10,Bilaspur,Delivery,Wallet,P001,Margherita,Classic,S,1,179,0,62
10340,2025-09-19,16:14:00,1385,10,Bilaspur,Delivery,Wallet,P005,Farmhouse,Veg,L,1,449,44.9,38
10340,2025-09-19,16:14:00,1385,10,Bilaspur,Delivery,Wallet,P017,Cheese Burst,Specialty,L,1,474,0,18
10341,2025-12-12,16:37:00,1052,6,Bhilai,Delivery,Cash,P009,Chicken Dominator,Chicken,L,1,469,46.9,57
10341,2025-12-12,16:37:00,1052,6,Bhilai,Delivery,Cash,P004,Farmhouse,Veg,M,1,299,14.95,41
10342,2025-04-05,18:13:00,1215,12,Bilaspur,Takeaway,Cash,P004,Farmhouse,Veg,M,1,299,0,0
10342,2025-04-05,18:13:00,1215,12,Bilaspur,Takeaway,Cash,P003,Margherita,Classic,L,1,449,0,0
10342,2025-04-05,18:13:00,1215,12,Bilaspur,Takeaway,Cash,P002,Margherita,Classic,M,1,299,14.95,0
10342,2025-04-05,18:13:00,1215,12,Bilaspur,Takeaway,Cash,P010,Pepper Barbecue Chicken,Chicken,M,1,319,0,0
10343,2025-10-12,18:24:00,1101,3,Raipur,Takeaway,Card,P015,Mexican Green Wave,Veg,L,1,449,22.45,0
10343,2025-10-12,18:24:00,1101,3,Raipur,Takeaway,Card,P003,Margherita,Classic,L,1,449,44.9,0
10343,2025-10-12,18:24:00,1101,3,Raipur,Takeaway,Card,P008,Chicken Dominator,Chicken,M,1,319,15.95,0
10343,2025-10-12,18:24:00,1101,3,Raipur,Takeaway,Card,P020,Garlic Bread,Sides,M,1,149,7.45,0
10344,2025-10-15,21:03:00,1204,2,Raipur,Takeaway,UPI,P016,Cheese Burst,Specialty,M,1,324,0,0
10344,2025-10-15,21:03:00,1204,2,Raipur,Takeaway,UPI,P008,Chicken Dominator,Chicken,M,1,319,31.9,0
10345,2025-06-21,16:23:00,1287,9,Durg,Dine-in,Cash,P001,Margherita,Classic,S,1,179,0,0
10345,2025-06-21,16:23:00,1287,9,Durg,Dine-in,Cash,P002,Margherita,Classic,M,1,299,0,0
10345,2025-06-21,16:23:00,1287,9,Durg,Dine-in,Cash,P017,Cheese Burst,Specialty,L,1,474,23.7,0
10346,2025-07-01,17:32:00,1250,13,Nagpur,Takeaway,UPI,P010,Pepper Barbecue Chicken,Chicken,M,1,319,15.95,0
10346,2025-07-01,17:32:00,1250,13,Nagpur,Takeaway,UPI,P007,Peppy Paneer,Veg,L,1,449,44.9,0
10346,2025-07-01,17:32:00,1250,13,Nagpur,Takeaway,UPI,P020,Garlic Bread,Sides,M,1,149,14.9,0
10346,2025-07-01,17:32:00,1250,13,Nagpur,Takeaway,UPI,P018,Paneer Makhani,Veg,M,1,299,0,0
10347,2025-02-10,15:14:00,1161,6,Bhilai,Takeaway,Cash,P004,Farmhouse,Veg,M,1,299,29.9,0
10347,2025-02-10,15:14:00,1161,6,Bhilai,Takeaway,Cash,P007,Peppy Paneer,Veg,L,1,449,44.9,0
10347,2025-02-10,15:14:00,1161,6,Bhilai,Takeaway,Cash,P017,Cheese Burst,Specialty,L,1,474,0,0
10347,2025-02-10,15:14:00,1161,6,Bhilai,Takeaway,Cash,P006,Peppy Paneer,Veg,M,1,299,0,0
10348,2025-01-12,14:15:00,1339,5,Bhilai,Dine-in,UPI,P003,Margherita,Classic,L,1,449,0,0
10348,2025-01-12,14:15:00,1339,5,Bhilai,Dine-in,UPI,P002,Margherita,Classic,M,1,299,29.9,0
10349,2025-10-08,13:49:00,1204,9,Durg,Takeaway,UPI,P004,Farmhouse,Veg,M,1,299,0,0
10350,2025-02-13,19:56:00,1200,5,Bhilai,Delivery,Cash,P011,Pepper Barbecue Chicken,Chicken,L,1,469,23.45,38
10350,2025-02-13,19:56:00,1200,5,Bhilai,Delivery,Cash,P002,Margherita,Classic,M,1,299,29.9,47
10350,2025-02-13,19:56:00,1200,5,Bhilai,Delivery,Cash,P017,Cheese Burst,Specialty,L,1,474,23.7,53
10350,2025-02-13,19:56:00,1200,5,Bhilai,Delivery,Cash,P001,Margherita,Classic,S,1,179,17.9,26
10351,2025-12-24,18:37:00,1306,8,Durg,Delivery,Wallet,P019,Paneer Makhani,Veg,L,1,449,0,46
10351,2025-12-24,18:37:00,1306,8,Durg,Delivery,Wallet,P008,Chicken Dominator,Chicken,M,1,319,15.95,41
10351,2025-12-24,18:37:00,1306,8,Durg,Delivery,Wallet,P004,Farmhouse,Veg,M,1,299,29.9,34
10352,2025-03-21,17:00:00,1268,14,Nagpur,Takeaway,Card,P004,Farmhouse,Veg,M,1,299,29.9,0
10352,2025-03-21,17:00:00,1268,14,Nagpur,Takeaway,Card,P009,Chicken Dominator,Chicken,L,1,469,46.9,0
10352,2025-03-21,17:00:00,1268,14,Nagpur,Takeaway,Card,P012,Veg Extravaganza,Premium Veg,M,1,329,16.45,0
10353,2025-01-05,20:51:00,1150,10,Bilaspur,Delivery,UPI,P003,Margherita,Classic,L,1,449,0,28
10353,2025-01-05,20:51:00,1150,10,Bilaspur,Delivery,UPI,P018,Paneer Makhani,Veg,M,1,299,29.9,42
10353,2025-01-05,20:51:00,1150,10,Bilaspur,Delivery,UPI,P007,Peppy Paneer,Veg,L,1,449,0,34
10354,2025-02-10,18:15:00,1265,13,Nagpur,Takeaway,Cash,P011,Pepper Barbecue Chicken,Chicken,L,1,469,0,0
10354,2025-02-10,18:15:00,1265,13,Nagpur,Takeaway,Cash,P009,Chicken Dominator,Chicken,L,1,469,0,0
10354,2025-02-10,18:15:00,1265,13,Nagpur,Takeaway,Cash,P004,Farmhouse,Veg,M,1,299,0,0
10355,2025-03-11,16:40:00,1234,10,Bilaspur,Delivery,Wallet,P005,Farmhouse,Veg,L,1,449,0,29
10355,2025-03-11,16:40:00,1234,10,Bilaspur,Delivery,Wallet,P003,Margherita,Classic,L,1,449,0,36
10356,2025-05-18,14:28:00,1373,1,Raipur,Delivery,Card,P008,Chicken Dominator,Chicken,M,1,319,15.95,44
10357,2025-06-09,20:31:00,1191,8,Durg,Takeaway,UPI,P002,Margherita,Classic,M,2,299,29.9,0
10357,2025-06-09,20:31:00,1191,8,Durg,Takeaway,UPI,P014,Mexican Green Wave,Veg,M,1,299,29.9,0
10358,2025-02-06,18:11:00,1099,15,Nagpur,Takeaway,Wallet,P002,Margherita,Classic,M,1,299,0,0
10359,2025-07-17,20:28:00,1127,12,Bilaspur,Dine-in,Card,P014,Mexican Green Wave,Veg,M,1,299,29.9,0
10359,2025-07-17,20:28:00,1127,12,Bilaspur,Dine-in,Card,P002,Margherita,Classic,M,1,299,14.95,0
10359,2025-07-17,20:28:00,1127,12,Bilaspur,Dine-in,Card,P012,Veg Extravaganza,Premium Veg,M,1,329,16.45,0
10359,2025-07-17,20:28:00,1127,12,Bilaspur,Dine-in,Card,P003,Margherita,Classic,L,1,449,0,0
10360,2025-11-19,20:47:00,1282,9,Durg,Delivery,Wallet,P003,Margherita,Classic,L,1,449,0,25
10360,2025-11-19,20:47:00,1282,9,Durg,Delivery,Wallet,P018,Paneer Makhani,Veg,M,1,299,0,58
10360,2025-11-19,20:47:00,1282,9,Durg,Delivery,Wallet,P017,Cheese Burst,Specialty,L,1,474,47.4,38
10361,2025-01-08,15:17:00,1300,2,Raipur,Delivery,Card,P020,Garlic Bread,Sides,M,1,149,14.9,62
10362,2025-11-02,15:49:00,1046,4,Bhilai,Delivery,UPI,P019,Paneer Makhani,Veg,L,1,449,0,40
10362,2025-11-02,15:49:00,1046,4,Bhilai,Delivery,UPI,P020,Garlic Bread,Sides,M,1,149,0,62
10362,2025-11-02,15:49:00,1046,4,Bhilai,Delivery,UPI,P011,Pepper Barbecue Chicken,Chicken,L,1,469,0,26
10363,2025-09-07,16:35:00,1404,11,Bilaspur,Takeaway,Wallet,P001,Margherita,Classic,S,1,179,0,0
10363,2025-09-07,16:35:00,1404,11,Bilaspur,Takeaway,Wallet,P006,Peppy Paneer,Veg,M,1,299,14.95,0
10364,2025-01-21,18:28:00,1287,5,Bhilai,Delivery,Wallet,P009,Chicken Dominator,Chicken,L,2,469,46.9,64
10365,2025-08-28,16:53:00,1307,15,Nagpur,Takeaway,Card,P009,Chicken Dominator,Chicken,L,1,469,46.9,0
10366,2025-06-01,20:34:00,1188,8,Durg,Delivery,Wallet,P018,Paneer Makhani,Veg,M,1,299,14.95,57
10366,2025-06-01,20:34:00,1188,8,Durg,Delivery,Wallet,P011,Pepper Barbecue Chicken,Chicken,L,1,469,0,38
10367,2025-02-02,19:34:00,1420,7,Durg,Delivery,Wallet,P010,Pepper Barbecue Chicken,Chicken,M,1,319,15.95,25
10367,2025-02-02,19:34:00,1420,7,Durg,Delivery,Wallet,P005,Farmhouse,Veg,L,1,449,0,51
10368,2025-12-04,13:53:00,1067,3,Raipur,Takeaway,Card,P008,Chicken Dominator,Chicken,M,1,319,0,0
10369,2025-01-17,19:53:00,1199,11,Bilaspur,Delivery,Cash,P006,Peppy Paneer,Veg,M,1,299,0,18
10370,2025-04-17,19:59:00,1427,2,Raipur,Delivery,UPI,P009,Chicken Dominator,Chicken,L,1,469,23.45,63
10370,2025-04-17,19:59:00,1427,2,Raipur,Delivery,UPI,P019,Paneer Makhani,Veg,L,1,449,0,57
10370,2025-04-17,19:59:00,1427,2,Raipur,Delivery,UPI,P007,Peppy Paneer,Veg,L,1,449,22.45,51
10371,2025-01-21,20:53:00,1156,2,Raipur,Dine-in,UPI,P013,Veg Extravaganza,Premium Veg,L,1,479,47.9,0
10372,2025-04-08,15:42:00,1128,10,Bilaspur,Delivery,Card,P014,Mexican Green Wave,Veg,M,2,299,59.8,24
10372,2025-04-08,15:42:00,1128,10,Bilaspur,Delivery,Card,P010,Pepper Barbecue Chicken,Chicken,M,1,319,0,29
10372,2025-04-08,15:42:00,1128,10,Bilaspur,Delivery,Card,P012,Veg Extravaganza,Premium Veg,M,1,329,32.9,50
10373,2025-06-22,19:34:00,1308,8,Durg,Dine-in,Cash,P017,Cheese Burst,Specialty,L,1,474,23.7,0
10373,2025-06-22,19:34:00,1308,8,Durg,Dine-in,Cash,P007,Peppy Paneer,Veg,L,1,449,0,0
10373,2025-06-22,19:34:00,1308,8,Durg,Dine-in,Cash,P011,Pepper Barbecue Chicken,Chicken,L,1,469,0,0
10374,2025-07-12,20:59:00,1382,5,Bhilai,Delivery,Wallet,P020,Garlic Bread,Sides,M,1,149,0,51
10374,2025-07-12,20:59:00,1382,5,Bhilai,Delivery,Wallet,P001,Margherita,Classic,S,2,179,0,37
10374,2025-07-12,20:59:00,1382,5,Bhilai,Delivery,Wallet,P004,Farmhouse,Veg,M,1,299,0,37
10375,2025-04-24,16:20:00,1012,13,Nagpur,Takeaway,Cash,P002,Margherita,Classic,M,1,299,0,0
10375,2025-04-24,16:20:00,1012,13,Nagpur,Takeaway,Cash,P007,Peppy Paneer,Veg,L,1,449,0,0
10376,2025-05-16,17:37:00,1128,4,Bhilai,Delivery,Cash,P009,Chicken Dominator,Chicken,L,1,469,0,64
10377,2025-02-09,20:50:00,1248,3,Raipur,Delivery,UPI,P001,Margherita,Classic,S,1,179,0,39
10377,2025-02-09,20:50:00,1248,3,Raipur,Delivery,UPI,P015,Mexican Green Wave,Veg,L,1,449,22.45,45
10377,2025-02-09,20:50:00,1248,3,Raipur,Delivery,UPI,P006,Peppy Paneer,Veg,M,1,299,29.9,25
10378,2025-04-27,20:54:00,1309,15,Nagpur,Delivery,Wallet,P005,Farmhouse,Veg,L,1,449,0,38
10379,2025-10-04,18:20:00,1258,12,Bilaspur,Delivery,UPI,P020,Garlic Bread,Sides,M,1,149,14.9,36
10379,2025-10-04,18:20:00,1258,12,Bilaspur,Delivery,UPI,P014,Mexican Green Wave,Veg,M,1,299,29.9,27
10379,2025-10-04,18:20:00,1258,12,Bilaspur,Delivery,UPI,P010,Pepper Barbecue Chicken,Chicken,M,1,319,0,39
10379,2025-10-04,18:20:00,1258,12,Bilaspur,Delivery,UPI,P002,Margherita,Classic,M,1,299,0,48
10380,2025-10-20,20:35:00,1205,5,Bhilai,Delivery,Wallet,P014,Mexican Green Wave,Veg,M,1,299,0,49
10380,2025-10-20,20:35:00,1205,5,Bhilai,Delivery,Wallet,P008,Chicken Dominator,Chicken,M,1,319,31.9,59
10381,2025-10-20,15:39:00,1377,9,Durg,Delivery,UPI,P015,Mexican Green Wave,Veg,L,1,449,0,25
10381,2025-10-20,15:39:00,1377,9,Durg,Delivery,UPI,P005,Farmhouse,Veg,L,1,449,44.9,45
10381,2025-10-20,15:39:00,1377,9,Durg,Delivery,UPI,P019,Paneer Makhani,Veg,L,1,449,22.45,40
10382,2025-04-08,17:38:00,1336,1,Raipur,Takeaway,Card,P010,Pepper Barbecue Chicken,Chicken,M,1,319,0,0
10382,2025-04-08,17:38:00,1336,1,Raipur,Takeaway,Card,P020,Garlic Bread,Sides,M,1,149,14.9,0
10382,2025-04-08,17:38:00,1336,1,Raipur,Takeaway,Card,P007,Peppy Paneer,Veg,L,1,449,0,0
10383,2025-04-30,15:23:00,1080,13,Nagpur,Takeaway,UPI,P014,Mexican Green Wave,Veg,M,1,299,0,0
10384,2025-11-14,21:55:00,1427,14,Nagpur,Delivery,Cash,P005,Farmhouse,Veg,L,1,449,44.9,19
10385,2025-06-19,16:34:00,1109,4,Bhilai,Delivery,Cash,P011,Pepper Barbecue Chicken,Chicken,L,1,469,46.9,55
10385,2025-06-19,16:34:00,1109,4,Bhilai,Delivery,Cash,P020,Garlic Bread,Sides,M,1,149,0,34
10385,2025-06-19,16:34:00,1109,4,Bhilai,Delivery,Cash,P012,Veg Extravaganza,Premium Veg,M,2,329,0,21
10386,2025-05-26,15:44:00,1317,5,Bhilai,Delivery,UPI,P006,Peppy Paneer,Veg,M,1,299,14.95,60
10387,2025-12-04,17:06:00,1010,5,Bhilai,Takeaway,Wallet,P020,Garlic Bread,Sides,M,1,149,0,0
10387,2025-12-04,17:06:00,1010,5,Bhilai,Takeaway,Wallet,P008,Chicken Dominator,Chicken,M,1,319,15.95,0
10388,2025-09-06,21:34:00,1046,3,Raipur,Delivery,Wallet,P001,Margherita,Classic,S,1,179,8.95,39
10389,2025-09-08,17:10:00,1010,6,Bhilai,Takeaway,Cash,P004,Farmhouse,Veg,M,1,299,0,0
10389,2025-09-08,17:10:00,1010,6,Bhilai,Takeaway,Cash,P020,Garlic Bread,Sides,M,1,149,7.45,0
10389,2025-09-08,17:10:00,1010,6,Bhilai,Takeaway,Cash,P008,Chicken Dominator,Chicken,M,1,319,31.9,0
10390,2025-01-16,22:17:00,1116,3,Raipur,Delivery,Wallet,P002,Margherita,Classic,M,1,299,0,44
10390,2025-01-16,22:17:00,1116,3,Raipur,Delivery,Wallet,P006,Peppy Paneer,Veg,M,1,299,0,54
10391,2025-03-20,18:19:00,1310,6,Bhilai,Delivery,Card,P011,Pepper Barbecue Chicken,Chicken,L,1,469,0,26
10391,2025-03-20,18:19:00,1310,6,Bhilai,Delivery,Card,P010,Pepper Barbecue Chicken,Chicken,M,1,319,15.95,62
10392,2025-12-28,21:58:00,1070,7,Durg,Dine-in,Card,P005,Farmhouse,Veg,L,1,449,0,0
10392,2025-12-28,21:58:00,1070,7,Durg,Dine-in,Card,P009,Chicken Dominator,Chicken,L,1,469,0,0
10393,2025-06-12,21:09:00,1373,1,Raipur,Takeaway,Wallet,P005,Farmhouse,Veg,L,1,449,22.45,0
10393,2025-06-12,21:09:00,1373,1,Raipur,Takeaway,Wallet,P014,Mexican Green Wave,Veg,M,1,299,0,0
10393,2025-06-12,21:09:00,1373,1,Raipur,Takeaway,Wallet,P016,Cheese Burst,Specialty,M,1,324,0,0
10393,2025-06-12,21:09:00,1373,1,Raipur,Takeaway,Wallet,P011,Pepper Barbecue Chicken,Chicken,L,1,469,0,0
10394,2025-03-09,15:48:00,1314,10,Bilaspur,Delivery,Card,P004,Farmhouse,Veg,M,1,299,0,62
10394,2025-03-09,15:48:00,1314,10,Bilaspur,Delivery,Card,P001,Margherita,Classic,S,1,179,17.9,26
10395,2025-09-15,21:30:00,1365,11,Bilaspur,Delivery,Wallet,P008,Chicken Dominator,Chicken,M,1,319,0,35
10395,2025-09-15,21:30:00,1365,11,Bilaspur,Delivery,Wallet,P003,Margherita,Classic,L,1,449,44.9,32
10395,2025-09-15,21:30:00,1365,11,Bilaspur,Delivery,Wallet,P004,Farmhouse,Veg,M,1,299,0,31
10395,2025-09-15,21:30:00,1365,11,Bilaspur,Delivery,Wallet,P006,Peppy Paneer,Veg,M,1,299,0,29
10396,2025-08-13,21:31:00,1353,6,Bhilai,Takeaway,Card,P006,Peppy Paneer,Veg,M,2,299,29.9,0
10396,2025-08-13,21:31:00,1353,6,Bhilai,Takeaway,Card,P001,Margherita,Classic,S,1,179,17.9,0
10396,2025-08-13,21:31:00,1353,6,Bhilai,Takeaway,Card,P014,Mexican Green Wave,Veg,M,1,299,0,0
10397,2025-09-24,14:29:00,1424,15,Nagpur,Delivery,Card,P020,Garlic Bread,Sides,M,1,149,0,30
10397,2025-09-24,14:29:00,1424,15,Nagpur,Delivery,Card,P001,Margherita,Classic,S,1,179,8.95,46
10397,2025-09-24,14:29:00,1424,15,Nagpur,Delivery,Card,P006,Peppy Paneer,Veg,M,1,299,29.9,37
10397,2025-09-24,14:29:00,1424,15,Nagpur,Delivery,Card,P014,Mexican Green Wave,Veg,M,1,299,14.95,47
10398,2025-03-27,18:39:00,1028,12,Bilaspur,Delivery,Card,P016,Cheese Burst,Specialty,M,1,324,0,43
10398,2025-03-27,18:39:00,1028,12,Bilaspur,Delivery,Card,P007,Peppy Paneer,Veg,L,1,449,44.9,38
10398,2025-03-27,18:39:00,1028,12,Bilaspur,Delivery,Card,P013,Veg Extravaganza,Premium Veg,L,1,479,47.9,19
10398,2025-03-27,18:39:00,1028,12,Bilaspur,Delivery,Card,P002,Margherita,Classic,M,1,299,0,47
10399,2025-10-30,21:57:00,1104,15,Nagpur,Delivery,Cash,P012,Veg Extravaganza,Premium Veg,M,1,329,0,23
10399,2025-10-30,21:57:00,1104,15,Nagpur,Delivery,Cash,P019,Paneer Makhani,Veg,L,1,449,0,63
10399,2025-10-30,21:57:00,1104,15,Nagpur,Delivery,Cash,P015,Mexican Green Wave,Veg,L,1,449,44.9,58
10400,2025-07-05,14:45:00,1197,12,Bilaspur,Takeaway,Card,P009,Chicken Dominator,Chicken,L,1,469,0,0
10400,2025-07-05,14:45:00,1197,12,Bilaspur,Takeaway,Card,P001,Margherita,Classic,S,1,179,0,0
10400,2025-07-05,14:45:00,1197,12,Bilaspur,Takeaway,Card,P003,Margherita,Classic,L,1,449,0,0
10400,2025-07-05,14:45:00,1197,12,Bilaspur,Takeaway,Card,P005,Farmhouse,Veg,L,1,449,0,0
10401,2025-12-31,13:19:00,1159,12,Bilaspur,Takeaway,Wallet,P011,Pepper Barbecue Chicken,Chicken,L,1,469,0,0
10401,2025-12-31,13:19:00,1159,12,Bilaspur,Takeaway,Wallet,P002,Margherita,Classic,M,2,299,0,0
10402,2025-11-15,20:00:00,1235,8,Durg,Takeaway,UPI,P004,Farmhouse,Veg,M,1,299,0,0
10402,2025-11-15,20:00:00,1235,8,Durg,Takeaway,UPI,P010,Pepper Barbecue Chicken,Chicken,M,1,319,0,0
10402,2025-11-15,20:00:00,1235,8,Durg,Takeaway,UPI,P008,Chicken Dominator,Chicken,M,1,319,0,0
10402,2025-11-15,20:00:00,1235,8,Durg,Takeaway,UPI,P006,Peppy Paneer,Veg,M,1,299,14.95,0
10403,2025-11-14,19:52:00,1423,4,Bhilai,Delivery,Card,P011,Pepper Barbecue Chicken,Chicken,L,1,469,0,27
10404,2025-01-17,19:53:00,1309,5,Bhilai,Delivery,UPI,P002,Margherita,Classic,M,1,299,0,28
10405,2025-12-11,16:42:00,1355,12,Bilaspur,Delivery,Card,P014,Mexican Green Wave,Veg,M,2,299,29.9,41
10405,2025-12-11,16:42:00,1355,12,Bilaspur,Delivery,Card,P006,Peppy Paneer,Veg,M,1,299,29.9,22
10405,2025-12-11,16:42:00,1355,12,Bilaspur,Delivery,Card,P001,Margherita,Classic,S,1,179,17.9,53
10406,2025-02-03,16:08:00,1063,12,Bilaspur,Takeaway,Cash,P009,Chicken Dominator,Chicken,L,1,469,0,0
10406,2025-02-03,16:08:00,1063,12,Bilaspur,Takeaway,Cash,P012,Veg Extravaganza,Premium Veg,M,1,329,32.9,0
10406,2025-02-03,16:08:00,1063,12,Bilaspur,Takeaway,Cash,P010,Pepper Barbecue Chicken,Chicken,M,1,319,15.95,0
10406,2025-02-03,16:08:00,1063,12,Bilaspur,Takeaway,Cash,P002,Margherita,Classic,M,1,299,29.9,0
10407,2025-11-08,21:16:00,1270,10,Bilaspur,Dine-in,Cash,P010,Pepper Barbecue Chicken,Chicken,M,1,319,31.9,0
10407,2025-11-08,21:16:00,1270,10,Bilaspur,Dine-in,Cash,P008,Chicken Dominator,Chicken,M,1,319,31.9,0
10408,2025-04-03,21:14:00,1363,5,Bhilai,Dine-in,UPI,P001,Margherita,Classic,S,1,179,0,0
10409,2025-04-17,20:26:00,1212,1,Raipur,Delivery,Card,P011,Pepper Barbecue Chicken,Chicken,L,1,469,23.45,34
10410,2025-02-04,17:32:00,1282,6,Bhilai,Takeaway,UPI,P005,Farmhouse,Veg,L,1,449,0,0
10410,2025-02-04,17:32:00,1282,6,Bhilai,Takeaway,UPI,P013,Veg Extravaganza,Premium Veg,L,1,479,0,0
10410,2025-02-04,17:32:00,1282,6,Bhilai,Takeaway,UPI,P010,Pepper Barbecue Chicken,Chicken,M,1,319,0,0
10411,2025-06-19,21:59:00,1345,8,Durg,Dine-in,UPI,P008,Chicken Dominator,Chicken,M,1,319,15.95,0
10411,2025-06-19,21:59:00,1345,8,Durg,Dine-in,UPI,P011,Pepper Barbecue Chicken,Chicken,L,1,469,46.9,0
10412,2025-07-31,22:03:00,1428,9,Durg,Delivery,Cash,P003,Margherita,Classic,L,1,449,22.45,40
10413,2025-02-03,22:17:00,1431,1,Raipur,Delivery,Wallet,P009,Chicken Dominator,Chicken,L,1,469,0,37
10413,2025-02-03,22:17:00,1431,1,Raipur,Delivery,Wallet,P006,Peppy Paneer,Veg,M,1,299,14.95,63
10414,2025-01-17,16:05:00,1255,15,Nagpur,Delivery,Wallet,P003,Margherita,Classic,L,1,449,0,30
10414,2025-01-17,16:05:00,1255,15,Nagpur,Delivery,Wallet,P005,Farmhouse,Veg,L,1,449,0,46
10414,2025-01-17,16:05:00,1255,15,Nagpur,Delivery,Wallet,P002,Margherita,Classic,M,1,299,0,48
10415,2025-09-14,15:21:00,1248,12,Bilaspur,Takeaway,Cash,P002,Margherita,Classic,M,1,299,0,0
10415,2025-09-14,15:21:00,1248,12,Bilaspur,Takeaway,Cash,P018,Paneer Makhani,Veg,M,1,299,0,0
10415,2025-09-14,15:21:00,1248,12,Bilaspur,Takeaway,Cash,P016,Cheese Burst,Specialty,M,1,324,0,0
10416,2025-08-24,17:55:00,1268,2,Raipur,Delivery,UPI,P005,Farmhouse,Veg,L,1,449,0,24
10417,2025-09-24,20:47:00,1160,1,Raipur,Delivery,Cash,P005,Farmhouse,Veg,L,1,449,22.45,52
10417,2025-09-24,20:47:00,1160,1,Raipur,Delivery,Cash,P003,Margherita,Classic,L,1,449,22.45,46
10418,2025-12-10,14:09:00,1081,5,Bhilai,Delivery,UPI,P009,Chicken Dominator,Chicken,L,2,469,46.9,27
10419,2025-12-27,20:36:00,1126,3,Raipur,Delivery,Cash,P001,Margherita,Classic,S,3,179,53.7,21
10419,2025-12-27,20:36:00,1126,3,Raipur,Delivery,Cash,P018,Paneer Makhani,Veg,M,1,299,0,45
10420,2025-07-20,15:38:00,1304,11,Bilaspur,Takeaway,Wallet,P005,Farmhouse,Veg,L,1,449,0,0
10420,2025-07-20,15:38:00,1304,11,Bilaspur,Takeaway,Wallet,P016,Cheese Burst,Specialty,M,1,324,32.4,0
10420,2025-07-20,15:38:00,1304,11,Bilaspur,Takeaway,Wallet,P013,Veg Extravaganza,Premium Veg,L,1,479,0,0
10421,2025-02-17,20:58:00,1358,8,Durg,Delivery,Cash,P007,Peppy Paneer,Veg,L,1,449,22.45,41
10421,2025-02-17,20:58:00,1358,8,Durg,Delivery,Cash,P020,Garlic Bread,Sides,M,1,149,14.9,29
10421,2025-02-17,20:58:00,1358,8,Durg,Delivery,Cash,P002,Margherita,Classic,M,1,299,14.95,38
10421,2025-02-17,20:58:00,1358,8,Durg,Delivery,Cash,P018,Paneer Makhani,Veg,M,1,299,29.9,49
10422,2025-01-16,13:07:00,1180,8,Durg,Delivery,Card,P014,Mexican Green Wave,Veg,M,1,299,0,43
10422,2025-01-16,13:07:00,1180,8,Durg,Delivery,Card,P010,Pepper Barbecue Chicken,Chicken,M,1,319,0,38
10422,2025-01-16,13:07:00,1180,8,Durg,Delivery,Card,P002,Margherita,Classic,M,1,299,0,37
10423,2025-09-30,18:37:00,1212,4,Bhilai,Delivery,Card,P006,Peppy Paneer,Veg,M,1,299,29.9,54
10423,2025-09-30,18:37:00,1212,4,Bhilai,Delivery,Card,P005,Farmhouse,Veg,L,1,449,22.45,52
10423,2025-09-30,18:37:00,1212,4,Bhilai,Delivery,Card,P016,Cheese Burst,Specialty,M,1,324,0,29
10423,2025-09-30,18:37:00,1212,4,Bhilai,Delivery,Card,P010,Pepper Barbecue Chicken,Chicken,M,1,319,0,65
10424,2025-12-31,19:31:00,1059,10,Bilaspur,Delivery,Cash,P016,Cheese Burst,Specialty,M,1,324,0,37
10425,2025-07-27,13:06:00,1351,14,Nagpur,Delivery,Wallet,P008,Chicken Dominator,Chicken,M,1,319,0,55
10425,2025-07-27,13:06:00,1351,14,Nagpur,Delivery,Wallet,P011,Pepper Barbecue Chicken,Chicken,L,1,469,0,27
10425,2025-07-27,13:06:00,1351,14,Nagpur,Delivery,Wallet,P002,Margherita,Classic,M,1,299,0,46
10426,2025-09-30,16:39:00,1296,8,Durg,Delivery,Cash,P009,Chicken Dominator,Chicken,L,1,469,46.9,63
10426,2025-09-30,16:39:00,1296,8,Durg,Delivery,Cash,P019,Paneer Makhani,Veg,L,1,449,22.45,23
10426,2025-09-30,16:39:00,1296,8,Durg,Delivery,Cash,P005,Farmhouse,Veg,L,1,449,0,57
10427,2025-09-19,17:08:00,1437,5,Bhilai,Delivery,UPI,P013,Veg Extravaganza,Premium Veg,L,1,479,23.95,25
10428,2025-05-25,21:15:00,1222,12,Bilaspur,Delivery,Cash,P006,Peppy Paneer,Veg,M,1,299,0,30
10428,2025-05-25,21:15:00,1222,12,Bilaspur,Delivery,Cash,P007,Peppy Paneer,Veg,L,1,449,44.9,41
10428,2025-05-25,21:15:00,1222,12,Bilaspur,Delivery,Cash,P003,Margherita,Classic,L,2,449,89.8,27
10429,2025-05-28,22:42:00,1065,3,Raipur,Delivery,UPI,P013,Veg Extravaganza,Premium Veg,L,1,479,47.9,26
10429,2025-05-28,22:42:00,1065,3,Raipur,Delivery,UPI,P008,Chicken Dominator,Chicken,M,1,319,0,26
10430,2025-11-25,20:55:00,1234,15,Nagpur,Takeaway,Wallet,P007,Peppy Paneer,Veg,L,2,449,89.8,0
10431,2025-07-16,17:11:00,1218,10,Bilaspur,Delivery,Wallet,P013,Veg Extravaganza,Premium Veg,L,1,479,23.95,20
10431,2025-07-16,17:11:00,1218,10,Bilaspur,Delivery,Wallet,P004,Farmhouse,Veg,M,1,299,0,54
10432,2025-09-05,19:07:00,1298,8,Durg,Dine-in,UPI,P013,Veg Extravaganza,Premium Veg,L,1,479,23.95,0
10432,2025-09-05,19:07:00,1298,8,Durg,Dine-in,UPI,P009,Chicken Dominator,Chicken,L,1,469,46.9,0
10433,2025-09-22,13:56:00,1313,2,Raipur,Delivery,UPI,P010,Pepper Barbecue Chicken,Chicken,M,1,319,0,48
10433,2025-09-22,13:56:00,1313,2,Raipur,Delivery,UPI,P018,Paneer Makhani,Veg,M,1,299,29.9,50
10433,2025-09-22,13:56:00,1313,2,Raipur,Delivery,UPI,P009,Chicken Dominator,Chicken,L,1,469,46.9,54
10434,2025-06-19,17:51:00,1151,5,Bhilai,Delivery,Cash,P001,Margherita,Classic,S,1,179,0,60
10434,2025-06-19,17:51:00,1151,5,Bhilai,Delivery,Cash,P008,Chicken Dominator,Chicken,M,1,319,15.95,65
10434,2025-06-19,17:51:00,1151,5,Bhilai,Delivery,Cash,P003,Margherita,Classic,L,1,449,0,36
10435,2025-09-06,13:32:00,1040,14,Nagpur,Takeaway,Cash,P010,Pepper Barbecue Chicken,Chicken,M,1,319,15.95,0
10435,2025-09-06,13:32:00,1040,14,Nagpur,Takeaway,Cash,P004,Farmhouse,Veg,M,1,299,0,0
10436,2025-02-27,19:58:00,1303,12,Bilaspur,Delivery,Wallet,P015,Mexican Green Wave,Veg,L,1,449,44.9,29
10436,2025-02-27,19:58:00,1303,12,Bilaspur,Delivery,Wallet,P004,Farmhouse,Veg,M,1,299,0,39
10436,2025-02-27,19:58:00,1303,12,Bilaspur,Delivery,Wallet,P013,Veg Extravaganza,Premium Veg,L,1,479,0,27
10437,2025-11-01,22:09:00,1429,8,Durg,Takeaway,Wallet,P004,Farmhouse,Veg,M,1,299,14.95,0
10437,2025-11-01,22:09:00,1429,8,Durg,Takeaway,Wallet,P007,Peppy Paneer,Veg,L,1,449,0,0
10437,2025-11-01,22:09:00,1429,8,Durg,Takeaway,Wallet,P011,Pepper Barbecue Chicken,Chicken,L,1,469,23.45,0
10437,2025-11-01,22:09:00,1429,8,Durg,Takeaway,Wallet,P003,Margherita,Classic,L,1,449,0,0
10438,2025-01-27,15:25:00,1244,5,Bhilai,Delivery,Card,P012,Veg Extravaganza,Premium Veg,M,1,329,32.9,18
10438,2025-01-27,15:25:00,1244,5,Bhilai,Delivery,Card,P006,Peppy Paneer,Veg,M,1,299,14.95,46
10438,2025-01-27,15:25:00,1244,5,Bhilai,Delivery,Card,P004,Farmhouse,Veg,M,1,299,29.9,61
10438,2025-01-27,15:25:00,1244,5,Bhilai,Delivery,Card,P009,Chicken Dominator,Chicken,L,1,469,23.45,51
10439,2025-12-16,22:06:00,1273,11,Bilaspur,Delivery,Wallet,P005,Farmhouse,Veg,L,1,449,44.9,47
10439,2025-12-16,22:06:00,1273,11,Bilaspur,Delivery,Wallet,P004,Farmhouse,Veg,M,1,299,0,64
10439,2025-12-16,22:06:00,1273,11,Bilaspur,Delivery,Wallet,P002,Margherita,Classic,M,1,299,0,51
10440,2025-06-22,19:11:00,1161,9,Durg,Delivery,UPI,P001,Margherita,Classic,S,1,179,0,51
10441,2025-02-23,19:22:00,1113,12,Bilaspur,Delivery,Card,P001,Margherita,Classic,S,1,179,0,21
10442,2025-11-01,19:53:00,1112,10,Bilaspur,Delivery,UPI,P017,Cheese Burst,Specialty,L,1,474,0,42
10443,2025-12-03,20:41:00,1290,13,Nagpur,Dine-in,UPI,P004,Farmhouse,Veg,M,1,299,0,0
10443,2025-12-03,20:41:00,1290,13,Nagpur,Dine-in,UPI,P007,Peppy Paneer,Veg,L,1,449,44.9,0
10444,2025-05-22,20:44:00,1342,13,Nagpur,Takeaway,Cash,P015,Mexican Green Wave,Veg,L,1,449,0,0
10444,2025-05-22,20:44:00,1342,13,Nagpur,Takeaway,Cash,P004,Farmhouse,Veg,M,1,299,29.9,0
10445,2025-07-18,17:03:00,1133,14,Nagpur,Delivery,Wallet,P008,Chicken Dominator,Chicken,M,1,319,0,57
10446,2025-07-21,15:31:00,1056,3,Raipur,Delivery,Wallet,P010,Pepper Barbecue Chicken,Chicken,M,1,319,31.9,63
10446,2025-07-21,15:31:00,1056,3,Raipur,Delivery,Wallet,P002,Margherita,Classic,M,1,299,14.95,24
10447,2025-01-18,13:36:00,1373,5,Bhilai,Takeaway,UPI,P003,Margherita,Classic,L,1,449,22.45,0
10447,2025-01-18,13:36:00,1373,5,Bhilai,Takeaway,UPI,P011,Pepper Barbecue Chicken,Chicken,L,1,469,0,0
10447,2025-01-18,13:36:00,1373,5,Bhilai,Takeaway,UPI,P019,Paneer Makhani,Veg,L,1,449,22.45,0
10447,2025-01-18,13:36:00,1373,5,Bhilai,Takeaway,UPI,P012,Veg Extravaganza,Premium Veg,M,1,329,32.9,0
10448,2025-10-22,10:45:00,1395,8,Durg,Delivery,Wallet,P009,Chicken Dominator,Chicken,L,1,469,0,42
10449,2025-12-19,20:30:00,1063,10,Bilaspur,Delivery,Cash,P012,Veg Extravaganza,Premium Veg,M,1,329,0,41
10449,2025-12-19,20:30:00,1063,10,Bilaspur,Delivery,Cash,P006,Peppy Paneer,Veg,M,1,299,14.95,23
10449,2025-12-19,20:30:00,1063,10,Bilaspur,Delivery,Cash,P011,Pepper Barbecue Chicken,Chicken,L,1,469,46.9,36
10450,2025-11-28,15:35:00,1021,7,Durg,Takeaway,Cash,P018,Paneer Makhani,Veg,M,1,299,29.9,0
10450,2025-11-28,15:35:00,1021,7,Durg,Takeaway,Cash,P011,Pepper Barbecue Chicken,Chicken,L,1,469,0,0
10450,2025-11-28,15:35:00,1021,7,Durg,Takeaway,Cash,P006,Peppy Paneer,Veg,M,1,299,0,0
10450,2025-11-28,15:35:00,1021,7,Durg,Takeaway,Cash,P002,Margherita,Classic,M,1,299,0,0
10451,2025-04-09,12:37:00,1123,8,Durg,Delivery,Cash,P009,Chicken Dominator,Chicken,L,1,469,0,39
10451,2025-04-09,12:37:00,1123,8,Durg,Delivery,Cash,P016,Cheese Burst,Specialty,M,1,324,0,39
10451,2025-04-09,12:37:00,1123,8,Durg,Delivery,Cash,P007,Peppy Paneer,Veg,L,1,449,0,43
10451,2025-04-09,12:37:00,1123,8,Durg,Delivery,Cash,P020,Garlic Bread,Sides,M,1,149,0,31
10452,2025-12-01,19:29:00,1348,14,Nagpur,Takeaway,Card,P019,Paneer Makhani,Veg,L,1,449,0,0
10452,2025-12-01,19:29:00,1348,14,Nagpur,Takeaway,Card,P001,Margherita,Classic,S,1,179,17.9,0
10453,2025-12-01,11:58:00,1317,1,Raipur,Delivery,Card,P003,Margherita,Classic,L,1,449,0,37
10454,2025-02-19,18:10:00,1428,10,Bilaspur,Delivery,UPI,P008,Chicken Dominator,Chicken,M,1,319,0,22
10455,2025-04-14,18:51:00,1428,12,Bilaspur,Takeaway,Cash,P020,Garlic Bread,Sides,M,1,149,0,0
10456,2025-06-14,21:50:00,1110,13,Nagpur,Delivery,Card,P001,Margherita,Classic,S,1,179,0,62
10456,2025-06-14,21:50:00,1110,13,Nagpur,Delivery,Card,P004,Farmhouse,Veg,M,1,299,14.95,53
10456,2025-06-14,21:50:00,1110,13,Nagpur,Delivery,Card,P014,Mexican Green Wave,Veg,M,1,299,0,46
10457,2025-05-05,21:02:00,1069,2,Raipur,Takeaway,Wallet,P001,Margherita,Classic,S,1,179,0,0
10457,2025-05-05,21:02:00,1069,2,Raipur,Takeaway,Wallet,P008,Chicken Dominator,Chicken,M,1,319,0,0
10458,2025-04-02,21:45:00,1334,10,Bilaspur,Takeaway,Wallet,P012,Veg Extravaganza,Premium Veg,M,1,329,32.9,0
10458,2025-04-02,21:45:00,1334,10,Bilaspur,Takeaway,Wallet,P003,Margherita,Classic,L,1,449,0,0
10458,2025-04-02,21:45:00,1334,10,Bilaspur,Takeaway,Wallet,P011,Pepper Barbecue Chicken,Chicken,L,1,469,0,0
10458,2025-04-02,21:45:00,1334,10,Bilaspur,Takeaway,Wallet,P009,Chicken Dominator,Chicken,L,1,469,0,0
10459,2025-11-02,15:31:00,1314,2,Raipur,Delivery,Cash,P007,Peppy Paneer,Veg,L,1,449,0,57
10459,2025-11-02,15:31:00,1314,2,Raipur,Delivery,Cash,P009,Chicken Dominator,Chicken,L,1,469,23.45,52
10459,2025-11-02,15:31:00,1314,2,Raipur,Delivery,Cash,P003,Margherita,Classic,L,1,449,0,47
10460,2025-11-17,19:17:00,1028,4,Bhilai,Delivery,Card,P008,Chicken Dominator,Chicken,M,1,319,15.95,36
10460,2025-11-17,19:17:00,1028,4,Bhilai,Delivery,Card,P003,Margherita,Classic,L,1,449,0,45
10460,2025-11-17,19:17:00,1028,4,Bhilai,Delivery,Card,P019,Paneer Makhani,Veg,L,1,449,22.45,39
10460,2025-11-17,19:17:00,1028,4,Bhilai,Delivery,Card,P001,Margherita,Classic,S,1,179,17.9,20
10461,2025-02-23,20:59:00,1276,3,Raipur,Delivery,UPI,P008,Chicken Dominator,Chicken,M,1,319,15.95,44
10461,2025-02-23,20:59:00,1276,3,Raipur,Delivery,UPI,P001,Margherita,Classic,S,1,179,0,65
10461,2025-02-23,20:59:00,1276,3,Raipur,Delivery,UPI,P004,Farmhouse,Veg,M,1,299,14.95,32
10461,2025-02-23,20:59:00,1276,3,Raipur,Delivery,UPI,P007,Peppy Paneer,Veg,L,1,449,0,38
10462,2025-04-27,14:47:00,1212,14,Nagpur,Delivery,Card,P008,Chicken Dominator,Chicken,M,1,319,31.9,21
10463,2025-08-12,15:59:00,1313,8,Durg,Delivery,Cash,P007,Peppy Paneer,Veg,L,1,449,22.45,35
10463,2025-08-12,15:59:00,1313,8,Durg,Delivery,Cash,P003,Margherita,Classic,L,1,449,0,39
10464,2025-03-07,12:36:00,1031,5,Bhilai,Delivery,Wallet,P007,Peppy Paneer,Veg,L,1,449,0,58
10464,2025-03-07,12:36:00,1031,5,Bhilai,Delivery,Wallet,P014,Mexican Green Wave,Veg,M,1,299,0,54
10464,2025-03-07,12:36:00,1031,5,Bhilai,Delivery,Wallet,P003,Margherita,Classic,L,1,449,0,23
10464,2025-03-07,12:36:00,1031,5,Bhilai,Delivery,Wallet,P005,Farmhouse,Veg,L,1,449,44.9,51
10465,2025-09-08,21:13:00,1303,8,Durg,Takeaway,Cash,P013,Veg Extravaganza,Premium Veg,L,1,479,0,0
10466,2025-05-07,17:37:00,1114,15,Nagpur,Dine-in,Card,P007,Peppy Paneer,Veg,L,1,449,0,0
10467,2025-01-21,22:46:00,1394,9,Durg,Delivery,Wallet,P016,Cheese Burst,Specialty,M,1,324,0,53
10467,2025-01-21,22:46:00,1394,9,Durg,Delivery,Wallet,P012,Veg Extravaganza,Premium Veg,M,1,329,0,62
10467,2025-01-21,22:46:00,1394,9,Durg,Delivery,Wallet,P002,Margherita,Classic,M,1,299,29.9,31
10467,2025-01-21,22:46:00,1394,9,Durg,Delivery,Wallet,P008,Chicken Dominator,Chicken,M,1,319,0,40
10468,2025-06-01,16:05:00,1009,8,Durg,Takeaway,Card,P017,Cheese Burst,Specialty,L,1,474,0,0
10468,2025-06-01,16:05:00,1009,8,Durg,Takeaway,Card,P014,Mexican Green Wave,Veg,M,1,299,29.9,0
10468,2025-06-01,16:05:00,1009,8,Durg,Takeaway,Card,P001,Margherita,Classic,S,1,179,0,0
10468,2025-06-01,16:05:00,1009,8,Durg,Takeaway,Card,P007,Peppy Paneer,Veg,L,1,449,22.45,0
10469,2025-11-17,18:40:00,1001,14,Nagpur,Delivery,Wallet,P009,Chicken Dominator,Chicken,L,1,469,0,61
10469,2025-11-17,18:40:00,1001,14,Nagpur,Delivery,Wallet,P005,Farmhouse,Veg,L,1,449,0,57
10469,2025-11-17,18:40:00,1001,14,Nagpur,Delivery,Wallet,P014,Mexican Green Wave,Veg,M,1,299,14.95,65
10470,2025-01-29,18:58:00,1346,6,Bhilai,Takeaway,UPI,P006,Peppy Paneer,Veg,M,2,299,0,0
10470,2025-01-29,18:58:00,1346,6,Bhilai,Takeaway,UPI,P011,Pepper Barbecue Chicken,Chicken,L,1,469,0,0
10470,2025-01-29,18:58:00,1346,6,Bhilai,Takeaway,UPI,P003,Margherita,Classic,L,1,449,0,0
10471,2025-06-21,16:07:00,1333,8,Durg,Takeaway,Card,P005,Farmhouse,Veg,L,1,449,44.9,0
10471,2025-06-21,16:07:00,1333,8,Durg,Takeaway,Card,P018,Paneer Makhani,Veg,M,1,299,14.95,0
10472,2025-01-28,13:22:00,1232,8,Durg,Delivery,UPI,P013,Veg Extravaganza,Premium Veg,L,1,479,23.95,61
10472,2025-01-28,13:22:00,1232,8,Durg,Delivery,UPI,P012,Veg Extravaganza,Premium Veg,M,1,329,0,30
10472,2025-01-28,13:22:00,1232,8,Durg,Delivery,UPI,P009,Chicken Dominator,Chicken,L,1,469,46.9,23
10472,2025-01-28,13:22:00,1232,8,Durg,Delivery,UPI,P005,Farmhouse,Veg,L,1,449,0,43
10473,2025-04-02,16:04:00,1056,3,Raipur,Delivery,Card,P003,Margherita,Classic,L,2,449,89.8,61
10473,2025-04-02,16:04:00,1056,3,Raipur,Delivery,Card,P020,Garlic Bread,Sides,M,1,149,0,48
10473,2025-04-02,16:04:00,1056,3,Raipur,Delivery,Card,P001,Margherita,Classic,S,1,179,8.95,44
10474,2025-08-16,20:01:00,1150,4,Bhilai,Delivery,Card,P006,Peppy Paneer,Veg,M,1,299,14.95,49
10474,2025-08-16,20:01:00,1150,4,Bhilai,Delivery,Card,P005,Farmhouse,Veg,L,1,449,44.9,47
10474,2025-08-16,20:01:00,1150,4,Bhilai,Delivery,Card,P011,Pepper Barbecue Chicken,Chicken,L,1,469,23.45,54
10475,2025-03-09,21:19:00,1088,13,Nagpur,Delivery,Wallet,P020,Garlic Bread,Sides,M,1,149,7.45,36
10475,2025-03-09,21:19:00,1088,13,Nagpur,Delivery,Wallet,P014,Mexican Green Wave,Veg,M,1,299,29.9,28
10475,2025-03-09,21:19:00,1088,13,Nagpur,Delivery,Wallet,P001,Margherita,Classic,S,1,179,0,63
10476,2025-10-02,16:11:00,1430,12,Bilaspur,Takeaway,Card,P004,Farmhouse,Veg,M,1,299,14.95,0
10476,2025-10-02,16:11:00,1430,12,Bilaspur,Takeaway,Card,P001,Margherita,Classic,S,1,179,0,0
10477,2025-08-14,16:11:00,1106,9,Durg,Takeaway,Cash,P003,Margherita,Classic,L,1,449,22.45,0
10477,2025-08-14,16:11:00,1106,9,Durg,Takeaway,Cash,P007,Peppy Paneer,Veg,L,1,449,0,0
10477,2025-08-14,16:11:00,1106,9,Durg,Takeaway,Cash,P020,Garlic Bread,Sides,M,1,149,0,0
10478,2025-07-27,22:49:00,1075,8,Durg,Dine-in,Card,P020,Garlic Bread,Sides,M,1,149,7.45,0
10479,2025-11-28,19:30:00,1149,13,Nagpur,Dine-in,Card,P005,Farmhouse,Veg,L,1,449,0,0
10479,2025-11-28,19:30:00,1149,13,Nagpur,Dine-in,Card,P002,Margherita,Classic,M,1,299,14.95,0
10479,2025-11-28,19:30:00,1149,13,Nagpur,Dine-in,Card,P008,Chicken Dominator,Chicken,M,1,319,0,0
10479,2025-11-28,19:30:00,1149,13,Nagpur,Dine-in,Card,P001,Margherita,Classic,S,1,179,17.9,0
10480,2025-11-13,21:28:00,1183,2,Raipur,Delivery,Card,P015,Mexican Green Wave,Veg,L,1,449,0,19
10480,2025-11-13,21:28:00,1183,2,Raipur,Delivery,Card,P014,Mexican Green Wave,Veg,M,1,299,0,52
10481,2025-08-17,19:05:00,1263,7,Durg,Delivery,Cash,P019,Paneer Makhani,Veg,L,1,449,22.45,43
10482,2025-03-17,20:27:00,1190,7,Durg,Delivery,Cash,P005,Farmhouse,Veg,L,1,449,0,31
10482,2025-03-17,20:27:00,1190,7,Durg,Delivery,Cash,P020,Garlic Bread,Sides,M,1,149,14.9,65
10482,2025-03-17,20:27:00,1190,7,Durg,Delivery,Cash,P018,Paneer Makhani,Veg,M,1,299,29.9,46
10483,2025-05-28,15:46:00,1218,12,Bilaspur,Takeaway,Card,P002,Margherita,Classic,M,1,299,14.95,0
10484,2025-09-01,22:33:00,1172,2,Raipur,Dine-in,Wallet,P001,Margherita,Classic,S,1,179,8.95,0
10485,2025-08-01,15:29:00,1364,10,Bilaspur,Takeaway,Card,P003,Margherita,Classic,L,1,449,44.9,0
10485,2025-08-01,15:29:00,1364,10,Bilaspur,Takeaway,Card,P006,Peppy Paneer,Veg,M,1,299,0,0
10486,2025-06-04,21:19:00,1253,9,Durg,Takeaway,Card,P015,Mexican Green Wave,Veg,L,1,449,0,0
10487,2025-05-15,16:40:00,1428,11,Bilaspur,Delivery,Cash,P003,Margherita,Classic,L,1,449,22.45,49
10487,2025-05-15,16:40:00,1428,11,Bilaspur,Delivery,Cash,P019,Paneer Makhani,Veg,L,1,449,0,56
10487,2025-05-15,16:40:00,1428,11,Bilaspur,Delivery,Cash,P011,Pepper Barbecue Chicken,Chicken,L,1,469,23.45,55
10487,2025-05-15,16:40:00,1428,11,Bilaspur,Delivery,Cash,P001,Margherita,Classic,S,1,179,17.9,54
10488,2025-08-12,21:40:00,1352,8,Durg,Dine-in,UPI,P008,Chicken Dominator,Chicken,M,1,319,0,0
10488,2025-08-12,21:40:00,1352,8,Durg,Dine-in,UPI,P010,Pepper Barbecue Chicken,Chicken,M,1,319,0,0
10488,2025-08-12,21:40:00,1352,8,Durg,Dine-in,UPI,P017,Cheese Burst,Specialty,L,1,474,0,0
10489,2025-06-13,18:44:00,1070,6,Bhilai,Delivery,Cash,P007,Peppy Paneer,Veg,L,1,449,22.45,36
10489,2025-06-13,18:44:00,1070,6,Bhilai,Delivery,Cash,P019,Paneer Makhani,Veg,L,1,449,0,50
10489,2025-06-13,18:44:00,1070,6,Bhilai,Delivery,Cash,P006,Peppy Paneer,Veg,M,1,299,0,58
10490,2025-04-04,20:38:00,1386,3,Raipur,Delivery,Cash,P004,Farmhouse,Veg,M,1,299,14.95,27
10490,2025-04-04,20:38:00,1386,3,Raipur,Delivery,Cash,P012,Veg Extravaganza,Premium Veg,M,1,329,0,26
10490,2025-04-04,20:38:00,1386,3,Raipur,Delivery,Cash,P006,Peppy Paneer,Veg,M,1,299,14.95,41
10491,2025-09-06,17:58:00,1084,2,Raipur,Delivery,Card,P015,Mexican Green Wave,Veg,L,1,449,0,44
10491,2025-09-06,17:58:00,1084,2,Raipur,Delivery,Card,P009,Chicken Dominator,Chicken,L,1,469,46.9,22
10492,2025-03-01,20:59:00,1009,8,Durg,Delivery,Cash,P016,Cheese Burst,Specialty,M,1,324,16.2,29
10492,2025-03-01,20:59:00,1009,8,Durg,Delivery,Cash,P018,Paneer Makhani,Veg,M,1,299,14.95,19
10493,2025-03-02,16:54:00,1356,3,Raipur,Takeaway,Cash,P003,Margherita,Classic,L,1,449,44.9,0
10493,2025-03-02,16:54:00,1356,3,Raipur,Takeaway,Cash,P020,Garlic Bread,Sides,M,1,149,0,0
10494,2025-02-09,11:30:00,1388,7,Durg,Delivery,UPI,P015,Mexican Green Wave,Veg,L,1,449,0,48
10495,2025-03-02,21:02:00,1034,5,Bhilai,Takeaway,UPI,P019,Paneer Makhani,Veg,L,1,449,0,0
10496,2025-10-28,21:11:00,1344,6,Bhilai,Delivery,Card,P020,Garlic Bread,Sides,M,1,149,0,50
10496,2025-10-28,21:11:00,1344,6,Bhilai,Delivery,Card,P005,Farmhouse,Veg,L,1,449,0,24
10496,2025-10-28,21:11:00,1344,6,Bhilai,Delivery,Card,P003,Margherita,Classic,L,1,449,0,51
10497,2025-04-22,20:18:00,1088,15,Nagpur,Takeaway,UPI,P019,Paneer Makhani,Veg,L,1,449,44.9,0
10498,2025-07-07,19:11:00,1226,11,Bilaspur,Dine-in,Card,P020,Garlic Bread,Sides,M,1,149,14.9,0
10498,2025-07-07,19:11:00,1226,11,Bilaspur,Dine-in,Card,P007,Peppy Paneer,Veg,L,1,449,0,0
10498,2025-07-07,19:11:00,1226,11,Bilaspur,Dine-in,Card,P008,Chicken Dominator,Chicken,M,1,319,15.95,0
10499,2025-03-05,18:33:00,1070,8,Durg,Takeaway,Cash,P002,Margherita,Classic,M,1,299,29.9,0
10500,2025-03-01,17:29:00,1308,12,Bilaspur,Delivery,Wallet,P009,Chicken Dominator,Chicken,L,1,469,46.9,30
10500,2025-03-01,17:29:00,1308,12,Bilaspur,Delivery,Wallet,P005,Farmhouse,Veg,L,1,449,0,48
10501,2025-12-14,17:00:00,1346,8,Durg,Takeaway,Wallet,P009,Chicken Dominator,Chicken,L,1,469,0,0
10501,2025-12-14,17:00:00,1346,8,Durg,Takeaway,Wallet,P012,Veg Extravaganza,Premium Veg,M,1,329,0,0
10501,2025-12-14,17:00:00,1346,8,Durg,Takeaway,Wallet,P002,Margherita,Classic,M,1,299,0,0
10501,2025-12-14,17:00:00,1346,8,Durg,Takeaway,Wallet,P006,Peppy Paneer,Veg,M,1,299,14.95,0
10502,2025-04-12,17:38:00,1433,7,Durg,Delivery,Wallet,P004,Farmhouse,Veg,M,2,299,59.8,40
10502,2025-04-12,17:38:00,1433,7,Durg,Delivery,Wallet,P013,Veg Extravaganza,Premium Veg,L,1,479,47.9,60
10502,2025-04-12,17:38:00,1433,7,Durg,Delivery,Wallet,P010,Pepper Barbecue Chicken,Chicken,M,1,319,31.9,49
10503,2025-09-19,16:49:00,1233,2,Raipur,Delivery,Wallet,P004,Farmhouse,Veg,M,1,299,0,49
10503,2025-09-19,16:49:00,1233,2,Raipur,Delivery,Wallet,P020,Garlic Bread,Sides,M,1,149,0,29
10503,2025-09-19,16:49:00,1233,2,Raipur,Delivery,Wallet,P001,Margherita,Classic,S,1,179,17.9,56
10503,2025-09-19,16:49:00,1233,2,Raipur,Delivery,Wallet,P014,Mexican Green Wave,Veg,M,1,299,14.95,27
10504,2025-06-05,19:06:00,1390,2,Raipur,Takeaway,Wallet,P003,Margherita,Classic,L,1,449,22.45,0
10504,2025-06-05,19:06:00,1390,2,Raipur,Takeaway,Wallet,P012,Veg Extravaganza,Premium Veg,M,1,329,0,0
10504,2025-06-05,19:06:00,1390,2,Raipur,Takeaway,Wallet,P008,Chicken Dominator,Chicken,M,1,319,0,0
10504,2025-06-05,19:06:00,1390,2,Raipur,Takeaway,Wallet,P004,Farmhouse,Veg,M,1,299,29.9,0
10505,2025-03-02,17:20:00,1437,7,Durg,Delivery,UPI,P003,Margherita,Classic,L,1,449,22.45,63
10506,2025-03-26,18:08:00,1160,12,Bilaspur,Delivery,UPI,P011,Pepper Barbecue Chicken,Chicken,L,1,469,0,50
10506,2025-03-26,18:08:00,1160,12,Bilaspur,Delivery,UPI,P012,Veg Extravaganza,Premium Veg,M,1,329,0,43
10506,2025-03-26,18:08:00,1160,12,Bilaspur,Delivery,UPI,P009,Chicken Dominator,Chicken,L,1,469,23.45,49
10506,2025-03-26,18:08:00,1160,12,Bilaspur,Delivery,UPI,P008,Chicken Dominator,Chicken,M,1,319,31.9,57
10507,2025-12-13,17:18:00,1165,1,Raipur,Delivery,UPI,P016,Cheese Burst,Specialty,M,1,324,0,58
10507,2025-12-13,17:18:00,1165,1,Raipur,Delivery,UPI,P005,Farmhouse,Veg,L,1,449,22.45,42
10508,2025-02-19,18:22:00,1211,6,Bhilai,Delivery,Card,P004,Farmhouse,Veg,M,1,299,0,62
10508,2025-02-19,18:22:00,1211,6,Bhilai,Delivery,Card,P005,Farmhouse,Veg,L,1,449,0,37
10509,2025-02-28,17:01:00,1276,6,Bhilai,Delivery,Wallet,P004,Farmhouse,Veg,M,1,299,29.9,54
10509,2025-02-28,17:01:00,1276,6,Bhilai,Delivery,Wallet,P012,Veg Extravaganza,Premium Veg,M,1,329,32.9,38
10509,2025-02-28,17:01:00,1276,6,Bhilai,Delivery,Wallet,P010,Pepper Barbecue Chicken,Chicken,M,1,319,0,49
10509,2025-02-28,17:01:00,1276,6,Bhilai,Delivery,Wallet,P020,Garlic Bread,Sides,M,1,149,0,62
10510,2025-12-12,16:31:00,1258,13,Nagpur,Takeaway,Cash,P010,Pepper Barbecue Chicken,Chicken,M,1,319,31.9,0
10510,2025-12-12,16:31:00,1258,13,Nagpur,Takeaway,Cash,P006,Peppy Paneer,Veg,M,1,299,0,0
10511,2025-09-12,19:50:00,1039,14,Nagpur,Takeaway,Card,P004,Farmhouse,Veg,M,1,299,0,0
10511,2025-09-12,19:50:00,1039,14,Nagpur,Takeaway,Card,P005,Farmhouse,Veg,L,1,449,0,0
10511,2025-09-12,19:50:00,1039,14,Nagpur,Takeaway,Card,P009,Chicken Dominator,Chicken,L,1,469,0,0
10512,2025-10-31,17:04:00,1291,13,Nagpur,Delivery,Wallet,P005,Farmhouse,Veg,L,1,449,22.45,50
10512,2025-10-31,17:04:00,1291,13,Nagpur,Delivery,Wallet,P002,Margherita,Classic,M,1,299,14.95,45
10513,2025-12-06,18:12:00,1213,7,Durg,Delivery,Wallet,P018,Paneer Makhani,Veg,M,1,299,0,54
10513,2025-12-06,18:12:00,1213,7,Durg,Delivery,Wallet,P011,Pepper Barbecue Chicken,Chicken,L,1,469,46.9,31
10514,2025-12-05,22:47:00,1240,5,Bhilai,Dine-in,Wallet,P009,Chicken Dominator,Chicken,L,1,469,23.45,0
10515,2025-08-25,15:09:00,1383,11,Bilaspur,Takeaway,Wallet,P005,Farmhouse,Veg,L,1,449,44.9,0
10515,2025-08-25,15:09:00,1383,11,Bilaspur,Takeaway,Wallet,P016,Cheese Burst,Specialty,M,1,324,16.2,0
10515,2025-08-25,15:09:00,1383,11,Bilaspur,Takeaway,Wallet,P001,Margherita,Classic,S,1,179,8.95,0
10515,2025-08-25,15:09:00,1383,11,Bilaspur,Takeaway,Wallet,P003,Margherita,Classic,L,1,449,0,0
10516,2025-05-12,19:15:00,1208,4,Bhilai,Delivery,Card,P004,Farmhouse,Veg,M,1,299,14.95,47
10517,2025-09-06,18:27:00,1217,11,Bilaspur,Dine-in,Card,P004,Farmhouse,Veg,M,1,299,14.95,0
10517,2025-09-06,18:27:00,1217,11,Bilaspur,Dine-in,Card,P001,Margherita,Classic,S,1,179,0,0
10518,2025-11-26,21:46:00,1249,13,Nagpur,Delivery,UPI,P010,Pepper Barbecue Chicken,Chicken,M,1,319,31.9,41
10518,2025-11-26,21:46:00,1249,13,Nagpur,Delivery,UPI,P017,Cheese Burst,Specialty,L,1,474,0,43
10518,2025-11-26,21:46:00,1249,13,Nagpur,Delivery,UPI,P018,Paneer Makhani,Veg,M,1,299,0,33
10519,2025-02-27,19:32:00,1062,9,Durg,Takeaway,Cash,P018,Paneer Makhani,Veg,M,1,299,14.95,0
10519,2025-02-27,19:32:00,1062,9,Durg,Takeaway,Cash,P004,Farmhouse,Veg,M,1,299,29.9,0
10519,2025-02-27,19:32:00,1062,9,Durg,Takeaway,Cash,P002,Margherita,Classic,M,1,299,0,0
10519,2025-02-27,19:32:00,1062,9,Durg,Takeaway,Cash,P015,Mexican Green Wave,Veg,L,1,449,44.9,0
10520,2025-04-22,15:11:00,1110,5,Bhilai,Delivery,Cash,P008,Chicken Dominator,Chicken,M,1,319,15.95,62
10521,2025-02-27,17:27:00,1244,11,Bilaspur,Delivery,Cash,P006,Peppy Paneer,Veg,M,1,299,14.95,19
10521,2025-02-27,17:27:00,1244,11,Bilaspur,Delivery,Cash,P013,Veg Extravaganza,Premium Veg,L,1,479,0,65
10522,2025-12-06,20:03:00,1354,15,Nagpur,Takeaway,Card,P009,Chicken Dominator,Chicken,L,1,469,23.45,0
10522,2025-12-06,20:03:00,1354,15,Nagpur,Takeaway,Card,P005,Farmhouse,Veg,L,1,449,0,0
10522,2025-12-06,20:03:00,1354,15,Nagpur,Takeaway,Card,P020,Garlic Bread,Sides,M,1,149,0,0
10523,2025-08-15,17:58:00,1202,15,Nagpur,Dine-in,Cash,P002,Margherita,Classic,M,1,299,0,0
10523,2025-08-15,17:58:00,1202,15,Nagpur,Dine-in,Cash,P016,Cheese Burst,Specialty,M,1,324,0,0
10523,2025-08-15,17:58:00,1202,15,Nagpur,Dine-in,Cash,P004,Farmhouse,Veg,M,1,299,29.9,0
10524,2025-11-20,17:51:00,1393,11,Bilaspur,Delivery,UPI,P017,Cheese Burst,Specialty,L,1,474,47.4,65
10524,2025-11-20,17:51:00,1393,11,Bilaspur,Delivery,UPI,P016,Cheese Burst,Specialty,M,1,324,32.4,39
10524,2025-11-20,17:51:00,1393,11,Bilaspur,Delivery,UPI,P019,Paneer Makhani,Veg,L,1,449,44.9,24
10525,2025-03-24,19:32:00,1034,6,Bhilai,Delivery,Cash,P012,Veg Extravaganza,Premium Veg,M,1,329,32.9,59
10525,2025-03-24,19:32:00,1034,6,Bhilai,Delivery,Cash,P014,Mexican Green Wave,Veg,M,1,299,0,18
10525,2025-03-24,19:32:00,1034,6,Bhilai,Delivery,Cash,P011,Pepper Barbecue Chicken,Chicken,L,1,469,46.9,30
10525,2025-03-24,19:32:00,1034,6,Bhilai,Delivery,Cash,P003,Margherita,Classic,L,1,449,22.45,38
10526,2025-10-22,13:10:00,1128,9,Durg,Takeaway,Card,P015,Mexican Green Wave,Veg,L,1,449,22.45,0
10526,2025-10-22,13:10:00,1128,9,Durg,Takeaway,Card,P005,Farmhouse,Veg,L,1,449,0,0
10526,2025-10-22,13:10:00,1128,9,Durg,Takeaway,Card,P008,Chicken Dominator,Chicken,M,1,319,15.95,0
10526,2025-10-22,13:10:00,1128,9,Durg,Takeaway,Card,P013,Veg Extravaganza,Premium Veg,L,1,479,23.95,0
10527,2025-04-12,14:23:00,1094,7,Durg,Takeaway,Card,P020,Garlic Bread,Sides,M,1,149,0,0
10528,2025-02-15,22:12:00,1135,12,Bilaspur,Takeaway,UPI,P011,Pepper Barbecue Chicken,Chicken,L,1,469,0,0
10528,2025-02-15,22:12:00,1135,12,Bilaspur,Takeaway,UPI,P010,Pepper Barbecue Chicken,Chicken,M,1,319,0,0
10528,2025-02-15,22:12:00,1135,12,Bilaspur,Takeaway,UPI,P003,Margherita,Classic,L,1,449,0,0
10528,2025-02-15,22:12:00,1135,12,Bilaspur,Takeaway,UPI,P020,Garlic Bread,Sides,M,1,149,14.9,0
10529,2025-08-21,20:31:00,1061,4,Bhilai,Takeaway,Card,P005,Farmhouse,Veg,L,1,449,0,0
10529,2025-08-21,20:31:00,1061,4,Bhilai,Takeaway,Card,P008,Chicken Dominator,Chicken,M,1,319,0,0
10529,2025-08-21,20:31:00,1061,4,Bhilai,Takeaway,Card,P002,Margherita,Classic,M,1,299,14.95,0
10530,2025-12-13,15:11:00,1210,13,Nagpur,Delivery,Cash,P004,Farmhouse,Veg,M,2,299,59.8,23
10530,2025-12-13,15:11:00,1210,13,Nagpur,Delivery,Cash,P007,Peppy Paneer,Veg,L,1,449,0,48
10531,2025-03-10,21:44:00,1204,11,Bilaspur,Delivery,Wallet,P014,Mexican Green Wave,Veg,M,1,299,14.95,33
10531,2025-03-10,21:44:00,1204,11,Bilaspur,Delivery,Wallet,P004,Farmhouse,Veg,M,1,299,29.9,40
10531,2025-03-10,21:44:00,1204,11,Bilaspur,Delivery,Wallet,P002,Margherita,Classic,M,1,299,0,18
10531,2025-03-10,21:44:00,1204,11,Bilaspur,Delivery,Wallet,P001,Margherita,Classic,S,1,179,8.95,50
10532,2025-11-14,17:25:00,1344,6,Bhilai,Delivery,UPI,P004,Farmhouse,Veg,M,1,299,14.95,47
10532,2025-11-14,17:25:00,1344,6,Bhilai,Delivery,UPI,P008,Chicken Dominator,Chicken,M,1,319,0,23
10533,2025-06-12,19:27:00,1073,5,Bhilai,Delivery,UPI,P008,Chicken Dominator,Chicken,M,1,319,15.95,65
10533,2025-06-12,19:27:00,1073,5,Bhilai,Delivery,UPI,P020,Garlic Bread,Sides,M,1,149,7.45,45
10534,2025-05-25,21:16:00,1314,14,Nagpur,Takeaway,Cash,P007,Peppy Paneer,Veg,L,1,449,44.9,0
10534,2025-05-25,21:16:00,1314,14,Nagpur,Takeaway,Cash,P003,Margherita,Classic,L,1,449,0,0
10534,2025-05-25,21:16:00,1314,14,Nagpur,Takeaway,Cash,P014,Mexican Green Wave,Veg,M,1,299,29.9,0
10535,2025-01-28,15:03:00,1118,3,Raipur,Delivery,Cash,P013,Veg Extravaganza,Premium Veg,L,1,479,47.9,20
10535,2025-01-28,15:03:00,1118,3,Raipur,Delivery,Cash,P007,Peppy Paneer,Veg,L,1,449,44.9,40
10536,2025-12-30,18:29:00,1253,2,Raipur,Takeaway,Card,P005,Farmhouse,Veg,L,1,449,0,0
10537,2025-05-26,15:10:00,1384,9,Durg,Takeaway,Card,P009,Chicken Dominator,Chicken,L,1,469,0,0
10538,2025-08-02,21:15:00,1394,8,Durg,Takeaway,Cash,P004,Farmhouse,Veg,M,1,299,0,0
10539,2025-07-21,17:59:00,1055,14,Nagpur,Delivery,UPI,P007,Peppy Paneer,Veg,L,1,449,44.9,47
10540,2025-11-18,22:38:00,1337,1,Raipur,Delivery,UPI,P005,Farmhouse,Veg,L,1,449,0,31
10540,2025-11-18,22:38:00,1337,1,Raipur,Delivery,UPI,P013,Veg Extravaganza,Premium Veg,L,2,479,0,59
10540,2025-11-18,22:38:00,1337,1,Raipur,Delivery,UPI,P020,Garlic Bread,Sides,M,1,149,7.45,38
10541,2025-01-29,20:35:00,1309,7,Durg,Delivery,Cash,P004,Farmhouse,Veg,M,1,299,29.9,23
10541,2025-01-29,20:35:00,1309,7,Durg,Delivery,Cash,P014,Mexican Green Wave,Veg,M,1,299,0,31
10542,2025-03-25,17:25:00,1146,11,Bilaspur,Takeaway,Card,P005,Farmhouse,Veg,L,1,449,44.9,0
10543,2025-06-08,21:38:00,1068,6,Bhilai,Takeaway,Cash,P008,Chicken Dominator,Chicken,M,1,319,31.9,0
10543,2025-06-08,21:38:00,1068,6,Bhilai,Takeaway,Cash,P018,Paneer Makhani,Veg,M,1,299,14.95,0
10544,2025-10-16,19:05:00,1388,7,Durg,Takeaway,Card,P011,Pepper Barbecue Chicken,Chicken,L,1,469,0,0
10544,2025-10-16,19:05:00,1388,7,Durg,Takeaway,Card,P002,Margherita,Classic,M,1,299,0,0
10544,2025-10-16,19:05:00,1388,7,Durg,Takeaway,Card,P008,Chicken Dominator,Chicken,M,1,319,31.9,0
10544,2025-10-16,19:05:00,1388,7,Durg,Takeaway,Card,P020,Garlic Bread,Sides,M,1,149,0,0
10545,2025-05-29,18:05:00,1411,8,Durg,Delivery,Card,P017,Cheese Burst,Specialty,L,1,474,0,53
10545,2025-05-29,18:05:00,1411,8,Durg,Delivery,Card,P009,Chicken Dominator,Chicken,L,1,469,0,20
10545,2025-05-29,18:05:00,1411,8,Durg,Delivery,Card,P005,Farmhouse,Veg,L,1,449,0,50
10546,2025-08-06,17:29:00,1339,12,Bilaspur,Delivery,Cash,P004,Farmhouse,Veg,M,1,299,0,65
10546,2025-08-06,17:29:00,1339,12,Bilaspur,Delivery,Cash,P002,Margherita,Classic,M,1,299,29.9,29
10546,2025-08-06,17:29:00,1339,12,Bilaspur,Delivery,Cash,P008,Chicken Dominator,Chicken,M,1,319,0,43
10547,2025-01-24,13:56:00,1361,5,Bhilai,Delivery,Wallet,P011,Pepper Barbecue Chicken,Chicken,L,1,469,0,31
10547,2025-01-24,13:56:00,1361,5,Bhilai,Delivery,Wallet,P004,Farmhouse,Veg,M,1,299,0,23
10547,2025-01-24,13:56:00,1361,5,Bhilai,Delivery,Wallet,P020,Garlic Bread,Sides,M,1,149,7.45,61
10547,2025-01-24,13:56:00,1361,5,Bhilai,Delivery,Wallet,P018,Paneer Makhani,Veg,M,1,299,0,45
10548,2025-10-01,11:25:00,1060,1,Raipur,Delivery,Wallet,P012,Veg Extravaganza,Premium Veg,M,1,329,32.9,37
10548,2025-10-01,11:25:00,1060,1,Raipur,Delivery,Wallet,P018,Paneer Makhani,Veg,M,1,299,14.95,62
10548,2025-10-01,11:25:00,1060,1,Raipur,Delivery,Wallet,P020,Garlic Bread,Sides,M,1,149,14.9,37
10548,2025-10-01,11:25:00,1060,1,Raipur,Delivery,Wallet,P010,Pepper Barbecue Chicken,Chicken,M,1,319,0,26
10549,2025-03-11,11:07:00,1418,1,Raipur,Takeaway,Card,P003,Margherita,Classic,L,1,449,0,0
10550,2025-11-29,16:53:00,1321,14,Nagpur,Takeaway,Card,P005,Farmhouse,Veg,L,1,449,44.9,0
10551,2025-03-17,18:01:00,1060,3,Raipur,Dine-in,Wallet,P008,Chicken Dominator,Chicken,M,1,319,31.9,0
10551,2025-03-17,18:01:00,1060,3,Raipur,Dine-in,Wallet,P017,Cheese Burst,Specialty,L,1,474,0,0
10551,2025-03-17,18:01:00,1060,3,Raipur,Dine-in,Wallet,P010,Pepper Barbecue Chicken,Chicken,M,1,319,15.95,0
10551,2025-03-17,18:01:00,1060,3,Raipur,Dine-in,Wallet,P003,Margherita,Classic,L,1,449,0,0
10552,2025-02-22,19:45:00,1222,7,Durg,Takeaway,Cash,P008,Chicken Dominator,Chicken,M,1,319,31.9,0
10553,2025-09-20,19:39:00,1348,15,Nagpur,Takeaway,Wallet,P013,Veg Extravaganza,Premium Veg,L,1,479,47.9,0
10553,2025-09-20,19:39:00,1348,15,Nagpur,Takeaway,Wallet,P009,Chicken Dominator,Chicken,L,1,469,23.45,0
10554,2025-10-11,13:57:00,1332,7,Durg,Takeaway,UPI,P011,Pepper Barbecue Chicken,Chicken,L,2,469,0,0
10554,2025-10-11,13:57:00,1332,7,Durg,Takeaway,UPI,P007,Peppy Paneer,Veg,L,2,449,44.9,0
10555,2025-04-09,18:28:00,1119,9,Durg,Delivery,Cash,P002,Margherita,Classic,M,1,299,14.95,48
10555,2025-04-09,18:28:00,1119,9,Durg,Delivery,Cash,P005,Farmhouse,Veg,L,1,449,0,57
10555,2025-04-09,18:28:00,1119,9,Durg,Delivery,Cash,P013,Veg Extravaganza,Premium Veg,L,1,479,0,36
10555,2025-04-09,18:28:00,1119,9,Durg,Delivery,Cash,P020,Garlic Bread,Sides,M,1,149,0,60
10556,2025-09-05,14:12:00,1081,10,Bilaspur,Delivery,Wallet,P005,Farmhouse,Veg,L,1,449,22.45,40
10556,2025-09-05,14:12:00,1081,10,Bilaspur,Delivery,Wallet,P003,Margherita,Classic,L,1,449,0,29
10556,2025-09-05,14:12:00,1081,10,Bilaspur,Delivery,Wallet,P001,Margherita,Classic,S,2,179,0,22
10557,2025-06-22,18:39:00,1117,2,Raipur,Delivery,Wallet,P020,Garlic Bread,Sides,M,1,149,7.45,27
10557,2025-06-22,18:39:00,1117,2,Raipur,Delivery,Wallet,P015,Mexican Green Wave,Veg,L,1,449,0,63
10557,2025-06-22,18:39:00,1117,2,Raipur,Delivery,Wallet,P014,Mexican Green Wave,Veg,M,1,299,0,46
10558,2025-08-23,22:48:00,1057,2,Raipur,Takeaway,UPI,P008,Chicken Dominator,Chicken,M,1,319,0,0
10559,2025-11-19,14:13:00,1186,3,Raipur,Takeaway,Wallet,P013,Veg Extravaganza,Premium Veg,L,1,479,0,0
10559,2025-11-19,14:13:00,1186,3,Raipur,Takeaway,Wallet,P002,Margherita,Classic,M,1,299,0,0
10559,2025-11-19,14:13:00,1186,3,Raipur,Takeaway,Wallet,P011,Pepper Barbecue Chicken,Chicken,L,1,469,0,0
10559,2025-11-19,14:13:00,1186,3,Raipur,Takeaway,Wallet,P005,Farmhouse,Veg,L,1,449,44.9,0
10560,2025-08-01,20:00:00,1126,14,Nagpur,Takeaway,Cash,P008,Chicken Dominator,Chicken,M,1,319,31.9,0
10560,2025-08-01,20:00:00,1126,14,Nagpur,Takeaway,Cash,P002,Margherita,Classic,M,1,299,14.95,0
10560,2025-08-01,20:00:00,1126,14,Nagpur,Takeaway,Cash,P006,Peppy Paneer,Veg,M,1,299,0,0
10561,2025-03-19,20:33:00,1216,13,Nagpur,Delivery,Wallet,P019,Paneer Makhani,Veg,L,1,449,22.45,19
10561,2025-03-19,20:33:00,1216,13,Nagpur,Delivery,Wallet,P018,Paneer Makhani,Veg,M,1,299,29.9,27
10561,2025-03-19,20:33:00,1216,13,Nagpur,Delivery,Wallet,P020,Garlic Bread,Sides,M,1,149,0,63
10561,2025-03-19,20:33:00,1216,13,Nagpur,Delivery,Wallet,P008,Chicken Dominator,Chicken,M,1,319,0,23
10562,2025-06-23,17:49:00,1085,7,Durg,Delivery,UPI,P018,Paneer Makhani,Veg,M,1,299,14.95,44
10562,2025-06-23,17:49:00,1085,7,Durg,Delivery,UPI,P001,Margherita,Classic,S,1,179,17.9,61
10563,2025-12-25,18:19:00,1370,12,Bilaspur,Delivery,Cash,P016,Cheese Burst,Specialty,M,1,324,0,62
10564,2025-07-26,18:13:00,1279,10,Bilaspur,Takeaway,Wallet,P018,Paneer Makhani,Veg,M,1,299,0,0
10564,2025-07-26,18:13:00,1279,10,Bilaspur,Takeaway,Wallet,P015,Mexican Green Wave,Veg,L,1,449,22.45,0
10564,2025-07-26,18:13:00,1279,10,Bilaspur,Takeaway,Wallet,P006,Peppy Paneer,Veg,M,1,299,0,0
10565,2025-01-19,18:24:00,1372,12,Bilaspur,Takeaway,Card,P003,Margherita,Classic,L,1,449,22.45,0
10565,2025-01-19,18:24:00,1372,12,Bilaspur,Takeaway,Card,P008,Chicken Dominator,Chicken,M,1,319,0,0
10565,2025-01-19,18:24:00,1372,12,Bilaspur,Takeaway,Card,P005,Farmhouse,Veg,L,1,449,0,0
10566,2025-01-15,21:34:00,1304,5,Bhilai,Delivery,Cash,P020,Garlic Bread,Sides,M,1,149,7.45,25
10566,2025-01-15,21:34:00,1304,5,Bhilai,Delivery,Cash,P002,Margherita,Classic,M,1,299,0,59
10566,2025-01-15,21:34:00,1304,5,Bhilai,Delivery,Cash,P001,Margherita,Classic,S,1,179,0,46
10566,2025-01-15,21:34:00,1304,5,Bhilai,Delivery,Cash,P006,Peppy Paneer,Veg,M,1,299,14.95,54
10567,2025-01-03,18:15:00,1413,12,Bilaspur,Dine-in,Card,P005,Farmhouse,Veg,L,1,449,0,0
10567,2025-01-03,18:15:00,1413,12,Bilaspur,Dine-in,Card,P012,Veg Extravaganza,Premium Veg,M,1,329,32.9,0
10567,2025-01-03,18:15:00,1413,12,Bilaspur,Dine-in,Card,P016,Cheese Burst,Specialty,M,1,324,0,0
10568,2025-02-23,17:37:00,1099,14,Nagpur,Takeaway,Wallet,P002,Margherita,Classic,M,1,299,29.9,0
10569,2025-07-30,13:03:00,1218,15,Nagpur,Delivery,Card,P002,Margherita,Classic,M,1,299,29.9,34
10569,2025-07-30,13:03:00,1218,15,Nagpur,Delivery,Card,P012,Veg Extravaganza,Premium Veg,M,1,329,32.9,58
10569,2025-07-30,13:03:00,1218,15,Nagpur,Delivery,Card,P006,Peppy Paneer,Veg,M,1,299,29.9,46
10569,2025-07-30,13:03:00,1218,15,Nagpur,Delivery,Card,P009,Chicken Dominator,Chicken,L,1,469,46.9,64
10570,2025-08-02,20:09:00,1259,3,Raipur,Delivery,Wallet,P020,Garlic Bread,Sides,M,1,149,0,62
10570,2025-08-02,20:09:00,1259,3,Raipur,Delivery,Wallet,P008,Chicken Dominator,Chicken,M,1,319,0,47
10571,2025-08-31,12:10:00,1287,6,Bhilai,Dine-in,UPI,P002,Margherita,Classic,M,1,299,0,0
10571,2025-08-31,12:10:00,1287,6,Bhilai,Dine-in,UPI,P006,Peppy Paneer,Veg,M,1,299,14.95,0
10571,2025-08-31,12:10:00,1287,6,Bhilai,Dine-in,UPI,P005,Farmhouse,Veg,L,1,449,22.45,0
10571,2025-08-31,12:10:00,1287,6,Bhilai,Dine-in,UPI,P009,Chicken Dominator,Chicken,L,1,469,23.45,0
10572,2025-06-05,16:01:00,1406,3,Raipur,Delivery,Wallet,P019,Paneer Makhani,Veg,L,1,449,22.45,36
10573,2025-04-21,15:47:00,1251,1,Raipur,Delivery,Cash,P018,Paneer Makhani,Veg,M,1,299,29.9,48
10574,2025-10-21,17:28:00,1173,13,Nagpur,Delivery,Card,P008,Chicken Dominator,Chicken,M,1,319,31.9,60
10574,2025-10-21,17:28:00,1173,13,Nagpur,Delivery,Card,P007,Peppy Paneer,Veg,L,1,449,44.9,27
10575,2025-06-16,14:39:00,1341,10,Bilaspur,Delivery,Card,P005,Farmhouse,Veg,L,1,449,22.45,59
10575,2025-06-16,14:39:00,1341,10,Bilaspur,Delivery,Card,P001,Margherita,Classic,S,1,179,0,28
10575,2025-06-16,14:39:00,1341,10,Bilaspur,Delivery,Card,P012,Veg Extravaganza,Premium Veg,M,1,329,0,54
10575,2025-06-16,14:39:00,1341,10,Bilaspur,Delivery,Card,P007,Peppy Paneer,Veg,L,1,449,22.45,53
10576,2025-11-27,14:35:00,1044,4,Bhilai,Dine-in,UPI,P014,Mexican Green Wave,Veg,M,1,299,0,0
10576,2025-11-27,14:35:00,1044,4,Bhilai,Dine-in,UPI,P008,Chicken Dominator,Chicken,M,1,319,0,0
10577,2025-12-04,22:11:00,1010,5,Bhilai,Takeaway,Card,P002,Margherita,Classic,M,1,299,29.9,0
10577,2025-12-04,22:11:00,1010,5,Bhilai,Takeaway,Card,P009,Chicken Dominator,Chicken,L,1,469,0,0
10577,2025-12-04,22:11:00,1010,5,Bhilai,Takeaway,Card,P005,Farmhouse,Veg,L,1,449,22.45,0
10577,2025-12-04,22:11:00,1010,5,Bhilai,Takeaway,Card,P010,Pepper Barbecue Chicken,Chicken,M,1,319,31.9,0
10578,2025-04-03,17:55:00,1271,6,Bhilai,Delivery,UPI,P020,Garlic Bread,Sides,M,1,149,0,36
10579,2025-03-15,15:49:00,1046,3,Raipur,Delivery,Wallet,P001,Margherita,Classic,S,1,179,0,19
10579,2025-03-15,15:49:00,1046,3,Raipur,Delivery,Wallet,P020,Garlic Bread,Sides,M,1,149,0,37
10580,2025-07-19,14:09:00,1212,15,Nagpur,Delivery,Wallet,P001,Margherita,Classic,S,1,179,0,56
10581,2025-10-28,16:32:00,1386,9,Durg,Delivery,UPI,P001,Margherita,Classic,S,1,179,17.9,19
10581,2025-10-28,16:32:00,1386,9,Durg,Delivery,UPI,P007,Peppy Paneer,Veg,L,1,449,44.9,58
10581,2025-10-28,16:32:00,1386,9,Durg,Delivery,UPI,P006,Peppy Paneer,Veg,M,1,299,0,19
10582,2025-05-18,18:37:00,1346,2,Raipur,Delivery,Card,P009,Chicken Dominator,Chicken,L,1,469,0,27
10582,2025-05-18,18:37:00,1346,2,Raipur,Delivery,Card,P007,Peppy Paneer,Veg,L,1,449,22.45,52
10582,2025-05-18,18:37:00,1346,2,Raipur,Delivery,Card,P017,Cheese Burst,Specialty,L,1,474,0,33
10583,2025-10-03,22:58:00,1285,8,Durg,Delivery,Wallet,P011,Pepper Barbecue Chicken,Chicken,L,1,469,46.9,35
10583,2025-10-03,22:58:00,1285,8,Durg,Delivery,Wallet,P003,Margherita,Classic,L,1,449,22.45,61
10583,2025-10-03,22:58:00,1285,8,Durg,Delivery,Wallet,P001,Margherita,Classic,S,1,179,17.9,40
10584,2025-11-20,16:53:00,1262,5,Bhilai,Delivery,UPI,P002,Margherita,Classic,M,1,299,14.95,45
10584,2025-11-20,16:53:00,1262,5,Bhilai,Delivery,UPI,P012,Veg Extravaganza,Premium Veg,M,1,329,0,57
10584,2025-11-20,16:53:00,1262,5,Bhilai,Delivery,UPI,P016,Cheese Burst,Specialty,M,1,324,16.2,61
10585,2025-06-25,19:48:00,1363,8,Durg,Delivery,Cash,P003,Margherita,Classic,L,1,449,0,59
10585,2025-06-25,19:48:00,1363,8,Durg,Delivery,Cash,P020,Garlic Bread,Sides,M,1,149,0,56
10585,2025-06-25,19:48:00,1363,8,Durg,Delivery,Cash,P005,Farmhouse,Veg,L,1,449,44.9,18
10586,2025-01-05,19:26:00,1285,15,Nagpur,Takeaway,Wallet,P009,Chicken Dominator,Chicken,L,1,469,0,0
10586,2025-01-05,19:26:00,1285,15,Nagpur,Takeaway,Wallet,P015,Mexican Green Wave,Veg,L,1,449,44.9,0
10586,2025-01-05,19:26:00,1285,15,Nagpur,Takeaway,Wallet,P011,Pepper Barbecue Chicken,Chicken,L,1,469,0,0
10586,2025-01-05,19:26:00,1285,15,Nagpur,Takeaway,Wallet,P002,Margherita,Classic,M,1,299,14.95,0
10587,2025-07-12,20:22:00,1199,3,Raipur,Takeaway,UPI,P007,Peppy Paneer,Veg,L,1,449,0,0
10588,2025-08-16,10:47:00,1011,13,Nagpur,Delivery,Cash,P002,Margherita,Classic,M,1,299,14.95,63
10588,2025-08-16,10:47:00,1011,13,Nagpur,Delivery,Cash,P010,Pepper Barbecue Chicken,Chicken,M,1,319,0,32
10589,2025-09-10,22:02:00,1144,8,Durg,Dine-in,Card,P003,Margherita,Classic,L,1,449,44.9,0
10590,2025-02-26,21:36:00,1257,8,Durg,Delivery,Card,P001,Margherita,Classic,S,1,179,0,26
10590,2025-02-26,21:36:00,1257,8,Durg,Delivery,Card,P002,Margherita,Classic,M,1,299,14.95,54
10591,2025-04-27,21:46:00,1401,5,Bhilai,Delivery,UPI,P012,Veg Extravaganza,Premium Veg,M,1,329,32.9,59
10591,2025-04-27,21:46:00,1401,5,Bhilai,Delivery,UPI,P018,Paneer Makhani,Veg,M,1,299,0,38
10591,2025-04-27,21:46:00,1401,5,Bhilai,Delivery,UPI,P001,Margherita,Classic,S,1,179,17.9,44
10592,2025-05-21,14:33:00,1239,8,Durg,Delivery,UPI,P001,Margherita,Classic,S,1,179,17.9,38
10592,2025-05-21,14:33:00,1239,8,Durg,Delivery,UPI,P019,Paneer Makhani,Veg,L,1,449,0,43
10593,2025-04-10,17:56:00,1293,13,Nagpur,Delivery,Card,P020,Garlic Bread,Sides,M,1,149,0,58
10593,2025-04-10,17:56:00,1293,13,Nagpur,Delivery,Card,P019,Paneer Makhani,Veg,L,1,449,0,19
10593,2025-04-10,17:56:00,1293,13,Nagpur,Delivery,Card,P003,Margherita,Classic,L,1,449,44.9,45
10593,2025-04-10,17:56:00,1293,13,Nagpur,Delivery,Card,P005,Farmhouse,Veg,L,1,449,0,55
10594,2025-11-17,22:53:00,1129,4,Bhilai,Delivery,Card,P016,Cheese Burst,Specialty,M,2,324,0,22
10594,2025-11-17,22:53:00,1129,4,Bhilai,Delivery,Card,P008,Chicken Dominator,Chicken,M,1,319,31.9,24
10595,2025-11-17,18:07:00,1044,1,Raipur,Dine-in,Wallet,P018,Paneer Makhani,Veg,M,1,299,0,0
10595,2025-11-17,18:07:00,1044,1,Raipur,Dine-in,Wallet,P012,Veg Extravaganza,Premium Veg,M,1,329,32.9,0
10595,2025-11-17,18:07:00,1044,1,Raipur,Dine-in,Wallet,P015,Mexican Green Wave,Veg,L,1,449,0,0
10596,2025-06-04,19:27:00,1034,2,Raipur,Takeaway,UPI,P017,Cheese Burst,Specialty,L,1,474,47.4,0
10596,2025-06-04,19:27:00,1034,2,Raipur,Takeaway,UPI,P006,Peppy Paneer,Veg,M,1,299,0,0
10596,2025-06-04,19:27:00,1034,2,Raipur,Takeaway,UPI,P010,Pepper Barbecue Chicken,Chicken,M,1,319,0,0
10597,2025-08-21,17:50:00,1220,15,Nagpur,Delivery,UPI,P011,Pepper Barbecue Chicken,Chicken,L,1,469,23.45,55
10597,2025-08-21,17:50:00,1220,15,Nagpur,Delivery,UPI,P012,Veg Extravaganza,Premium Veg,M,1,329,0,24
10597,2025-08-21,17:50:00,1220,15,Nagpur,Delivery,UPI,P001,Margherita,Classic,S,1,179,0,18
10598,2025-11-01,20:37:00,1405,14,Nagpur,Delivery,Card,P006,Peppy Paneer,Veg,M,1,299,0,33
10598,2025-11-01,20:37:00,1405,14,Nagpur,Delivery,Card,P008,Chicken Dominator,Chicken,M,1,319,0,20
10598,2025-11-01,20:37:00,1405,14,Nagpur,Delivery,Card,P011,Pepper Barbecue Chicken,Chicken,L,1,469,0,26
10599,2025-06-09,19:32:00,1334,13,Nagpur,Delivery,Card,P007,Peppy Paneer,Veg,L,1,449,22.45,41
10599,2025-06-09,19:32:00,1334,13,Nagpur,Delivery,Card,P010,Pepper Barbecue Chicken,Chicken,M,1,319,0,51
10600,2025-10-28,19:09:00,1030,4,Bhilai,Delivery,UPI,P005,Farmhouse,Veg,L,1,449,0,39
10600,2025-10-28,19:09:00,1030,4,Bhilai,Delivery,UPI,P020,Garlic Bread,Sides,M,1,149,0,60
10600,2025-10-28,19:09:00,1030,4,Bhilai,Delivery,UPI,P011,Pepper Barbecue Chicken,Chicken,L,1,469,46.9,62
10600,2025-10-28,19:09:00,1030,4,Bhilai,Delivery,UPI,P003,Margherita,Classic,L,1,449,44.9,56
10601,2025-12-21,17:37:00,1290,6,Bhilai,Delivery,Wallet,P003,Margherita,Classic,L,1,449,0,49
10601,2025-12-21,17:37:00,1290,6,Bhilai,Delivery,Wallet,P007,Peppy Paneer,Veg,L,1,449,0,18
10601,2025-12-21,17:37:00,1290,6,Bhilai,Delivery,Wallet,P015,Mexican Green Wave,Veg,L,1,449,0,62
10602,2025-04-28,18:13:00,1123,8,Durg,Takeaway,Cash,P003,Margherita,Classic,L,2,449,0,0
10602,2025-04-28,18:13:00,1123,8,Durg,Takeaway,Cash,P020,Garlic Bread,Sides,M,1,149,7.45,0
10602,2025-04-28,18:13:00,1123,8,Durg,Takeaway,Cash,P006,Peppy Paneer,Veg,M,1,299,0,0
10603,2025-10-12,14:18:00,1226,4,Bhilai,Delivery,Cash,P020,Garlic Bread,Sides,M,1,149,0,30
10604,2025-05-26,15:56:00,1135,12,Bilaspur,Delivery,Card,P003,Margherita,Classic,L,2,449,44.9,24
10605,2025-01-11,21:08:00,1195,11,Bilaspur,Takeaway,UPI,P019,Paneer Makhani,Veg,L,1,449,22.45,0
10605,2025-01-11,21:08:00,1195,11,Bilaspur,Takeaway,UPI,P005,Farmhouse,Veg,L,1,449,0,0
10605,2025-01-11,21:08:00,1195,11,Bilaspur,Takeaway,UPI,P004,Farmhouse,Veg,M,1,299,29.9,0
10606,2025-12-31,13:09:00,1067,13,Nagpur,Delivery,Wallet,P005,Farmhouse,Veg,L,1,449,0,57
10606,2025-12-31,13:09:00,1067,13,Nagpur,Delivery,Wallet,P007,Peppy Paneer,Veg,L,1,449,0,52
10606,2025-12-31,13:09:00,1067,13,Nagpur,Delivery,Wallet,P011,Pepper Barbecue Chicken,Chicken,L,1,469,23.45,27
10607,2025-06-17,16:40:00,1408,5,Bhilai,Takeaway,Wallet,P013,Veg Extravaganza,Premium Veg,L,1,479,0,0
10607,2025-06-17,16:40:00,1408,5,Bhilai,Takeaway,Wallet,P015,Mexican Green Wave,Veg,L,1,449,0,0
10608,2025-09-18,17:56:00,1331,13,Nagpur,Delivery,Wallet,P003,Margherita,Classic,L,1,449,44.9,48
10608,2025-09-18,17:56:00,1331,13,Nagpur,Delivery,Wallet,P013,Veg Extravaganza,Premium Veg,L,1,479,23.95,55
10608,2025-09-18,17:56:00,1331,13,Nagpur,Delivery,Wallet,P009,Chicken Dominator,Chicken,L,1,469,46.9,58
10608,2025-09-18,17:56:00,1331,13,Nagpur,Delivery,Wallet,P008,Chicken Dominator,Chicken,M,1,319,0,31
10609,2025-04-23,21:28:00,1442,4,Bhilai,Delivery,Cash,P018,Paneer Makhani,Veg,M,1,299,0,26
10609,2025-04-23,21:28:00,1442,4,Bhilai,Delivery,Cash,P009,Chicken Dominator,Chicken,L,1,469,0,36
10609,2025-04-23,21:28:00,1442,4,Bhilai,Delivery,Cash,P019,Paneer Makhani,Veg,L,1,449,44.9,51
10609,2025-04-23,21:28:00,1442,4,Bhilai,Delivery,Cash,P006,Peppy Paneer,Veg,M,1,299,14.95,32
10610,2025-10-26,12:32:00,1319,6,Bhilai,Delivery,Wallet,P006,Peppy Paneer,Veg,M,2,299,0,46
10610,2025-10-26,12:32:00,1319,6,Bhilai,Delivery,Wallet,P015,Mexican Green Wave,Veg,L,1,449,0,34
10610,2025-10-26,12:32:00,1319,6,Bhilai,Delivery,Wallet,P005,Farmhouse,Veg,L,1,449,0,40
10611,2025-02-12,16:32:00,1263,9,Durg,Delivery,Cash,P002,Margherita,Classic,M,1,299,0,52
10611,2025-02-12,16:32:00,1263,9,Durg,Delivery,Cash,P001,Margherita,Classic,S,1,179,0,39
10612,2025-04-11,19:16:00,1155,12,Bilaspur,Takeaway,Cash,P013,Veg Extravaganza,Premium Veg,L,1,479,23.95,0
10612,2025-04-11,19:16:00,1155,12,Bilaspur,Takeaway,Cash,P020,Garlic Bread,Sides,M,1,149,0,0
10613,2025-06-03,16:22:00,1401,7,Durg,Dine-in,UPI,P011,Pepper Barbecue Chicken,Chicken,L,1,469,0,0
10613,2025-06-03,16:22:00,1401,7,Durg,Dine-in,UPI,P020,Garlic Bread,Sides,M,2,149,0,0
10613,2025-06-03,16:22:00,1401,7,Durg,Dine-in,UPI,P017,Cheese Burst,Specialty,L,1,474,0,0
10614,2025-08-31,16:37:00,1403,9,Durg,Takeaway,Wallet,P015,Mexican Green Wave,Veg,L,1,449,44.9,0
10614,2025-08-31,16:37:00,1403,9,Durg,Takeaway,Wallet,P005,Farmhouse,Veg,L,1,449,0,0
10614,2025-08-31,16:37:00,1403,9,Durg,Takeaway,Wallet,P003,Margherita,Classic,L,1,449,44.9,0
10615,2025-08-19,21:01:00,1192,3,Raipur,Delivery,Card,P020,Garlic Bread,Sides,M,1,149,7.45,39
10615,2025-08-19,21:01:00,1192,3,Raipur,Delivery,Card,P001,Margherita,Classic,S,1,179,0,44
10615,2025-08-19,21:01:00,1192,3,Raipur,Delivery,Card,P016,Cheese Burst,Specialty,M,1,324,32.4,61
10616,2025-07-26,20:44:00,1276,5,Bhilai,Delivery,UPI,P019,Paneer Makhani,Veg,L,1,449,0,39
10617,2025-10-18,19:38:00,1312,10,Bilaspur,Takeaway,Wallet,P020,Garlic Bread,Sides,M,1,149,14.9,0
10617,2025-10-18,19:38:00,1312,10,Bilaspur,Takeaway,Wallet,P001,Margherita,Classic,S,1,179,0,0
10618,2025-09-01,14:36:00,1232,11,Bilaspur,Takeaway,UPI,P002,Margherita,Classic,M,1,299,0,0
10618,2025-09-01,14:36:00,1232,11,Bilaspur,Takeaway,UPI,P009,Chicken Dominator,Chicken,L,1,469,46.9,0
10619,2025-01-14,15:04:00,1198,5,Bhilai,Delivery,Cash,P007,Peppy Paneer,Veg,L,1,449,22.45,51
10620,2025-01-06,15:55:00,1211,7,Durg,Delivery,UPI,P009,Chicken Dominator,Chicken,L,1,469,0,42
10620,2025-01-06,15:55:00,1211,7,Durg,Delivery,UPI,P008,Chicken Dominator,Chicken,M,1,319,0,26
10621,2025-04-16,17:52:00,1364,11,Bilaspur,Delivery,Cash,P008,Chicken Dominator,Chicken,M,1,319,15.95,30
10621,2025-04-16,17:52:00,1364,11,Bilaspur,Delivery,Cash,P012,Veg Extravaganza,Premium Veg,M,1,329,0,27
10622,2025-08-17,13:25:00,1310,13,Nagpur,Delivery,Cash,P007,Peppy Paneer,Veg,L,1,449,44.9,40
10622,2025-08-17,13:25:00,1310,13,Nagpur,Delivery,Cash,P010,Pepper Barbecue Chicken,Chicken,M,1,319,15.95,43
10622,2025-08-17,13:25:00,1310,13,Nagpur,Delivery,Cash,P014,Mexican Green Wave,Veg,M,1,299,0,44
10622,2025-08-17,13:25:00,1310,13,Nagpur,Delivery,Cash,P005,Farmhouse,Veg,L,1,449,0,29
10623,2025-11-13,20:29:00,1197,15,Nagpur,Takeaway,UPI,P013,Veg Extravaganza,Premium Veg,L,1,479,23.95,0
10623,2025-11-13,20:29:00,1197,15,Nagpur,Takeaway,UPI,P001,Margherita,Classic,S,1,179,0,0
10623,2025-11-13,20:29:00,1197,15,Nagpur,Takeaway,UPI,P018,Paneer Makhani,Veg,M,1,299,0,0
10623,2025-11-13,20:29:00,1197,15,Nagpur,Takeaway,UPI,P003,Margherita,Classic,L,1,449,44.9,0
10624,2025-07-30,22:35:00,1063,6,Bhilai,Delivery,UPI,P006,Peppy Paneer,Veg,M,1,299,0,47
10624,2025-07-30,22:35:00,1063,6,Bhilai,Delivery,UPI,P003,Margherita,Classic,L,2,449,0,22
10625,2025-11-24,19:47:00,1237,7,Durg,Delivery,Wallet,P006,Peppy Paneer,Veg,M,1,299,0,63
10625,2025-11-24,19:47:00,1237,7,Durg,Delivery,Wallet,P001,Margherita,Classic,S,1,179,0,38
10626,2025-12-10,20:31:00,1237,2,Raipur,Delivery,Card,P002,Margherita,Classic,M,1,299,0,56
10626,2025-12-10,20:31:00,1237,2,Raipur,Delivery,Card,P016,Cheese Burst,Specialty,M,1,324,0,29
10626,2025-12-10,20:31:00,1237,2,Raipur,Delivery,Card,P017,Cheese Burst,Specialty,L,1,474,23.7,25
10626,2025-12-10,20:31:00,1237,2,Raipur,Delivery,Card,P003,Margherita,Classic,L,1,449,44.9,28
10627,2025-02-09,19:00:00,1347,5,Bhilai,Delivery,Cash,P003,Margherita,Classic,L,1,449,0,46
10627,2025-02-09,19:00:00,1347,5,Bhilai,Delivery,Cash,P001,Margherita,Classic,S,1,179,0,58
10628,2025-09-25,19:45:00,1338,15,Nagpur,Delivery,Cash,P001,Margherita,Classic,S,2,179,0,41
10628,2025-09-25,19:45:00,1338,15,Nagpur,Delivery,Cash,P015,Mexican Green Wave,Veg,L,1,449,0,30
10628,2025-09-25,19:45:00,1338,15,Nagpur,Delivery,Cash,P014,Mexican Green Wave,Veg,M,1,299,0,19
10629,2025-08-04,12:00:00,1173,14,Nagpur,Delivery,UPI,P020,Garlic Bread,Sides,M,1,149,0,64
10629,2025-08-04,12:00:00,1173,14,Nagpur,Delivery,UPI,P002,Margherita,Classic,M,1,299,0,20
10630,2025-08-01,18:52:00,1168,6,Bhilai,Delivery,Card,P019,Paneer Makhani,Veg,L,1,449,44.9,25
10630,2025-08-01,18:52:00,1168,6,Bhilai,Delivery,Card,P006,Peppy Paneer,Veg,M,1,299,0,31
10631,2025-02-24,17:11:00,1008,7,Durg,Takeaway,UPI,P003,Margherita,Classic,L,2,449,44.9,0
10631,2025-02-24,17:11:00,1008,7,Durg,Takeaway,UPI,P011,Pepper Barbecue Chicken,Chicken,L,1,469,0,0
10631,2025-02-24,17:11:00,1008,7,Durg,Takeaway,UPI,P004,Farmhouse,Veg,M,1,299,0,0
10632,2025-04-22,17:49:00,1307,8,Durg,Dine-in,UPI,P004,Farmhouse,Veg,M,1,299,14.95,0
10632,2025-04-22,17:49:00,1307,8,Durg,Dine-in,UPI,P002,Margherita,Classic,M,1,299,29.9,0
10633,2025-12-14,21:49:00,1356,3,Raipur,Delivery,Cash,P001,Margherita,Classic,S,2,179,0,50
10633,2025-12-14,21:49:00,1356,3,Raipur,Delivery,Cash,P019,Paneer Makhani,Veg,L,1,449,0,32
10633,2025-12-14,21:49:00,1356,3,Raipur,Delivery,Cash,P007,Peppy Paneer,Veg,L,1,449,0,57
10634,2025-03-05,17:47:00,1220,13,Nagpur,Delivery,UPI,P002,Margherita,Classic,M,1,299,29.9,36
10635,2025-04-14,15:13:00,1329,1,Raipur,Delivery,Wallet,P002,Margherita,Classic,M,1,299,0,51
10635,2025-04-14,15:13:00,1329,1,Raipur,Delivery,Wallet,P005,Farmhouse,Veg,L,1,449,44.9,59
10635,2025-04-14,15:13:00,1329,1,Raipur,Delivery,Wallet,P015,Mexican Green Wave,Veg,L,1,449,22.45,19
10636,2025-04-28,21:21:00,1176,4,Bhilai,Delivery,UPI,P015,Mexican Green Wave,Veg,L,1,449,0,56
10636,2025-04-28,21:21:00,1176,4,Bhilai,Delivery,UPI,P012,Veg Extravaganza,Premium Veg,M,1,329,32.9,51
10637,2025-06-14,15:40:00,1004,2,Raipur,Takeaway,UPI,P001,Margherita,Classic,S,1,179,0,0
10637,2025-06-14,15:40:00,1004,2,Raipur,Takeaway,UPI,P020,Garlic Bread,Sides,M,1,149,0,0
10638,2025-02-16,15:35:00,1426,13,Nagpur,Dine-in,Card,P007,Peppy Paneer,Veg,L,1,449,44.9,0
10639,2025-06-09,15:12:00,1126,7,Durg,Delivery,Card,P004,Farmhouse,Veg,M,1,299,14.95,48
10639,2025-06-09,15:12:00,1126,7,Durg,Delivery,Card,P007,Peppy Paneer,Veg,L,1,449,0,41
10639,2025-06-09,15:12:00,1126,7,Durg,Delivery,Card,P011,Pepper Barbecue Chicken,Chicken,L,1,469,46.9,42
10640,2025-03-27,18:27:00,1259,10,Bilaspur,Takeaway,Card,P001,Margherita,Classic,S,1,179,8.95,0
10640,2025-03-27,18:27:00,1259,10,Bilaspur,Takeaway,Card,P006,Peppy Paneer,Veg,M,1,299,0,0
10640,2025-03-27,18:27:00,1259,10,Bilaspur,Takeaway,Card,P017,Cheese Burst,Specialty,L,1,474,0,0
10640,2025-03-27,18:27:00,1259,10,Bilaspur,Takeaway,Card,P014,Mexican Green Wave,Veg,M,1,299,14.95,0
10641,2025-07-14,18:29:00,1146,7,Durg,Delivery,Wallet,P005,Farmhouse,Veg,L,1,449,44.9,30
10642,2025-03-21,21:00:00,1007,14,Nagpur,Delivery,Cash,P006,Peppy Paneer,Veg,M,2,299,59.8,49
10642,2025-03-21,21:00:00,1007,14,Nagpur,Delivery,Cash,P007,Peppy Paneer,Veg,L,1,449,22.45,59
10642,2025-03-21,21:00:00,1007,14,Nagpur,Delivery,Cash,P014,Mexican Green Wave,Veg,M,1,299,0,44
10643,2025-01-20,22:07:00,1198,15,Nagpur,Delivery,Card,P020,Garlic Bread,Sides,M,1,149,14.9,58
10643,2025-01-20,22:07:00,1198,15,Nagpur,Delivery,Card,P014,Mexican Green Wave,Veg,M,2,299,29.9,62
10643,2025-01-20,22:07:00,1198,15,Nagpur,Delivery,Card,P005,Farmhouse,Veg,L,1,449,0,59
10644,2025-07-17,21:47:00,1127,4,Bhilai,Delivery,Cash,P012,Veg Extravaganza,Premium Veg,M,1,329,0,34
10645,2025-11-06,18:43:00,1076,5,Bhilai,Delivery,Card,P002,Margherita,Classic,M,1,299,0,59
10646,2025-12-31,21:25:00,1362,10,Bilaspur,Dine-in,UPI,P018,Paneer Makhani,Veg,M,1,299,29.9,0
10646,2025-12-31,21:25:00,1362,10,Bilaspur,Dine-in,UPI,P003,Margherita,Classic,L,1,449,22.45,0
10647,2025-12-21,17:34:00,1338,15,Nagpur,Delivery,Cash,P014,Mexican Green Wave,Veg,M,1,299,14.95,27
10647,2025-12-21,17:34:00,1338,15,Nagpur,Delivery,Cash,P019,Paneer Makhani,Veg,L,1,449,22.45,65
10647,2025-12-21,17:34:00,1338,15,Nagpur,Delivery,Cash,P018,Paneer Makhani,Veg,M,1,299,0,65
10647,2025-12-21,17:34:00,1338,15,Nagpur,Delivery,Cash,P002,Margherita,Classic,M,1,299,29.9,62
10648,2025-06-07,10:10:00,1418,8,Durg,Delivery,UPI,P009,Chicken Dominator,Chicken,L,1,469,23.45,29
10648,2025-06-07,10:10:00,1418,8,Durg,Delivery,UPI,P011,Pepper Barbecue Chicken,Chicken,L,1,469,0,30
10648,2025-06-07,10:10:00,1418,8,Durg,Delivery,UPI,P013,Veg Extravaganza,Premium Veg,L,1,479,47.9,29
10648,2025-06-07,10:10:00,1418,8,Durg,Delivery,UPI,P003,Margherita,Classic,L,1,449,0,46
10649,2025-10-18,20:11:00,1103,1,Raipur,Takeaway,Card,P020,Garlic Bread,Sides,M,1,149,0,0
10649,2025-10-18,20:11:00,1103,1,Raipur,Takeaway,Card,P018,Paneer Makhani,Veg,M,1,299,0,0
10649,2025-10-18,20:11:00,1103,1,Raipur,Takeaway,Card,P007,Peppy Paneer,Veg,L,1,449,0,0
10650,2025-05-31,14:07:00,1142,2,Raipur,Delivery,Card,P008,Chicken Dominator,Chicken,M,1,319,0,60
10650,2025-05-31,14:07:00,1142,2,Raipur,Delivery,Card,P014,Mexican Green Wave,Veg,M,1,299,0,24
10650,2025-05-31,14:07:00,1142,2,Raipur,Delivery,Card,P001,Margherita,Classic,S,1,179,0,51
10650,2025-05-31,14:07:00,1142,2,Raipur,Delivery,Card,P004,Farmhouse,Veg,M,1,299,0,42
10651,2025-11-05,18:48:00,1137,15,Nagpur,Delivery,Cash,P005,Farmhouse,Veg,L,3,449,0,41
10651,2025-11-05,18:48:00,1137,15,Nagpur,Delivery,Cash,P012,Veg Extravaganza,Premium Veg,M,1,329,32.9,42
10652,2025-11-09,13:22:00,1448,6,Bhilai,Takeaway,UPI,P018,Paneer Makhani,Veg,M,1,299,0,0
10652,2025-11-09,13:22:00,1448,6,Bhilai,Takeaway,UPI,P006,Peppy Paneer,Veg,M,1,299,0,0
10652,2025-11-09,13:22:00,1448,6,Bhilai,Takeaway,UPI,P016,Cheese Burst,Specialty,M,1,324,16.2,0
10652,2025-11-09,13:22:00,1448,6,Bhilai,Takeaway,UPI,P019,Paneer Makhani,Veg,L,1,449,0,0
10653,2025-07-08,18:43:00,1338,14,Nagpur,Delivery,Wallet,P001,Margherita,Classic,S,1,179,8.95,19
10653,2025-07-08,18:43:00,1338,14,Nagpur,Delivery,Wallet,P011,Pepper Barbecue Chicken,Chicken,L,1,469,23.45,20
10654,2025-06-16,19:14:00,1311,8,Durg,Delivery,UPI,P007,Peppy Paneer,Veg,L,1,449,0,64
10654,2025-06-16,19:14:00,1311,8,Durg,Delivery,UPI,P019,Paneer Makhani,Veg,L,2,449,89.8,36
10655,2025-11-07,15:09:00,1446,9,Durg,Takeaway,UPI,P008,Chicken Dominator,Chicken,M,1,319,31.9,0
10655,2025-11-07,15:09:00,1446,9,Durg,Takeaway,UPI,P002,Margherita,Classic,M,1,299,0,0
10656,2025-08-17,22:30:00,1340,9,Durg,Delivery,Card,P014,Mexican Green Wave,Veg,M,1,299,0,24
10656,2025-08-17,22:30:00,1340,9,Durg,Delivery,Card,P011,Pepper Barbecue Chicken,Chicken,L,1,469,46.9,63
10657,2025-01-15,15:59:00,1168,15,Nagpur,Delivery,Cash,P013,Veg Extravaganza,Premium Veg,L,1,479,0,60
10657,2025-01-15,15:59:00,1168,15,Nagpur,Delivery,Cash,P012,Veg Extravaganza,Premium Veg,M,1,329,0,52
10658,2025-11-21,20:05:00,1408,12,Bilaspur,Delivery,Card,P011,Pepper Barbecue Chicken,Chicken,L,1,469,46.9,63
10659,2025-07-15,19:50:00,1288,14,Nagpur,Delivery,Card,P004,Farmhouse,Veg,M,1,299,0,23
10659,2025-07-15,19:50:00,1288,14,Nagpur,Delivery,Card,P005,Farmhouse,Veg,L,1,449,22.45,65
10660,2025-10-31,22:47:00,1060,10,Bilaspur,Delivery,Cash,P010,Pepper Barbecue Chicken,Chicken,M,1,319,31.9,45
10660,2025-10-31,22:47:00,1060,10,Bilaspur,Delivery,Cash,P001,Margherita,Classic,S,2,179,17.9,41
10660,2025-10-31,22:47:00,1060,10,Bilaspur,Delivery,Cash,P009,Chicken Dominator,Chicken,L,1,469,0,51
10661,2025-12-06,19:14:00,1055,7,Durg,Delivery,Wallet,P002,Margherita,Classic,M,1,299,29.9,61
10661,2025-12-06,19:14:00,1055,7,Durg,Delivery,Wallet,P020,Garlic Bread,Sides,M,1,149,14.9,27
10661,2025-12-06,19:14:00,1055,7,Durg,Delivery,Wallet,P016,Cheese Burst,Specialty,M,1,324,16.2,27
10662,2025-12-07,21:52:00,1360,1,Raipur,Delivery,Cash,P004,Farmhouse,Veg,M,1,299,29.9,58
10663,2025-04-21,18:45:00,1193,1,Raipur,Dine-in,Cash,P016,Cheese Burst,Specialty,M,1,324,0,0
10663,2025-04-21,18:45:00,1193,1,Raipur,Dine-in,Cash,P003,Margherita,Classic,L,1,449,0,0
10664,2025-04-02,21:46:00,1201,5,Bhilai,Dine-in,Card,P009,Chicken Dominator,Chicken,L,1,469,23.45,0
10665,2025-08-05,19:22:00,1388,7,Durg,Delivery,Cash,P012,Veg Extravaganza,Premium Veg,M,1,329,32.9,24
10665,2025-08-05,19:22:00,1388,7,Durg,Delivery,Cash,P003,Margherita,Classic,L,1,449,0,38
10665,2025-08-05,19:22:00,1388,7,Durg,Delivery,Cash,P017,Cheese Burst,Specialty,L,1,474,0,63
10666,2025-06-05,18:10:00,1296,3,Raipur,Delivery,Wallet,P018,Paneer Makhani,Veg,M,1,299,0,65
10666,2025-06-05,18:10:00,1296,3,Raipur,Delivery,Wallet,P003,Margherita,Classic,L,1,449,0,41
10666,2025-06-05,18:10:00,1296,3,Raipur,Delivery,Wallet,P015,Mexican Green Wave,Veg,L,1,449,0,61
10667,2025-03-17,17:27:00,1348,14,Nagpur,Delivery,UPI,P006,Peppy Paneer,Veg,M,1,299,29.9,29
10668,2025-01-27,14:32:00,1333,6,Bhilai,Delivery,Card,P004,Farmhouse,Veg,M,1,299,0,59
10668,2025-01-27,14:32:00,1333,6,Bhilai,Delivery,Card,P002,Margherita,Classic,M,1,299,29.9,62
10668,2025-01-27,14:32:00,1333,6,Bhilai,Delivery,Card,P006,Peppy Paneer,Veg,M,1,299,0,47
10668,2025-01-27,14:32:00,1333,6,Bhilai,Delivery,Card,P005,Farmhouse,Veg,L,1,449,44.9,35
10669,2025-11-20,19:23:00,1006,2,Raipur,Delivery,UPI,P011,Pepper Barbecue Chicken,Chicken,L,1,469,46.9,35
10669,2025-11-20,19:23:00,1006,2,Raipur,Delivery,UPI,P019,Paneer Makhani,Veg,L,1,449,0,55
10669,2025-11-20,19:23:00,1006,2,Raipur,Delivery,UPI,P004,Farmhouse,Veg,M,1,299,0,42
10669,2025-11-20,19:23:00,1006,2,Raipur,Delivery,UPI,P010,Pepper Barbecue Chicken,Chicken,M,1,319,31.9,59
10670,2025-12-26,18:36:00,1065,2,Raipur,Delivery,Card,P016,Cheese Burst,Specialty,M,1,324,32.4,22
10670,2025-12-26,18:36:00,1065,2,Raipur,Delivery,Card,P001,Margherita,Classic,S,1,179,0,31
10670,2025-12-26,18:36:00,1065,2,Raipur,Delivery,Card,P009,Chicken Dominator,Chicken,L,2,469,0,29
10671,2025-11-03,19:00:00,1285,8,Durg,Takeaway,UPI,P002,Margherita,Classic,M,1,299,0,0
10672,2025-12-01,15:35:00,1132,14,Nagpur,Takeaway,UPI,P008,Chicken Dominator,Chicken,M,1,319,15.95,0
10673,2025-10-06,15:42:00,1001,4,Bhilai,Delivery,Cash,P002,Margherita,Classic,M,1,299,14.95,56
10673,2025-10-06,15:42:00,1001,4,Bhilai,Delivery,Cash,P008,Chicken Dominator,Chicken,M,1,319,0,62
10673,2025-10-06,15:42:00,1001,4,Bhilai,Delivery,Cash,P005,Farmhouse,Veg,L,1,449,0,60
10673,2025-10-06,15:42:00,1001,4,Bhilai,Delivery,Cash,P019,Paneer Makhani,Veg,L,1,449,0,33
10674,2025-01-19,15:19:00,1439,14,Nagpur,Delivery,Card,P010,Pepper Barbecue Chicken,Chicken,M,1,319,31.9,22
10674,2025-01-19,15:19:00,1439,14,Nagpur,Delivery,Card,P004,Farmhouse,Veg,M,1,299,14.95,34
10675,2025-07-15,19:10:00,1205,8,Durg,Delivery,Cash,P019,Paneer Makhani,Veg,L,1,449,22.45,58
10675,2025-07-15,19:10:00,1205,8,Durg,Delivery,Cash,P002,Margherita,Classic,M,1,299,0,63
10675,2025-07-15,19:10:00,1205,8,Durg,Delivery,Cash,P003,Margherita,Classic,L,1,449,22.45,54
10675,2025-07-15,19:10:00,1205,8,Durg,Delivery,Cash,P011,Pepper Barbecue Chicken,Chicken,L,1,469,0,44
10676,2025-03-20,17:50:00,1223,7,Durg,Delivery,Card,P004,Farmhouse,Veg,M,1,299,0,61
10677,2025-10-08,17:21:00,1328,2,Raipur,Delivery,Cash,P002,Margherita,Classic,M,1,299,0,42
10677,2025-10-08,17:21:00,1328,2,Raipur,Delivery,Cash,P015,Mexican Green Wave,Veg,L,1,449,0,42
10677,2025-10-08,17:21:00,1328,2,Raipur,Delivery,Cash,P004,Farmhouse,Veg,M,1,299,0,25
10678,2025-03-31,18:56:00,1157,10,Bilaspur,Takeaway,Wallet,P009,Chicken Dominator,Chicken,L,1,469,23.45,0
10679,2025-10-10,16:06:00,1025,3,Raipur,Delivery,Wallet,P005,Farmhouse,Veg,L,1,449,44.9,48
10679,2025-10-10,16:06:00,1025,3,Raipur,Delivery,Wallet,P014,Mexican Green Wave,Veg,M,1,299,0,34
10680,2025-01-05,19:45:00,1080,11,Bilaspur,Delivery,Wallet,P001,Margherita,Classic,S,1,179,0,61
10680,2025-01-05,19:45:00,1080,11,Bilaspur,Delivery,Wallet,P013,Veg Extravaganza,Premium Veg,L,1,479,47.9,63
10680,2025-01-05,19:45:00,1080,11,Bilaspur,Delivery,Wallet,P020,Garlic Bread,Sides,M,1,149,14.9,29
10681,2025-08-13,22:51:00,1240,9,Durg,Delivery,Wallet,P005,Farmhouse,Veg,L,1,449,22.45,44
10681,2025-08-13,22:51:00,1240,9,Durg,Delivery,Wallet,P017,Cheese Burst,Specialty,L,1,474,23.7,23
10682,2025-11-21,13:46:00,1123,2,Raipur,Delivery,UPI,P014,Mexican Green Wave,Veg,M,1,299,29.9,18
10683,2025-08-06,19:59:00,1375,3,Raipur,Delivery,UPI,P001,Margherita,Classic,S,2,179,35.8,62
10683,2025-08-06,19:59:00,1375,3,Raipur,Delivery,UPI,P003,Margherita,Classic,L,1,449,22.45,33
10683,2025-08-06,19:59:00,1375,3,Raipur,Delivery,UPI,P016,Cheese Burst,Specialty,M,1,324,0,56
10684,2025-08-18,22:43:00,1392,9,Durg,Dine-in,Card,P006,Peppy Paneer,Veg,M,1,299,0,0
10685,2025-09-21,17:03:00,1217,8,Durg,Delivery,Cash,P005,Farmhouse,Veg,L,1,449,0,52
10686,2025-03-02,16:30:00,1151,5,Bhilai,Delivery,Wallet,P019,Paneer Makhani,Veg,L,2,449,0,47
10687,2025-11-13,21:03:00,1183,1,Raipur,Delivery,Cash,P006,Peppy Paneer,Veg,M,1,299,0,43
10687,2025-11-13,21:03:00,1183,1,Raipur,Delivery,Cash,P001,Margherita,Classic,S,1,179,8.95,18
10687,2025-11-13,21:03:00,1183,1,Raipur,Delivery,Cash,P018,Paneer Makhani,Veg,M,1,299,0,45
10688,2025-09-09,15:33:00,1264,15,Nagpur,Delivery,UPI,P001,Margherita,Classic,S,1,179,8.95,37
10688,2025-09-09,15:33:00,1264,15,Nagpur,Delivery,UPI,P014,Mexican Green Wave,Veg,M,1,299,14.95,45
10688,2025-09-09,15:33:00,1264,15,Nagpur,Delivery,UPI,P004,Farmhouse,Veg,M,1,299,0,52
10688,2025-09-09,15:33:00,1264,15,Nagpur,Delivery,UPI,P008,Chicken Dominator,Chicken,M,1,319,15.95,24
10689,2025-08-13,19:28:00,1083,3,Raipur,Delivery,Wallet,P006,Peppy Paneer,Veg,M,1,299,0,25
10690,2025-04-08,16:08:00,1203,7,Durg,Takeaway,UPI,P012,Veg Extravaganza,Premium Veg,M,1,329,16.45,0
10690,2025-04-08,16:08:00,1203,7,Durg,Takeaway,UPI,P020,Garlic Bread,Sides,M,1,149,0,0
10691,2025-08-04,18:31:00,1410,11,Bilaspur,Takeaway,Cash,P008,Chicken Dominator,Chicken,M,1,319,0,0
10691,2025-08-04,18:31:00,1410,11,Bilaspur,Takeaway,Cash,P019,Paneer Makhani,Veg,L,1,449,0,0
10691,2025-08-04,18:31:00,1410,11,Bilaspur,Takeaway,Cash,P017,Cheese Burst,Specialty,L,1,474,0,0
10691,2025-08-04,18:31:00,1410,11,Bilaspur,Takeaway,Cash,P006,Peppy Paneer,Veg,M,1,299,0,0
10692,2025-03-21,17:00:00,1393,11,Bilaspur,Delivery,Cash,P020,Garlic Bread,Sides,M,1,149,14.9,23
10692,2025-03-21,17:00:00,1393,11,Bilaspur,Delivery,Cash,P014,Mexican Green Wave,Veg,M,1,299,29.9,33
10692,2025-03-21,17:00:00,1393,11,Bilaspur,Delivery,Cash,P007,Peppy Paneer,Veg,L,1,449,0,64
10692,2025-03-21,17:00:00,1393,11,Bilaspur,Delivery,Cash,P005,Farmhouse,Veg,L,1,449,0,33
10693,2025-05-24,20:55:00,1135,12,Bilaspur,Delivery,Wallet,P008,Chicken Dominator,Chicken,M,1,319,0,62
10693,2025-05-24,20:55:00,1135,12,Bilaspur,Delivery,Wallet,P015,Mexican Green Wave,Veg,L,1,449,0,30
10694,2025-10-30,19:09:00,1118,2,Raipur,Delivery,UPI,P020,Garlic Bread,Sides,M,1,149,0,23
10694,2025-10-30,19:09:00,1118,2,Raipur,Delivery,UPI,P019,Paneer Makhani,Veg,L,1,449,0,42
10694,2025-10-30,19:09:00,1118,2,Raipur,Delivery,UPI,P007,Peppy Paneer,Veg,L,1,449,44.9,51
10695,2025-06-06,19:14:00,1114,6,Bhilai,Delivery,UPI,P011,Pepper Barbecue Chicken,Chicken,L,1,469,23.45,63
10695,2025-06-06,19:14:00,1114,6,Bhilai,Delivery,UPI,P005,Farmhouse,Veg,L,1,449,44.9,33
10695,2025-06-06,19:14:00,1114,6,Bhilai,Delivery,UPI,P004,Farmhouse,Veg,M,2,299,29.9,21
10696,2025-04-04,12:03:00,1339,12,Bilaspur,Delivery,Cash,P004,Farmhouse,Veg,M,2,299,59.8,41
10696,2025-04-04,12:03:00,1339,12,Bilaspur,Delivery,Cash,P010,Pepper Barbecue Chicken,Chicken,M,1,319,15.95,37
10696,2025-04-04,12:03:00,1339,12,Bilaspur,Delivery,Cash,P007,Peppy Paneer,Veg,L,1,449,0,24
10697,2025-12-09,11:35:00,1395,14,Nagpur,Delivery,Cash,P014,Mexican Green Wave,Veg,M,1,299,0,59
10697,2025-12-09,11:35:00,1395,14,Nagpur,Delivery,Cash,P010,Pepper Barbecue Chicken,Chicken,M,2,319,31.9,31
10698,2025-10-27,17:56:00,1055,3,Raipur,Delivery,UPI,P010,Pepper Barbecue Chicken,Chicken,M,1,319,0,30
10699,2025-12-27,18:06:00,1039,9,Durg,Delivery,Cash,P020,Garlic Bread,Sides,M,1,149,0,44
10699,2025-12-27,18:06:00,1039,9,Durg,Delivery,Cash,P003,Margherita,Classic,L,1,449,22.45,53
10699,2025-12-27,18:06:00,1039,9,Durg,Delivery,Cash,P013,Veg Extravaganza,Premium Veg,L,1,479,23.95,41
10699,2025-12-27,18:06:00,1039,9,Durg,Delivery,Cash,P001,Margherita,Classic,S,1,179,17.9,58
10700,2025-03-02,21:04:00,1248,7,Durg,Delivery,UPI,P010,Pepper Barbecue Chicken,Chicken,M,1,319,0,36
10700,2025-03-02,21:04:00,1248,7,Durg,Delivery,UPI,P012,Veg Extravaganza,Premium Veg,M,1,329,0,54
10701,2025-02-01,20:44:00,1098,12,Bilaspur,Takeaway,Wallet,P003,Margherita,Classic,L,1,449,44.9,0
10702,2025-10-15,20:25:00,1311,5,Bhilai,Delivery,UPI,P009,Chicken Dominator,Chicken,L,1,469,0,50
10702,2025-10-15,20:25:00,1311,5,Bhilai,Delivery,UPI,P010,Pepper Barbecue Chicken,Chicken,M,1,319,31.9,50
10703,2025-12-29,20:16:00,1156,14,Nagpur,Delivery,Cash,P003,Margherita,Classic,L,1,449,0,52
10704,2025-05-02,16:40:00,1076,15,Nagpur,Delivery,Card,P018,Paneer Makhani,Veg,M,1,299,0,52
10704,2025-05-02,16:40:00,1076,15,Nagpur,Delivery,Card,P001,Margherita,Classic,S,1,179,0,18
10704,2025-05-02,16:40:00,1076,15,Nagpur,Delivery,Card,P020,Garlic Bread,Sides,M,1,149,7.45,58
10705,2025-11-06,22:20:00,1043,12,Bilaspur,Takeaway,Cash,P006,Peppy Paneer,Veg,M,1,299,14.95,0
10705,2025-11-06,22:20:00,1043,12,Bilaspur,Takeaway,Cash,P010,Pepper Barbecue Chicken,Chicken,M,1,319,0,0
10706,2025-11-17,20:52:00,1183,4,Bhilai,Takeaway,Cash,P004,Farmhouse,Veg,M,1,299,0,0
10706,2025-11-17,20:52:00,1183,4,Bhilai,Takeaway,Cash,P001,Margherita,Classic,S,1,179,17.9,0
10707,2025-12-01,16:40:00,1325,10,Bilaspur,Delivery,Wallet,P005,Farmhouse,Veg,L,1,449,44.9,27
10707,2025-12-01,16:40:00,1325,10,Bilaspur,Delivery,Wallet,P003,Margherita,Classic,L,1,449,44.9,32
10708,2025-08-11,17:57:00,1246,2,Raipur,Delivery,Wallet,P016,Cheese Burst,Specialty,M,1,324,32.4,64
10708,2025-08-11,17:57:00,1246,2,Raipur,Delivery,Wallet,P003,Margherita,Classic,L,1,449,0,59
10709,2025-05-25,11:10:00,1091,14,Nagpur,Delivery,Card,P002,Margherita,Classic,M,1,299,29.9,33
10710,2025-08-21,21:25:00,1052,12,Bilaspur,Delivery,UPI,P006,Peppy Paneer,Veg,M,1,299,0,25
10711,2025-01-07,20:41:00,1023,3,Raipur,Delivery,UPI,P002,Margherita,Classic,M,1,299,0,24
10711,2025-01-07,20:41:00,1023,3,Raipur,Delivery,UPI,P011,Pepper Barbecue Chicken,Chicken,L,1,469,23.45,63
10711,2025-01-07,20:41:00,1023,3,Raipur,Delivery,UPI,P001,Margherita,Classic,S,1,179,0,30
10712,2025-03-13,18:36:00,1228,14,Nagpur,Delivery,Cash,P003,Margherita,Classic,L,1,449,0,19
10712,2025-03-13,18:36:00,1228,14,Nagpur,Delivery,Cash,P001,Margherita,Classic,S,1,179,0,24
10712,2025-03-13,18:36:00,1228,14,Nagpur,Delivery,Cash,P012,Veg Extravaganza,Premium Veg,M,1,329,16.45,24
10712,2025-03-13,18:36:00,1228,14,Nagpur,Delivery,Cash,P011,Pepper Barbecue Chicken,Chicken,L,1,469,46.9,27
10713,2025-01-01,21:01:00,1117,7,Durg,Delivery,Cash,P004,Farmhouse,Veg,M,1,299,0,49
10713,2025-01-01,21:01:00,1117,7,Durg,Delivery,Cash,P018,Paneer Makhani,Veg,M,1,299,0,25
10713,2025-01-01,21:01:00,1117,7,Durg,Delivery,Cash,P006,Peppy Paneer,Veg,M,1,299,0,24
10714,2025-05-25,17:39:00,1171,2,Raipur,Delivery,UPI,P010,Pepper Barbecue Chicken,Chicken,M,1,319,0,45
10715,2025-09-29,17:11:00,1348,7,Durg,Delivery,Cash,P005,Farmhouse,Veg,L,1,449,22.45,34
10715,2025-09-29,17:11:00,1348,7,Durg,Delivery,Cash,P002,Margherita,Classic,M,1,299,0,18
10715,2025-09-29,17:11:00,1348,7,Durg,Delivery,Cash,P019,Paneer Makhani,Veg,L,1,449,0,59
10716,2025-03-17,17:24:00,1229,12,Bilaspur,Takeaway,Wallet,P002,Margherita,Classic,M,1,299,29.9,0
10717,2025-05-23,15:20:00,1066,3,Raipur,Takeaway,Cash,P008,Chicken Dominator,Chicken,M,2,319,31.9,0
10717,2025-05-23,15:20:00,1066,3,Raipur,Takeaway,Cash,P020,Garlic Bread,Sides,M,1,149,0,0
10718,2025-12-01,21:24:00,1215,9,Durg,Delivery,Wallet,P006,Peppy Paneer,Veg,M,1,299,29.9,51
10718,2025-12-01,21:24:00,1215,9,Durg,Delivery,Wallet,P010,Pepper Barbecue Chicken,Chicken,M,1,319,0,62
10719,2025-02-14,16:00:00,1105,14,Nagpur,Delivery,Wallet,P019,Paneer Makhani,Veg,L,1,449,22.45,41
10719,2025-02-14,16:00:00,1105,14,Nagpur,Delivery,Wallet,P001,Margherita,Classic,S,1,179,0,36
10720,2025-08-24,15:54:00,1283,15,Nagpur,Dine-in,Card,P016,Cheese Burst,Specialty,M,1,324,0,0
10720,2025-08-24,15:54:00,1283,15,Nagpur,Dine-in,Card,P001,Margherita,Classic,S,1,179,0,0
10721,2025-12-23,19:24:00,1376,1,Raipur,Takeaway,Wallet,P001,Margherita,Classic,S,1,179,17.9,0
10721,2025-12-23,19:24:00,1376,1,Raipur,Takeaway,Wallet,P002,Margherita,Classic,M,1,299,0,0
10721,2025-12-23,19:24:00,1376,1,Raipur,Takeaway,Wallet,P010,Pepper Barbecue Chicken,Chicken,M,1,319,0,0
10722,2025-03-17,17:05:00,1126,2,Raipur,Delivery,Wallet,P014,Mexican Green Wave,Veg,M,1,299,0,65
10722,2025-03-17,17:05:00,1126,2,Raipur,Delivery,Wallet,P007,Peppy Paneer,Veg,L,1,449,22.45,48
10723,2025-07-30,20:28:00,1401,11,Bilaspur,Takeaway,Cash,P003,Margherita,Classic,L,1,449,0,0
10724,2025-11-06,20:32:00,1083,1,Raipur,Delivery,Wallet,P009,Chicken Dominator,Chicken,L,1,469,0,45
10724,2025-11-06,20:32:00,1083,1,Raipur,Delivery,Wallet,P016,Cheese Burst,Specialty,M,1,324,0,35
10724,2025-11-06,20:32:00,1083,1,Raipur,Delivery,Wallet,P019,Paneer Makhani,Veg,L,1,449,0,51
10724,2025-11-06,20:32:00,1083,1,Raipur,Delivery,Wallet,P008,Chicken Dominator,Chicken,M,1,319,31.9,26
10725,2025-04-19,17:03:00,1113,7,Durg,Delivery,UPI,P008,Chicken Dominator,Chicken,M,1,319,0,41
10725,2025-04-19,17:03:00,1113,7,Durg,Delivery,UPI,P011,Pepper Barbecue Chicken,Chicken,L,1,469,46.9,30
10725,2025-04-19,17:03:00,1113,7,Durg,Delivery,UPI,P006,Peppy Paneer,Veg,M,2,299,29.9,24
10726,2025-02-23,13:38:00,1399,14,Nagpur,Delivery,Card,P003,Margherita,Classic,L,2,449,0,37
10726,2025-02-23,13:38:00,1399,14,Nagpur,Delivery,Card,P002,Margherita,Classic,M,1,299,0,53
10727,2025-04-14,19:02:00,1124,5,Bhilai,Delivery,UPI,P001,Margherita,Classic,S,2,179,17.9,36
10727,2025-04-14,19:02:00,1124,5,Bhilai,Delivery,UPI,P005,Farmhouse,Veg,L,1,449,44.9,50
10727,2025-04-14,19:02:00,1124,5,Bhilai,Delivery,UPI,P020,Garlic Bread,Sides,M,1,149,0,38
10728,2025-07-20,20:08:00,1360,11,Bilaspur,Delivery,Wallet,P008,Chicken Dominator,Chicken,M,1,319,0,19
10729,2025-10-28,20:30:00,1301,14,Nagpur,Takeaway,Cash,P003,Margherita,Classic,L,1,449,0,0
10729,2025-10-28,20:30:00,1301,14,Nagpur,Takeaway,Cash,P007,Peppy Paneer,Veg,L,1,449,0,0
10730,2025-04-21,20:41:00,1073,13,Nagpur,Takeaway,Cash,P015,Mexican Green Wave,Veg,L,1,449,44.9,0
10730,2025-04-21,20:41:00,1073,13,Nagpur,Takeaway,Cash,P005,Farmhouse,Veg,L,1,449,0,0
10730,2025-04-21,20:41:00,1073,13,Nagpur,Takeaway,Cash,P006,Peppy Paneer,Veg,M,1,299,29.9,0
10730,2025-04-21,20:41:00,1073,13,Nagpur,Takeaway,Cash,P017,Cheese Burst,Specialty,L,1,474,0,0
10731,2025-04-17,22:38:00,1039,3,Raipur,Delivery,Wallet,P015,Mexican Green Wave,Veg,L,1,449,0,37
10732,2025-10-08,21:51:00,1401,15,Nagpur,Delivery,UPI,P005,Farmhouse,Veg,L,1,449,22.45,40
10732,2025-10-08,21:51:00,1401,15,Nagpur,Delivery,UPI,P019,Paneer Makhani,Veg,L,1,449,0,22
10732,2025-10-08,21:51:00,1401,15,Nagpur,Delivery,UPI,P003,Margherita,Classic,L,1,449,0,63
10732,2025-10-08,21:51:00,1401,15,Nagpur,Delivery,UPI,P004,Farmhouse,Veg,M,1,299,29.9,34
10733,2025-08-31,22:48:00,1449,8,Durg,Takeaway,Card,P020,Garlic Bread,Sides,M,1,149,14.9,0
10734,2025-01-21,17:18:00,1206,7,Durg,Takeaway,Card,P006,Peppy Paneer,Veg,M,2,299,59.8,0
10734,2025-01-21,17:18:00,1206,7,Durg,Takeaway,Card,P017,Cheese Burst,Specialty,L,1,474,47.4,0
10734,2025-01-21,17:18:00,1206,7,Durg,Takeaway,Card,P020,Garlic Bread,Sides,M,1,149,7.45,0
10735,2025-12-16,12:41:00,1030,12,Bilaspur,Takeaway,UPI,P017,Cheese Burst,Specialty,L,1,474,0,0
10735,2025-12-16,12:41:00,1030,12,Bilaspur,Takeaway,UPI,P005,Farmhouse,Veg,L,1,449,44.9,0
10736,2025-02-07,16:55:00,1237,11,Bilaspur,Delivery,Wallet,P011,Pepper Barbecue Chicken,Chicken,L,1,469,0,43
10736,2025-02-07,16:55:00,1237,11,Bilaspur,Delivery,Wallet,P018,Paneer Makhani,Veg,M,1,299,29.9,30
10736,2025-02-07,16:55:00,1237,11,Bilaspur,Delivery,Wallet,P007,Peppy Paneer,Veg,L,1,449,44.9,39
10736,2025-02-07,16:55:00,1237,11,Bilaspur,Delivery,Wallet,P002,Margherita,Classic,M,1,299,0,38
10737,2025-06-25,22:31:00,1109,12,Bilaspur,Takeaway,UPI,P007,Peppy Paneer,Veg,L,1,449,0,0
10737,2025-06-25,22:31:00,1109,12,Bilaspur,Takeaway,UPI,P009,Chicken Dominator,Chicken,L,1,469,0,0
10737,2025-06-25,22:31:00,1109,12,Bilaspur,Takeaway,UPI,P020,Garlic Bread,Sides,M,1,149,7.45,0
10738,2025-10-18,12:38:00,1397,7,Durg,Delivery,Cash,P020,Garlic Bread,Sides,M,1,149,14.9,35
10738,2025-10-18,12:38:00,1397,7,Durg,Delivery,Cash,P003,Margherita,Classic,L,2,449,44.9,58
10738,2025-10-18,12:38:00,1397,7,Durg,Delivery,Cash,P001,Margherita,Classic,S,1,179,0,23
10739,2025-03-14,13:25:00,1042,5,Bhilai,Takeaway,Wallet,P009,Chicken Dominator,Chicken,L,1,469,0,0
10739,2025-03-14,13:25:00,1042,5,Bhilai,Takeaway,Wallet,P012,Veg Extravaganza,Premium Veg,M,1,329,32.9,0
10739,2025-03-14,13:25:00,1042,5,Bhilai,Takeaway,Wallet,P004,Farmhouse,Veg,M,1,299,14.95,0
10739,2025-03-14,13:25:00,1042,5,Bhilai,Takeaway,Wallet,P016,Cheese Burst,Specialty,M,1,324,16.2,0
10740,2025-03-26,15:26:00,1247,8,Durg,Delivery,Card,P006,Peppy Paneer,Veg,M,2,299,0,22
10740,2025-03-26,15:26:00,1247,8,Durg,Delivery,Card,P012,Veg Extravaganza,Premium Veg,M,1,329,0,38
10740,2025-03-26,15:26:00,1247,8,Durg,Delivery,Card,P001,Margherita,Classic,S,1,179,8.95,18
10741,2025-03-19,21:59:00,1076,8,Durg,Takeaway,UPI,P004,Farmhouse,Veg,M,1,299,0,0
10741,2025-03-19,21:59:00,1076,8,Durg,Takeaway,UPI,P013,Veg Extravaganza,Premium Veg,L,1,479,47.9,0
10741,2025-03-19,21:59:00,1076,8,Durg,Takeaway,UPI,P020,Garlic Bread,Sides,M,2,149,0,0
10742,2025-01-19,16:12:00,1216,12,Bilaspur,Delivery,Card,P003,Margherita,Classic,L,3,449,0,41
10742,2025-01-19,16:12:00,1216,12,Bilaspur,Delivery,Card,P012,Veg Extravaganza,Premium Veg,M,1,329,16.45,19
10743,2025-06-04,21:32:00,1420,14,Nagpur,Delivery,Wallet,P007,Peppy Paneer,Veg,L,2,449,44.9,25
10743,2025-06-04,21:32:00,1420,14,Nagpur,Delivery,Wallet,P005,Farmhouse,Veg,L,1,449,0,47
10743,2025-06-04,21:32:00,1420,14,Nagpur,Delivery,Wallet,P016,Cheese Burst,Specialty,M,1,324,32.4,41
10744,2025-04-01,18:10:00,1278,7,Durg,Delivery,Wallet,P013,Veg Extravaganza,Premium Veg,L,1,479,0,23
10744,2025-04-01,18:10:00,1278,7,Durg,Delivery,Wallet,P019,Paneer Makhani,Veg,L,2,449,0,23
10745,2025-11-29,11:59:00,1211,2,Raipur,Delivery,UPI,P008,Chicken Dominator,Chicken,M,1,319,0,32
10745,2025-11-29,11:59:00,1211,2,Raipur,Delivery,UPI,P015,Mexican Green Wave,Veg,L,1,449,44.9,53
10745,2025-11-29,11:59:00,1211,2,Raipur,Delivery,UPI,P012,Veg Extravaganza,Premium Veg,M,1,329,32.9,25
10745,2025-11-29,11:59:00,1211,2,Raipur,Delivery,UPI,P017,Cheese Burst,Specialty,L,1,474,0,48
10746,2025-03-05,17:50:00,1238,7,Durg,Dine-in,Wallet,P019,Paneer Makhani,Veg,L,1,449,0,0
10747,2025-09-17,16:56:00,1338,5,Bhilai,Delivery,Wallet,P001,Margherita,Classic,S,1,179,0,18
10747,2025-09-17,16:56:00,1338,5,Bhilai,Delivery,Wallet,P019,Paneer Makhani,Veg,L,1,449,0,27
10748,2025-07-11,21:33:00,1420,12,Bilaspur,Delivery,Cash,P020,Garlic Bread,Sides,M,2,149,0,53
10749,2025-07-20,15:41:00,1202,14,Nagpur,Delivery,Wallet,P019,Paneer Makhani,Veg,L,1,449,0,43
10749,2025-07-20,15:41:00,1202,14,Nagpur,Delivery,Wallet,P006,Peppy Paneer,Veg,M,1,299,14.95,51
10750,2025-03-23,18:06:00,1364,13,Nagpur,Delivery,UPI,P017,Cheese Burst,Specialty,L,1,474,23.7,31
10750,2025-03-23,18:06:00,1364,13,Nagpur,Delivery,UPI,P011,Pepper Barbecue Chicken,Chicken,L,1,469,0,23
10750,2025-03-23,18:06:00,1364,13,Nagpur,Delivery,UPI,P004,Farmhouse,Veg,M,1,299,0,45
10750,2025-03-23,18:06:00,1364,13,Nagpur,Delivery,UPI,P009,Chicken Dominator,Chicken,L,1,469,0,58
10751,2025-10-31,15:39:00,1363,9,Durg,Dine-in,UPI,P001,Margherita,Classic,S,1,179,8.95,0
10751,2025-10-31,15:39:00,1363,9,Durg,Dine-in,UPI,P013,Veg Extravaganza,Premium Veg,L,1,479,0,0
10751,2025-10-31,15:39:00,1363,9,Durg,Dine-in,UPI,P020,Garlic Bread,Sides,M,1,149,0,0
10751,2025-10-31,15:39:00,1363,9,Durg,Dine-in,UPI,P011,Pepper Barbecue Chicken,Chicken,L,1,469,0,0
10752,2025-06-02,15:53:00,1126,12,Bilaspur,Takeaway,Wallet,P011,Pepper Barbecue Chicken,Chicken,L,1,469,0,0
10752,2025-06-02,15:53:00,1126,12,Bilaspur,Takeaway,Wallet,P004,Farmhouse,Veg,M,1,299,0,0
10752,2025-06-02,15:53:00,1126,12,Bilaspur,Takeaway,Wallet,P019,Paneer Makhani,Veg,L,1,449,0,0
10753,2025-08-24,21:07:00,1055,3,Raipur,Delivery,Card,P002,Margherita,Classic,M,1,299,14.95,31
10754,2025-07-20,14:50:00,1012,7,Durg,Delivery,UPI,P012,Veg Extravaganza,Premium Veg,M,1,329,16.45,58
10754,2025-07-20,14:50:00,1012,7,Durg,Delivery,UPI,P006,Peppy Paneer,Veg,M,1,299,29.9,28
10755,2025-04-03,16:57:00,1092,11,Bilaspur,Delivery,UPI,P020,Garlic Bread,Sides,M,1,149,7.45,48
10756,2025-11-11,19:00:00,1082,9,Durg,Takeaway,UPI,P010,Pepper Barbecue Chicken,Chicken,M,1,319,0,0
10756,2025-11-11,19:00:00,1082,9,Durg,Takeaway,UPI,P009,Chicken Dominator,Chicken,L,1,469,0,0
10757,2025-07-06,14:13:00,1016,6,Bhilai,Delivery,UPI,P004,Farmhouse,Veg,M,1,299,0,40
10757,2025-07-06,14:13:00,1016,6,Bhilai,Delivery,UPI,P008,Chicken Dominator,Chicken,M,1,319,15.95,47
10758,2025-09-11,18:25:00,1099,5,Bhilai,Delivery,Cash,P002,Margherita,Classic,M,1,299,0,64
10758,2025-09-11,18:25:00,1099,5,Bhilai,Delivery,Cash,P015,Mexican Green Wave,Veg,L,1,449,44.9,45
10758,2025-09-11,18:25:00,1099,5,Bhilai,Delivery,Cash,P010,Pepper Barbecue Chicken,Chicken,M,1,319,31.9,45
10758,2025-09-11,18:25:00,1099,5,Bhilai,Delivery,Cash,P003,Margherita,Classic,L,1,449,22.45,38
10759,2025-11-15,14:24:00,1220,4,Bhilai,Delivery,Cash,P007,Peppy Paneer,Veg,L,1,449,0,50
10760,2025-05-10,19:18:00,1310,14,Nagpur,Takeaway,Cash,P001,Margherita,Classic,S,1,179,8.95,0
10760,2025-05-10,19:18:00,1310,14,Nagpur,Takeaway,Cash,P003,Margherita,Classic,L,1,449,0,0
10760,2025-05-10,19:18:00,1310,14,Nagpur,Takeaway,Cash,P005,Farmhouse,Veg,L,1,449,0,0
10760,2025-05-10,19:18:00,1310,14,Nagpur,Takeaway,Cash,P015,Mexican Green Wave,Veg,L,1,449,0,0
10761,2025-12-03,17:09:00,1400,6,Bhilai,Delivery,Cash,P013,Veg Extravaganza,Premium Veg,L,1,479,0,47
10762,2025-10-18,20:57:00,1120,9,Durg,Delivery,Cash,P009,Chicken Dominator,Chicken,L,1,469,23.45,63
10762,2025-10-18,20:57:00,1120,9,Durg,Delivery,Cash,P002,Margherita,Classic,M,1,299,0,54
10763,2025-11-27,18:48:00,1223,6,Bhilai,Takeaway,Card,P001,Margherita,Classic,S,1,179,0,0
10763,2025-11-27,18:48:00,1223,6,Bhilai,Takeaway,Card,P008,Chicken Dominator,Chicken,M,1,319,15.95,0
10764,2025-08-04,14:28:00,1088,10,Bilaspur,Delivery,Wallet,P010,Pepper Barbecue Chicken,Chicken,M,1,319,0,47
10764,2025-08-04,14:28:00,1088,10,Bilaspur,Delivery,Wallet,P004,Farmhouse,Veg,M,1,299,14.95,26
10765,2025-07-26,12:34:00,1271,1,Raipur,Delivery,UPI,P007,Peppy Paneer,Veg,L,1,449,44.9,64
10766,2025-06-04,16:48:00,1178,7,Durg,Delivery,Cash,P010,Pepper Barbecue Chicken,Chicken,M,1,319,0,41
10766,2025-06-04,16:48:00,1178,7,Durg,Delivery,Cash,P006,Peppy Paneer,Veg,M,1,299,0,19
10766,2025-06-04,16:48:00,1178,7,Durg,Delivery,Cash,P012,Veg Extravaganza,Premium Veg,M,1,329,0,21
10766,2025-06-04,16:48:00,1178,7,Durg,Delivery,Cash,P007,Peppy Paneer,Veg,L,1,449,0,26
10767,2025-02-23,22:55:00,1353,12,Bilaspur,Delivery,Card,P003,Margherita,Classic,L,1,449,22.45,52
10768,2025-01-03,22:55:00,1027,5,Bhilai,Takeaway,UPI,P001,Margherita,Classic,S,1,179,8.95,0
10769,2025-02-08,16:44:00,1314,13,Nagpur,Takeaway,Cash,P019,Paneer Makhani,Veg,L,1,449,0,0
10769,2025-02-08,16:44:00,1314,13,Nagpur,Takeaway,Cash,P010,Pepper Barbecue Chicken,Chicken,M,1,319,0,0
10770,2025-06-13,21:48:00,1300,15,Nagpur,Takeaway,Wallet,P012,Veg Extravaganza,Premium Veg,M,1,329,32.9,0
10770,2025-06-13,21:48:00,1300,15,Nagpur,Takeaway,Wallet,P008,Chicken Dominator,Chicken,M,2,319,31.9,0
10770,2025-06-13,21:48:00,1300,15,Nagpur,Takeaway,Wallet,P004,Farmhouse,Veg,M,1,299,14.95,0
10771,2025-09-05,16:16:00,1393,5,Bhilai,Takeaway,Cash,P011,Pepper Barbecue Chicken,Chicken,L,1,469,0,0
10771,2025-09-05,16:16:00,1393,5,Bhilai,Takeaway,Cash,P013,Veg Extravaganza,Premium Veg,L,1,479,0,0
10772,2025-02-08,22:03:00,1109,1,Raipur,Takeaway,Wallet,P003,Margherita,Classic,L,2,449,44.9,0
10772,2025-02-08,22:03:00,1109,1,Raipur,Takeaway,Wallet,P002,Margherita,Classic,M,1,299,14.95,0
10772,2025-02-08,22:03:00,1109,1,Raipur,Takeaway,Wallet,P010,Pepper Barbecue Chicken,Chicken,M,1,319,31.9,0
10773,2025-12-02,15:32:00,1055,15,Nagpur,Delivery,Cash,P020,Garlic Bread,Sides,M,1,149,0,22
10773,2025-12-02,15:32:00,1055,15,Nagpur,Delivery,Cash,P018,Paneer Makhani,Veg,M,1,299,14.95,45
10773,2025-12-02,15:32:00,1055,15,Nagpur,Delivery,Cash,P008,Chicken Dominator,Chicken,M,1,319,0,61
10773,2025-12-02,15:32:00,1055,15,Nagpur,Delivery,Cash,P015,Mexican Green Wave,Veg,L,1,449,22.45,54
10774,2025-11-28,14:29:00,1449,2,Raipur,Takeaway,Card,P018,Paneer Makhani,Veg,M,1,299,0,0
10775,2025-05-17,12:42:00,1272,8,Durg,Delivery,UPI,P006,Peppy Paneer,Veg,M,1,299,0,27
10776,2025-07-23,18:32:00,1171,1,Raipur,Delivery,Cash,P001,Margherita,Classic,S,1,179,17.9,64
10777,2025-08-05,15:12:00,1207,3,Raipur,Delivery,Wallet,P002,Margherita,Classic,M,2,299,0,21
10777,2025-08-05,15:12:00,1207,3,Raipur,Delivery,Wallet,P001,Margherita,Classic,S,1,179,0,54
10777,2025-08-05,15:12:00,1207,3,Raipur,Delivery,Wallet,P004,Farmhouse,Veg,M,1,299,14.95,33
10778,2025-02-03,18:17:00,1116,15,Nagpur,Delivery,Wallet,P006,Peppy Paneer,Veg,M,1,299,29.9,31
10778,2025-02-03,18:17:00,1116,15,Nagpur,Delivery,Wallet,P003,Margherita,Classic,L,1,449,0,31
10778,2025-02-03,18:17:00,1116,15,Nagpur,Delivery,Wallet,P016,Cheese Burst,Specialty,M,1,324,16.2,58
10778,2025-02-03,18:17:00,1116,15,Nagpur,Delivery,Wallet,P012,Veg Extravaganza,Premium Veg,M,1,329,16.45,63
10779,2025-11-02,16:00:00,1049,3,Raipur,Delivery,Wallet,P017,Cheese Burst,Specialty,L,1,474,0,28
10779,2025-11-02,16:00:00,1049,3,Raipur,Delivery,Wallet,P012,Veg Extravaganza,Premium Veg,M,1,329,0,39
10779,2025-11-02,16:00:00,1049,3,Raipur,Delivery,Wallet,P003,Margherita,Classic,L,1,449,44.9,27
10780,2025-01-07,19:27:00,1172,1,Raipur,Delivery,Cash,P003,Margherita,Classic,L,1,449,0,56
10781,2025-06-30,22:37:00,1001,8,Durg,Takeaway,Wallet,P001,Margherita,Classic,S,1,179,0,0
10782,2025-10-18,19:18:00,1428,4,Bhilai,Delivery,Card,P015,Mexican Green Wave,Veg,L,1,449,22.45,46
10782,2025-10-18,19:18:00,1428,4,Bhilai,Delivery,Card,P002,Margherita,Classic,M,1,299,29.9,65
10783,2025-06-29,22:16:00,1340,8,Durg,Delivery,Wallet,P016,Cheese Burst,Specialty,M,1,324,16.2,63
10784,2025-06-20,21:49:00,1340,14,Nagpur,Takeaway,Wallet,P004,Farmhouse,Veg,M,1,299,0,0
10785,2025-03-17,22:54:00,1113,11,Bilaspur,Dine-in,Cash,P001,Margherita,Classic,S,1,179,0,0
10785,2025-03-17,22:54:00,1113,11,Bilaspur,Dine-in,Cash,P010,Pepper Barbecue Chicken,Chicken,M,1,319,0,0
10785,2025-03-17,22:54:00,1113,11,Bilaspur,Dine-in,Cash,P012,Veg Extravaganza,Premium Veg,M,1,329,0,0
10785,2025-03-17,22:54:00,1113,11,Bilaspur,Dine-in,Cash,P007,Peppy Paneer,Veg,L,1,449,44.9,0
10786,2025-11-24,14:17:00,1450,11,Bilaspur,Takeaway,Wallet,P004,Farmhouse,Veg,M,1,299,14.95,0
10786,2025-11-24,14:17:00,1450,11,Bilaspur,Takeaway,Wallet,P012,Veg Extravaganza,Premium Veg,M,1,329,32.9,0
10787,2025-10-29,17:17:00,1159,4,Bhilai,Delivery,Cash,P007,Peppy Paneer,Veg,L,1,449,44.9,54
10788,2025-06-27,16:00:00,1256,15,Nagpur,Takeaway,Wallet,P009,Chicken Dominator,Chicken,L,1,469,0,0
10788,2025-06-27,16:00:00,1256,15,Nagpur,Takeaway,Wallet,P005,Farmhouse,Veg,L,1,449,22.45,0
10789,2025-09-07,16:51:00,1151,1,Raipur,Delivery,Card,P016,Cheese Burst,Specialty,M,1,324,0,45
10789,2025-09-07,16:51:00,1151,1,Raipur,Delivery,Card,P002,Margherita,Classic,M,1,299,14.95,60
10789,2025-09-07,16:51:00,1151,1,Raipur,Delivery,Card,P008,Chicken Dominator,Chicken,M,1,319,0,21
10790,2025-05-09,15:56:00,1146,13,Nagpur,Takeaway,Card,P013,Veg Extravaganza,Premium Veg,L,1,479,0,0
10791,2025-04-11,18:58:00,1042,5,Bhilai,Delivery,Wallet,P004,Farmhouse,Veg,M,1,299,29.9,24
10791,2025-04-11,18:58:00,1042,5,Bhilai,Delivery,Wallet,P012,Veg Extravaganza,Premium Veg,M,1,329,16.45,37
10791,2025-04-11,18:58:00,1042,5,Bhilai,Delivery,Wallet,P006,Peppy Paneer,Veg,M,1,299,14.95,29
10792,2025-10-16,18:56:00,1166,13,Nagpur,Delivery,Card,P002,Margherita,Classic,M,1,299,0,37
10792,2025-10-16,18:56:00,1166,13,Nagpur,Delivery,Card,P009,Chicken Dominator,Chicken,L,1,469,46.9,52
10792,2025-10-16,18:56:00,1166,13,Nagpur,Delivery,Card,P005,Farmhouse,Veg,L,1,449,0,42
10793,2025-08-12,14:33:00,1227,12,Bilaspur,Delivery,Cash,P006,Peppy Paneer,Veg,M,1,299,0,44
10793,2025-08-12,14:33:00,1227,12,Bilaspur,Delivery,Cash,P007,Peppy Paneer,Veg,L,2,449,0,26
10793,2025-08-12,14:33:00,1227,12,Bilaspur,Delivery,Cash,P020,Garlic Bread,Sides,M,1,149,7.45,33
10794,2025-10-25,18:08:00,1318,9,Durg,Takeaway,Cash,P014,Mexican Green Wave,Veg,M,1,299,29.9,0
10795,2025-03-06,17:00:00,1237,13,Nagpur,Takeaway,Wallet,P002,Margherita,Classic,M,1,299,14.95,0
10796,2025-11-29,14:38:00,1050,14,Nagpur,Delivery,Wallet,P017,Cheese Burst,Specialty,L,1,474,0,62
10796,2025-11-29,14:38:00,1050,14,Nagpur,Delivery,Wallet,P002,Margherita,Classic,M,1,299,0,51
10796,2025-11-29,14:38:00,1050,14,Nagpur,Delivery,Wallet,P010,Pepper Barbecue Chicken,Chicken,M,1,319,0,53
10797,2025-09-11,15:57:00,1346,11,Bilaspur,Takeaway,Cash,P013,Veg Extravaganza,Premium Veg,L,1,479,0,0
10797,2025-09-11,15:57:00,1346,11,Bilaspur,Takeaway,Cash,P019,Paneer Makhani,Veg,L,1,449,0,0
10797,2025-09-11,15:57:00,1346,11,Bilaspur,Takeaway,Cash,P015,Mexican Green Wave,Veg,L,1,449,0,0
10798,2025-01-01,15:56:00,1062,9,Durg,Delivery,Card,P008,Chicken Dominator,Chicken,M,1,319,31.9,43
10799,2025-01-29,21:19:00,1208,8,Durg,Dine-in,Card,P016,Cheese Burst,Specialty,M,1,324,0,0
10799,2025-01-29,21:19:00,1208,8,Durg,Dine-in,Card,P012,Veg Extravaganza,Premium Veg,M,1,329,32.9,0
10799,2025-01-29,21:19:00,1208,8,Durg,Dine-in,Card,P017,Cheese Burst,Specialty,L,1,474,0,0
10800,2025-11-22,11:09:00,1420,12,Bilaspur,Takeaway,Card,P008,Chicken Dominator,Chicken,M,1,319,0,0
10800,2025-11-22,11:09:00,1420,12,Bilaspur,Takeaway,Card,P005,Farmhouse,Veg,L,1,449,44.9,0
10801,2025-07-08,19:25:00,1198,12,Bilaspur,Takeaway,Wallet,P016,Cheese Burst,Specialty,M,1,324,32.4,0
10801,2025-07-08,19:25:00,1198,12,Bilaspur,Takeaway,Wallet,P003,Margherita,Classic,L,1,449,0,0
10801,2025-07-08,19:25:00,1198,12,Bilaspur,Takeaway,Wallet,P004,Farmhouse,Veg,M,1,299,14.95,0
10801,2025-07-08,19:25:00,1198,12,Bilaspur,Takeaway,Wallet,P002,Margherita,Classic,M,1,299,0,0
10802,2025-11-27,19:42:00,1318,8,Durg,Delivery,Cash,P007,Peppy Paneer,Veg,L,1,449,22.45,18
10802,2025-11-27,19:42:00,1318,8,Durg,Delivery,Cash,P013,Veg Extravaganza,Premium Veg,L,1,479,0,40
10803,2025-09-14,21:32:00,1108,6,Bhilai,Dine-in,Wallet,P003,Margherita,Classic,L,1,449,0,0
10804,2025-06-30,19:36:00,1174,8,Durg,Takeaway,Card,P015,Mexican Green Wave,Veg,L,1,449,0,0
10804,2025-06-30,19:36:00,1174,8,Durg,Takeaway,Card,P011,Pepper Barbecue Chicken,Chicken,L,1,469,46.9,0
10804,2025-06-30,19:36:00,1174,8,Durg,Takeaway,Card,P019,Paneer Makhani,Veg,L,1,449,44.9,0
10805,2025-08-30,19:11:00,1295,12,Bilaspur,Dine-in,Cash,P012,Veg Extravaganza,Premium Veg,M,1,329,16.45,0
10805,2025-08-30,19:11:00,1295,12,Bilaspur,Dine-in,Cash,P010,Pepper Barbecue Chicken,Chicken,M,1,319,31.9,0
10806,2025-02-04,12:54:00,1376,3,Raipur,Delivery,UPI,P019,Paneer Makhani,Veg,L,1,449,0,24
10806,2025-02-04,12:54:00,1376,3,Raipur,Delivery,UPI,P008,Chicken Dominator,Chicken,M,1,319,0,64
10806,2025-02-04,12:54:00,1376,3,Raipur,Delivery,UPI,P014,Mexican Green Wave,Veg,M,1,299,29.9,44
10806,2025-02-04,12:54:00,1376,3,Raipur,Delivery,UPI,P020,Garlic Bread,Sides,M,1,149,0,21
10807,2025-11-10,16:02:00,1434,12,Bilaspur,Delivery,Cash,P019,Paneer Makhani,Veg,L,1,449,22.45,24
10808,2025-12-24,18:08:00,1327,10,Bilaspur,Delivery,Card,P008,Chicken Dominator,Chicken,M,1,319,0,45
10808,2025-12-24,18:08:00,1327,10,Bilaspur,Delivery,Card,P012,Veg Extravaganza,Premium Veg,M,1,329,0,23
10808,2025-12-24,18:08:00,1327,10,Bilaspur,Delivery,Card,P004,Farmhouse,Veg,M,1,299,0,58
10809,2025-12-09,14:02:00,1415,3,Raipur,Takeaway,Cash,P009,Chicken Dominator,Chicken,L,1,469,46.9,0
10809,2025-12-09,14:02:00,1415,3,Raipur,Takeaway,Cash,P017,Cheese Burst,Specialty,L,1,474,0,0
10809,2025-12-09,14:02:00,1415,3,Raipur,Takeaway,Cash,P005,Farmhouse,Veg,L,1,449,0,0
10809,2025-12-09,14:02:00,1415,3,Raipur,Takeaway,Cash,P012,Veg Extravaganza,Premium Veg,M,1,329,32.9,0
10810,2025-09-14,17:39:00,1287,14,Nagpur,Delivery,UPI,P007,Peppy Paneer,Veg,L,1,449,22.45,24
10810,2025-09-14,17:39:00,1287,14,Nagpur,Delivery,UPI,P006,Peppy Paneer,Veg,M,1,299,0,49
10810,2025-09-14,17:39:00,1287,14,Nagpur,Delivery,UPI,P001,Margherita,Classic,S,1,179,0,21
10810,2025-09-14,17:39:00,1287,14,Nagpur,Delivery,UPI,P002,Margherita,Classic,M,1,299,14.95,19
10811,2025-04-25,20:18:00,1425,5,Bhilai,Delivery,Cash,P018,Paneer Makhani,Veg,M,1,299,0,36
10812,2025-02-08,18:15:00,1437,9,Durg,Dine-in,Cash,P011,Pepper Barbecue Chicken,Chicken,L,1,469,23.45,0
10812,2025-02-08,18:15:00,1437,9,Durg,Dine-in,Cash,P009,Chicken Dominator,Chicken,L,1,469,0,0
10812,2025-02-08,18:15:00,1437,9,Durg,Dine-in,Cash,P018,Paneer Makhani,Veg,M,1,299,0,0
10812,2025-02-08,18:15:00,1437,9,Durg,Dine-in,Cash,P010,Pepper Barbecue Chicken,Chicken,M,1,319,15.95,0
10813,2025-08-04,16:21:00,1392,1,Raipur,Delivery,Cash,P004,Farmhouse,Veg,M,1,299,0,54
10814,2025-11-09,19:48:00,1414,1,Raipur,Delivery,UPI,P010,Pepper Barbecue Chicken,Chicken,M,2,319,0,35
10814,2025-11-09,19:48:00,1414,1,Raipur,Delivery,UPI,P002,Margherita,Classic,M,1,299,0,24
10814,2025-11-09,19:48:00,1414,1,Raipur,Delivery,UPI,P009,Chicken Dominator,Chicken,L,1,469,0,49
10815,2025-09-17,16:22:00,1221,8,Durg,Delivery,Card,P019,Paneer Makhani,Veg,L,1,449,0,30
10816,2025-10-01,19:24:00,1350,11,Bilaspur,Takeaway,Wallet,P006,Peppy Paneer,Veg,M,1,299,29.9,0
10817,2025-12-23,14:44:00,1219,9,Durg,Delivery,Wallet,P018,Paneer Makhani,Veg,M,1,299,14.95,40
10818,2025-04-10,17:58:00,1030,4,Bhilai,Delivery,UPI,P007,Peppy Paneer,Veg,L,1,449,0,18
10818,2025-04-10,17:58:00,1030,4,Bhilai,Delivery,UPI,P014,Mexican Green Wave,Veg,M,1,299,0,21
10819,2025-02-09,13:28:00,1093,5,Bhilai,Delivery,Cash,P020,Garlic Bread,Sides,M,1,149,14.9,48
10819,2025-02-09,13:28:00,1093,5,Bhilai,Delivery,Cash,P002,Margherita,Classic,M,1,299,0,60
10820,2025-02-09,13:34:00,1106,8,Durg,Takeaway,Cash,P007,Peppy Paneer,Veg,L,1,449,22.45,0
10820,2025-02-09,13:34:00,1106,8,Durg,Takeaway,Cash,P005,Farmhouse,Veg,L,1,449,22.45,0
10821,2025-12-01,16:57:00,1137,6,Bhilai,Takeaway,UPI,P005,Farmhouse,Veg,L,1,449,44.9,0
10822,2025-12-28,22:31:00,1144,2,Raipur,Delivery,Card,P005,Farmhouse,Veg,L,1,449,0,41
10822,2025-12-28,22:31:00,1144,2,Raipur,Delivery,Card,P009,Chicken Dominator,Chicken,L,1,469,0,20
10823,2025-05-01,19:41:00,1392,8,Durg,Dine-in,UPI,P016,Cheese Burst,Specialty,M,1,324,0,0
10823,2025-05-01,19:41:00,1392,8,Durg,Dine-in,UPI,P004,Farmhouse,Veg,M,1,299,0,0
10823,2025-05-01,19:41:00,1392,8,Durg,Dine-in,UPI,P010,Pepper Barbecue Chicken,Chicken,M,1,319,15.95,0
10823,2025-05-01,19:41:00,1392,8,Durg,Dine-in,UPI,P005,Farmhouse,Veg,L,1,449,44.9,0
10824,2025-09-11,11:24:00,1197,8,Durg,Delivery,Card,P003,Margherita,Classic,L,1,449,22.45,19
10824,2025-09-11,11:24:00,1197,8,Durg,Delivery,Card,P007,Peppy Paneer,Veg,L,1,449,22.45,34
10824,2025-09-11,11:24:00,1197,8,Durg,Delivery,Card,P001,Margherita,Classic,S,1,179,0,19
10824,2025-09-11,11:24:00,1197,8,Durg,Delivery,Card,P005,Farmhouse,Veg,L,1,449,22.45,64
10825,2025-11-15,18:27:00,1401,12,Bilaspur,Dine-in,UPI,P009,Chicken Dominator,Chicken,L,1,469,23.45,0
10826,2025-10-01,18:36:00,1369,10,Bilaspur,Takeaway,Cash,P020,Garlic Bread,Sides,M,1,149,0,0
10826,2025-10-01,18:36:00,1369,10,Bilaspur,Takeaway,Cash,P007,Peppy Paneer,Veg,L,1,449,0,0
10827,2025-01-08,16:43:00,1141,2,Raipur,Dine-in,Cash,P009,Chicken Dominator,Chicken,L,1,469,23.45,0
10827,2025-01-08,16:43:00,1141,2,Raipur,Dine-in,Cash,P001,Margherita,Classic,S,1,179,8.95,0
10827,2025-01-08,16:43:00,1141,2,Raipur,Dine-in,Cash,P004,Farmhouse,Veg,M,1,299,0,0
10828,2025-03-05,17:42:00,1165,14,Nagpur,Delivery,Card,P007,Peppy Paneer,Veg,L,3,449,134.7,58
10828,2025-03-05,17:42:00,1165,14,Nagpur,Delivery,Card,P020,Garlic Bread,Sides,M,1,149,0,44
10829,2025-01-30,19:05:00,1142,15,Nagpur,Delivery,Cash,P007,Peppy Paneer,Veg,L,1,449,22.45,35
10830,2025-05-13,21:08:00,1117,11,Bilaspur,Delivery,UPI,P002,Margherita,Classic,M,1,299,29.9,55
10830,2025-05-13,21:08:00,1117,11,Bilaspur,Delivery,UPI,P001,Margherita,Classic,S,1,179,8.95,20
10831,2025-10-11,20:03:00,1366,5,Bhilai,Dine-in,UPI,P009,Chicken Dominator,Chicken,L,1,469,0,0
10831,2025-10-11,20:03:00,1366,5,Bhilai,Dine-in,UPI,P001,Margherita,Classic,S,1,179,0,0
10831,2025-10-11,20:03:00,1366,5,Bhilai,Dine-in,UPI,P004,Farmhouse,Veg,M,1,299,29.9,0
10832,2025-02-27,18:15:00,1105,6,Bhilai,Delivery,Wallet,P011,Pepper Barbecue Chicken,Chicken,L,1,469,23.45,27
10833,2025-01-13,17:50:00,1185,6,Bhilai,Dine-in,Cash,P020,Garlic Bread,Sides,M,1,149,7.45,0
10833,2025-01-13,17:50:00,1185,6,Bhilai,Dine-in,Cash,P005,Farmhouse,Veg,L,1,449,0,0
10833,2025-01-13,17:50:00,1185,6,Bhilai,Dine-in,Cash,P001,Margherita,Classic,S,1,179,0,0
10833,2025-01-13,17:50:00,1185,6,Bhilai,Dine-in,Cash,P006,Peppy Paneer,Veg,M,1,299,0,0
10834,2025-11-08,16:20:00,1262,12,Bilaspur,Takeaway,Cash,P006,Peppy Paneer,Veg,M,1,299,0,0
10834,2025-11-08,16:20:00,1262,12,Bilaspur,Takeaway,Cash,P010,Pepper Barbecue Chicken,Chicken,M,1,319,31.9,0
10835,2025-11-29,13:04:00,1115,10,Bilaspur,Delivery,Wallet,P017,Cheese Burst,Specialty,L,1,474,0,56
10836,2025-08-30,19:33:00,1226,6,Bhilai,Delivery,Cash,P005,Farmhouse,Veg,L,1,449,22.45,32
10836,2025-08-30,19:33:00,1226,6,Bhilai,Delivery,Cash,P015,Mexican Green Wave,Veg,L,1,449,44.9,38
10837,2025-03-01,19:28:00,1376,15,Nagpur,Delivery,UPI,P009,Chicken Dominator,Chicken,L,1,469,46.9,56
10837,2025-03-01,19:28:00,1376,15,Nagpur,Delivery,UPI,P002,Margherita,Classic,M,1,299,0,46
10837,2025-03-01,19:28:00,1376,15,Nagpur,Delivery,UPI,P006,Peppy Paneer,Veg,M,1,299,29.9,32
10838,2025-10-19,20:08:00,1276,4,Bhilai,Takeaway,Wallet,P010,Pepper Barbecue Chicken,Chicken,M,1,319,15.95,0
10838,2025-10-19,20:08:00,1276,4,Bhilai,Takeaway,Wallet,P015,Mexican Green Wave,Veg,L,1,449,22.45,0
10839,2025-03-02,13:26:00,1259,3,Raipur,Delivery,Card,P018,Paneer Makhani,Veg,M,1,299,0,44
10839,2025-03-02,13:26:00,1259,3,Raipur,Delivery,Card,P001,Margherita,Classic,S,1,179,8.95,53
10840,2025-12-31,22:47:00,1052,3,Raipur,Takeaway,Wallet,P012,Veg Extravaganza,Premium Veg,M,1,329,0,0
10841,2025-03-09,18:33:00,1199,15,Nagpur,Delivery,Card,P012,Veg Extravaganza,Premium Veg,M,1,329,16.45,55
10841,2025-03-09,18:33:00,1199,15,Nagpur,Delivery,Card,P004,Farmhouse,Veg,M,1,299,0,64
10841,2025-03-09,18:33:00,1199,15,Nagpur,Delivery,Card,P005,Farmhouse,Veg,L,2,449,0,22
10842,2025-07-01,22:58:00,1210,11,Bilaspur,Delivery,Wallet,P014,Mexican Green Wave,Veg,M,1,299,0,27
10842,2025-07-01,22:58:00,1210,11,Bilaspur,Delivery,Wallet,P013,Veg Extravaganza,Premium Veg,L,2,479,0,55
10843,2025-10-31,17:41:00,1233,7,Durg,Delivery,Card,P020,Garlic Bread,Sides,M,1,149,7.45,21
10843,2025-10-31,17:41:00,1233,7,Durg,Delivery,Card,P002,Margherita,Classic,M,1,299,29.9,36
10843,2025-10-31,17:41:00,1233,7,Durg,Delivery,Card,P005,Farmhouse,Veg,L,1,449,22.45,42
10844,2025-06-13,20:09:00,1022,14,Nagpur,Dine-in,Card,P008,Chicken Dominator,Chicken,M,1,319,15.95,0
10844,2025-06-13,20:09:00,1022,14,Nagpur,Dine-in,Card,P010,Pepper Barbecue Chicken,Chicken,M,2,319,0,0
10844,2025-06-13,20:09:00,1022,14,Nagpur,Dine-in,Card,P002,Margherita,Classic,M,1,299,0,0
10845,2025-05-28,16:28:00,1115,15,Nagpur,Delivery,Cash,P019,Paneer Makhani,Veg,L,1,449,22.45,27
10846,2025-02-19,16:53:00,1261,13,Nagpur,Delivery,UPI,P001,Margherita,Classic,S,1,179,0,41
10846,2025-02-19,16:53:00,1261,13,Nagpur,Delivery,UPI,P016,Cheese Burst,Specialty,M,1,324,0,36
10847,2025-10-20,18:28:00,1267,3,Raipur,Takeaway,Cash,P013,Veg Extravaganza,Premium Veg,L,1,479,0,0
10848,2025-08-16,21:31:00,1135,2,Raipur,Takeaway,Cash,P020,Garlic Bread,Sides,M,1,149,0,0
10849,2025-04-24,20:20:00,1081,9,Durg,Delivery,Wallet,P013,Veg Extravaganza,Premium Veg,L,1,479,23.95,20
10850,2025-08-10,14:45:00,1407,9,Durg,Delivery,UPI,P004,Farmhouse,Veg,M,1,299,29.9,32
10851,2025-12-11,15:30:00,1078,8,Durg,Takeaway,Wallet,P002,Margherita,Classic,M,2,299,0,0
10851,2025-12-11,15:30:00,1078,8,Durg,Takeaway,Wallet,P011,Pepper Barbecue Chicken,Chicken,L,1,469,0,0
10852,2025-08-11,13:35:00,1313,4,Bhilai,Takeaway,UPI,P012,Veg Extravaganza,Premium Veg,M,1,329,16.45,0
10852,2025-08-11,13:35:00,1313,4,Bhilai,Takeaway,UPI,P010,Pepper Barbecue Chicken,Chicken,M,1,319,31.9,0
10852,2025-08-11,13:35:00,1313,4,Bhilai,Takeaway,UPI,P011,Pepper Barbecue Chicken,Chicken,L,1,469,0,0
10852,2025-08-11,13:35:00,1313,4,Bhilai,Takeaway,UPI,P004,Farmhouse,Veg,M,1,299,14.95,0
10853,2025-04-29,21:42:00,1249,8,Durg,Takeaway,Wallet,P009,Chicken Dominator,Chicken,L,1,469,23.45,0
10853,2025-04-29,21:42:00,1249,8,Durg,Takeaway,Wallet,P005,Farmhouse,Veg,L,1,449,44.9,0
10853,2025-04-29,21:42:00,1249,8,Durg,Takeaway,Wallet,P003,Margherita,Classic,L,1,449,44.9,0
10854,2025-06-16,16:27:00,1060,3,Raipur,Delivery,Cash,P005,Farmhouse,Veg,L,1,449,44.9,63
10855,2025-03-07,20:30:00,1431,13,Nagpur,Takeaway,Wallet,P001,Margherita,Classic,S,1,179,0,0
10855,2025-03-07,20:30:00,1431,13,Nagpur,Takeaway,Wallet,P004,Farmhouse,Veg,M,1,299,29.9,0
10856,2025-02-01,18:20:00,1134,11,Bilaspur,Delivery,Wallet,P007,Peppy Paneer,Veg,L,1,449,0,39
10856,2025-02-01,18:20:00,1134,11,Bilaspur,Delivery,Wallet,P004,Farmhouse,Veg,M,1,299,0,37
10856,2025-02-01,18:20:00,1134,11,Bilaspur,Delivery,Wallet,P001,Margherita,Classic,S,1,179,17.9,44
10856,2025-02-01,18:20:00,1134,11,Bilaspur,Delivery,Wallet,P008,Chicken Dominator,Chicken,M,1,319,0,54
10857,2025-03-27,18:49:00,1321,2,Raipur,Dine-in,Cash,P010,Pepper Barbecue Chicken,Chicken,M,1,319,0,0
10857,2025-03-27,18:49:00,1321,2,Raipur,Dine-in,Cash,P001,Margherita,Classic,S,1,179,17.9,0
10858,2025-02-16,20:21:00,1181,13,Nagpur,Takeaway,UPI,P008,Chicken Dominator,Chicken,M,1,319,15.95,0
10859,2025-10-02,15:10:00,1430,9,Durg,Delivery,Card,P015,Mexican Green Wave,Veg,L,1,449,0,53
10859,2025-10-02,15:10:00,1430,9,Durg,Delivery,Card,P019,Paneer Makhani,Veg,L,1,449,0,18
10859,2025-10-02,15:10:00,1430,9,Durg,Delivery,Card,P005,Farmhouse,Veg,L,1,449,0,19
10860,2025-09-27,14:25:00,1406,8,Durg,Delivery,Cash,P001,Margherita,Classic,S,1,179,0,35
10860,2025-09-27,14:25:00,1406,8,Durg,Delivery,Cash,P011,Pepper Barbecue Chicken,Chicken,L,1,469,0,42
10860,2025-09-27,14:25:00,1406,8,Durg,Delivery,Cash,P012,Veg Extravaganza,Premium Veg,M,1,329,32.9,26
10861,2025-05-19,21:04:00,1038,9,Durg,Takeaway,Wallet,P001,Margherita,Classic,S,1,179,0,0
10862,2025-02-18,20:50:00,1201,4,Bhilai,Takeaway,Cash,P007,Peppy Paneer,Veg,L,1,449,44.9,0
10862,2025-02-18,20:50:00,1201,4,Bhilai,Takeaway,Cash,P014,Mexican Green Wave,Veg,M,1,299,0,0
10862,2025-02-18,20:50:00,1201,4,Bhilai,Takeaway,Cash,P005,Farmhouse,Veg,L,1,449,0,0
10863,2025-05-16,22:36:00,1242,7,Durg,Delivery,UPI,P020,Garlic Bread,Sides,M,1,149,14.9,36
10863,2025-05-16,22:36:00,1242,7,Durg,Delivery,UPI,P009,Chicken Dominator,Chicken,L,1,469,0,42
10864,2025-01-09,22:46:00,1202,6,Bhilai,Takeaway,UPI,P004,Farmhouse,Veg,M,2,299,29.9,0
10864,2025-01-09,22:46:00,1202,6,Bhilai,Takeaway,UPI,P020,Garlic Bread,Sides,M,1,149,14.9,0
10864,2025-01-09,22:46:00,1202,6,Bhilai,Takeaway,UPI,P006,Peppy Paneer,Veg,M,1,299,0,0
10865,2025-11-26,17:09:00,1415,11,Bilaspur,Dine-in,UPI,P003,Margherita,Classic,L,1,449,0,0
10865,2025-11-26,17:09:00,1415,11,Bilaspur,Dine-in,UPI,P020,Garlic Bread,Sides,M,1,149,0,0
10866,2025-03-14,17:53:00,1243,9,Durg,Takeaway,Card,P014,Mexican Green Wave,Veg,M,1,299,14.95,0
10867,2025-07-30,17:21:00,1428,3,Raipur,Delivery,Wallet,P004,Farmhouse,Veg,M,1,299,0,53
10868,2025-09-08,18:20:00,1334,4,Bhilai,Delivery,Wallet,P019,Paneer Makhani,Veg,L,1,449,44.9,62
10869,2025-02-09,17:48:00,1007,3,Raipur,Delivery,UPI,P003,Margherita,Classic,L,1,449,0,20
10869,2025-02-09,17:48:00,1007,3,Raipur,Delivery,UPI,P018,Paneer Makhani,Veg,M,1,299,29.9,49
10870,2025-03-29,19:33:00,1250,3,Raipur,Takeaway,Wallet,P001,Margherita,Classic,S,1,179,8.95,0
10870,2025-03-29,19:33:00,1250,3,Raipur,Takeaway,Wallet,P002,Margherita,Classic,M,1,299,14.95,0
10870,2025-03-29,19:33:00,1250,3,Raipur,Takeaway,Wallet,P020,Garlic Bread,Sides,M,1,149,7.45,0
10870,2025-03-29,19:33:00,1250,3,Raipur,Takeaway,Wallet,P013,Veg Extravaganza,Premium Veg,L,1,479,0,0
10871,2025-03-14,16:43:00,1105,13,Nagpur,Delivery,Cash,P008,Chicken Dominator,Chicken,M,1,319,0,28
10871,2025-03-14,16:43:00,1105,13,Nagpur,Delivery,Cash,P003,Margherita,Classic,L,1,449,44.9,18
10871,2025-03-14,16:43:00,1105,13,Nagpur,Delivery,Cash,P005,Farmhouse,Veg,L,1,449,22.45,44
10872,2025-04-02,15:04:00,1003,5,Bhilai,Takeaway,Card,P009,Chicken Dominator,Chicken,L,1,469,23.45,0
10873,2025-02-18,13:29:00,1305,3,Raipur,Delivery,Card,P011,Pepper Barbecue Chicken,Chicken,L,1,469,46.9,55
10873,2025-02-18,13:29:00,1305,3,Raipur,Delivery,Card,P019,Paneer Makhani,Veg,L,1,449,22.45,41
10873,2025-02-18,13:29:00,1305,3,Raipur,Delivery,Card,P004,Farmhouse,Veg,M,1,299,29.9,34
10874,2025-10-15,18:42:00,1104,2,Raipur,Delivery,UPI,P004,Farmhouse,Veg,M,2,299,0,26
10875,2025-09-25,19:49:00,1197,6,Bhilai,Delivery,Cash,P003,Margherita,Classic,L,2,449,0,27
10875,2025-09-25,19:49:00,1197,6,Bhilai,Delivery,Cash,P001,Margherita,Classic,S,1,179,0,48
10875,2025-09-25,19:49:00,1197,6,Bhilai,Delivery,Cash,P004,Farmhouse,Veg,M,1,299,0,38
10876,2025-02-09,21:03:00,1071,9,Durg,Takeaway,Wallet,P005,Farmhouse,Veg,L,1,449,44.9,0
10876,2025-02-09,21:03:00,1071,9,Durg,Takeaway,Wallet,P008,Chicken Dominator,Chicken,M,1,319,31.9,0
10876,2025-02-09,21:03:00,1071,9,Durg,Takeaway,Wallet,P002,Margherita,Classic,M,1,299,29.9,0
10876,2025-02-09,21:03:00,1071,9,Durg,Takeaway,Wallet,P009,Chicken Dominator,Chicken,L,1,469,23.45,0
10877,2025-06-09,21:20:00,1272,2,Raipur,Takeaway,Card,P020,Garlic Bread,Sides,M,1,149,0,0
10877,2025-06-09,21:20:00,1272,2,Raipur,Takeaway,Card,P016,Cheese Burst,Specialty,M,1,324,32.4,0
10878,2025-10-14,18:44:00,1404,5,Bhilai,Takeaway,Wallet,P003,Margherita,Classic,L,1,449,22.45,0
10878,2025-10-14,18:44:00,1404,5,Bhilai,Takeaway,Wallet,P017,Cheese Burst,Specialty,L,2,474,94.8,0
10879,2025-04-20,19:56:00,1098,7,Durg,Delivery,UPI,P007,Peppy Paneer,Veg,L,1,449,0,55
10879,2025-04-20,19:56:00,1098,7,Durg,Delivery,UPI,P009,Chicken Dominator,Chicken,L,1,469,23.45,39
10880,2025-02-18,21:58:00,1130,9,Durg,Dine-in,Cash,P011,Pepper Barbecue Chicken,Chicken,L,1,469,46.9,0
10881,2025-07-23,12:44:00,1361,5,Bhilai,Delivery,UPI,P017,Cheese Burst,Specialty,L,1,474,47.4,56
10882,2025-11-20,18:11:00,1243,12,Bilaspur,Takeaway,UPI,P006,Peppy Paneer,Veg,M,1,299,0,0
10883,2025-12-28,20:55:00,1436,3,Raipur,Delivery,UPI,P007,Peppy Paneer,Veg,L,1,449,0,38
10884,2025-02-19,21:17:00,1437,4,Bhilai,Takeaway,UPI,P016,Cheese Burst,Specialty,M,1,324,0,0
10884,2025-02-19,21:17:00,1437,4,Bhilai,Takeaway,UPI,P017,Cheese Burst,Specialty,L,1,474,23.7,0
10884,2025-02-19,21:17:00,1437,4,Bhilai,Takeaway,UPI,P005,Farmhouse,Veg,L,1,449,0,0
10885,2025-12-07,17:53:00,1342,11,Bilaspur,Delivery,Card,P013,Veg Extravaganza,Premium Veg,L,1,479,47.9,20
10885,2025-12-07,17:53:00,1342,11,Bilaspur,Delivery,Card,P002,Margherita,Classic,M,1,299,14.95,56
10886,2025-04-12,19:26:00,1089,11,Bilaspur,Takeaway,UPI,P004,Farmhouse,Veg,M,1,299,0,0
10886,2025-04-12,19:26:00,1089,11,Bilaspur,Takeaway,UPI,P005,Farmhouse,Veg,L,2,449,89.8,0
10887,2025-02-15,14:05:00,1094,12,Bilaspur,Delivery,Cash,P014,Mexican Green Wave,Veg,M,1,299,0,31
10888,2025-11-23,17:05:00,1450,12,Bilaspur,Dine-in,Cash,P014,Mexican Green Wave,Veg,M,2,299,29.9,0
10889,2025-01-28,17:18:00,1092,5,Bhilai,Delivery,Cash,P004,Farmhouse,Veg,M,1,299,14.95,34
10889,2025-01-28,17:18:00,1092,5,Bhilai,Delivery,Cash,P003,Margherita,Classic,L,2,449,89.8,34
10889,2025-01-28,17:18:00,1092,5,Bhilai,Delivery,Cash,P018,Paneer Makhani,Veg,M,1,299,0,49
10890,2025-07-01,19:22:00,1396,11,Bilaspur,Delivery,Card,P020,Garlic Bread,Sides,M,1,149,14.9,27
10891,2025-10-03,19:44:00,1223,6,Bhilai,Delivery,Cash,P005,Farmhouse,Veg,L,1,449,22.45,23
10891,2025-10-03,19:44:00,1223,6,Bhilai,Delivery,Cash,P020,Garlic Bread,Sides,M,1,149,0,34
10892,2025-04-22,18:02:00,1060,9,Durg,Takeaway,Card,P002,Margherita,Classic,M,1,299,0,0
10892,2025-04-22,18:02:00,1060,9,Durg,Takeaway,Card,P010,Pepper Barbecue Chicken,Chicken,M,1,319,15.95,0
10892,2025-04-22,18:02:00,1060,9,Durg,Takeaway,Card,P006,Peppy Paneer,Veg,M,2,299,0,0
10893,2025-11-19,17:57:00,1005,3,Raipur,Delivery,Cash,P011,Pepper Barbecue Chicken,Chicken,L,1,469,23.45,28
10893,2025-11-19,17:57:00,1005,3,Raipur,Delivery,Cash,P002,Margherita,Classic,M,1,299,29.9,52
10893,2025-11-19,17:57:00,1005,3,Raipur,Delivery,Cash,P019,Paneer Makhani,Veg,L,1,449,0,19
10894,2025-08-13,20:29:00,1304,10,Bilaspur,Takeaway,Wallet,P016,Cheese Burst,Specialty,M,1,324,32.4,0
10894,2025-08-13,20:29:00,1304,10,Bilaspur,Takeaway,Wallet,P004,Farmhouse,Veg,M,1,299,14.95,0
10894,2025-08-13,20:29:00,1304,10,Bilaspur,Takeaway,Wallet,P006,Peppy Paneer,Veg,M,1,299,0,0
10894,2025-08-13,20:29:00,1304,10,Bilaspur,Takeaway,Wallet,P005,Farmhouse,Veg,L,1,449,0,0
10895,2025-09-17,14:27:00,1397,5,Bhilai,Dine-in,Wallet,P003,Margherita,Classic,L,1,449,0,0
10896,2025-06-03,21:44:00,1269,4,Bhilai,Dine-in,Card,P012,Veg Extravaganza,Premium Veg,M,1,329,0,0
10896,2025-06-03,21:44:00,1269,4,Bhilai,Dine-in,Card,P015,Mexican Green Wave,Veg,L,1,449,0,0
10897,2025-06-08,20:09:00,1411,6,Bhilai,Delivery,Card,P001,Margherita,Classic,S,1,179,0,29
10897,2025-06-08,20:09:00,1411,6,Bhilai,Delivery,Card,P003,Margherita,Classic,L,1,449,0,31
10897,2025-06-08,20:09:00,1411,6,Bhilai,Delivery,Card,P018,Paneer Makhani,Veg,M,1,299,29.9,23
10897,2025-06-08,20:09:00,1411,6,Bhilai,Delivery,Card,P005,Farmhouse,Veg,L,1,449,0,27
10898,2025-12-17,18:49:00,1192,1,Raipur,Delivery,Cash,P008,Chicken Dominator,Chicken,M,1,319,31.9,62
10899,2025-04-19,21:42:00,1193,14,Nagpur,Delivery,Card,P006,Peppy Paneer,Veg,M,1,299,14.95,26
10900,2025-07-24,20:57:00,1145,14,Nagpur,Takeaway,Wallet,P009,Chicken Dominator,Chicken,L,1,469,0,0
10900,2025-07-24,20:57:00,1145,14,Nagpur,Takeaway,Wallet,P005,Farmhouse,Veg,L,1,449,0,0
10900,2025-07-24,20:57:00,1145,14,Nagpur,Takeaway,Wallet,P012,Veg Extravaganza,Premium Veg,M,1,329,0,0
10900,2025-07-24,20:57:00,1145,14,Nagpur,Takeaway,Wallet,P020,Garlic Bread,Sides,M,1,149,0,0
10901,2025-07-08,17:32:00,1422,1,Raipur,Delivery,Wallet,P011,Pepper Barbecue Chicken,Chicken,L,1,469,0,49
10902,2025-04-07,12:19:00,1223,2,Raipur,Delivery,Card,P003,Margherita,Classic,L,1,449,22.45,44
10902,2025-04-07,12:19:00,1223,2,Raipur,Delivery,Card,P005,Farmhouse,Veg,L,1,449,0,28
10902,2025-04-07,12:19:00,1223,2,Raipur,Delivery,Card,P012,Veg Extravaganza,Premium Veg,M,1,329,32.9,61
10902,2025-04-07,12:19:00,1223,2,Raipur,Delivery,Card,P008,Chicken Dominator,Chicken,M,1,319,0,47
10903,2025-02-12,17:46:00,1052,11,Bilaspur,Takeaway,UPI,P005,Farmhouse,Veg,L,1,449,44.9,0
10903,2025-02-12,17:46:00,1052,11,Bilaspur,Takeaway,UPI,P010,Pepper Barbecue Chicken,Chicken,M,1,319,31.9,0
10904,2025-01-06,18:42:00,1206,7,Durg,Takeaway,Cash,P004,Farmhouse,Veg,M,1,299,29.9,0
10904,2025-01-06,18:42:00,1206,7,Durg,Takeaway,Cash,P011,Pepper Barbecue Chicken,Chicken,L,1,469,23.45,0
10904,2025-01-06,18:42:00,1206,7,Durg,Takeaway,Cash,P010,Pepper Barbecue Chicken,Chicken,M,1,319,31.9,0
10904,2025-01-06,18:42:00,1206,7,Durg,Takeaway,Cash,P015,Mexican Green Wave,Veg,L,1,449,22.45,0
10905,2025-10-01,22:07:00,1403,3,Raipur,Dine-in,Wallet,P003,Margherita,Classic,L,1,449,22.45,0
10906,2025-12-29,19:12:00,1264,14,Nagpur,Delivery,Wallet,P001,Margherita,Classic,S,1,179,8.95,21
10906,2025-12-29,19:12:00,1264,14,Nagpur,Delivery,Wallet,P004,Farmhouse,Veg,M,1,299,14.95,34
10906,2025-12-29,19:12:00,1264,14,Nagpur,Delivery,Wallet,P002,Margherita,Classic,M,1,299,29.9,39
10906,2025-12-29,19:12:00,1264,14,Nagpur,Delivery,Wallet,P008,Chicken Dominator,Chicken,M,1,319,15.95,19
10907,2025-10-05,16:18:00,1183,7,Durg,Delivery,Cash,P011,Pepper Barbecue Chicken,Chicken,L,1,469,0,52
10907,2025-10-05,16:18:00,1183,7,Durg,Delivery,Cash,P010,Pepper Barbecue Chicken,Chicken,M,1,319,31.9,33
10907,2025-10-05,16:18:00,1183,7,Durg,Delivery,Cash,P006,Peppy Paneer,Veg,M,1,299,0,23
10908,2025-10-01,14:46:00,1075,11,Bilaspur,Delivery,Cash,P020,Garlic Bread,Sides,M,1,149,14.9,20
10908,2025-10-01,14:46:00,1075,11,Bilaspur,Delivery,Cash,P012,Veg Extravaganza,Premium Veg,M,1,329,0,38
10908,2025-10-01,14:46:00,1075,11,Bilaspur,Delivery,Cash,P004,Farmhouse,Veg,M,1,299,14.95,20
10909,2025-03-17,19:46:00,1327,13,Nagpur,Takeaway,Wallet,P005,Farmhouse,Veg,L,1,449,22.45,0
10910,2025-08-05,17:11:00,1383,5,Bhilai,Takeaway,UPI,P020,Garlic Bread,Sides,M,2,149,0,0
10910,2025-08-05,17:11:00,1383,5,Bhilai,Takeaway,UPI,P015,Mexican Green Wave,Veg,L,1,449,0,0
10910,2025-08-05,17:11:00,1383,5,Bhilai,Takeaway,UPI,P009,Chicken Dominator,Chicken,L,1,469,23.45,0
10911,2025-10-21,18:48:00,1224,5,Bhilai,Takeaway,Card,P008,Chicken Dominator,Chicken,M,1,319,0,0
10911,2025-10-21,18:48:00,1224,5,Bhilai,Takeaway,Card,P001,Margherita,Classic,S,1,179,8.95,0
10911,2025-10-21,18:48:00,1224,5,Bhilai,Takeaway,Card,P006,Peppy Paneer,Veg,M,1,299,14.95,0
10912,2025-01-03,17:01:00,1401,7,Durg,Takeaway,Cash,P007,Peppy Paneer,Veg,L,1,449,0,0
10912,2025-01-03,17:01:00,1401,7,Durg,Takeaway,Cash,P015,Mexican Green Wave,Veg,L,1,449,0,0
10912,2025-01-03,17:01:00,1401,7,Durg,Takeaway,Cash,P011,Pepper Barbecue Chicken,Chicken,L,1,469,0,0
10913,2025-01-10,19:14:00,1033,10,Bilaspur,Delivery,Wallet,P011,Pepper Barbecue Chicken,Chicken,L,1,469,0,39
10913,2025-01-10,19:14:00,1033,10,Bilaspur,Delivery,Wallet,P005,Farmhouse,Veg,L,1,449,22.45,38
10913,2025-01-10,19:14:00,1033,10,Bilaspur,Delivery,Wallet,P006,Peppy Paneer,Veg,M,1,299,14.95,46
10913,2025-01-10,19:14:00,1033,10,Bilaspur,Delivery,Wallet,P019,Paneer Makhani,Veg,L,1,449,0,47
10914,2025-09-13,16:44:00,1088,11,Bilaspur,Delivery,Wallet,P011,Pepper Barbecue Chicken,Chicken,L,1,469,0,58
10915,2025-09-07,18:22:00,1043,4,Bhilai,Takeaway,Cash,P005,Farmhouse,Veg,L,2,449,0,0
10915,2025-09-07,18:22:00,1043,4,Bhilai,Takeaway,Cash,P012,Veg Extravaganza,Premium Veg,M,1,329,0,0
10916,2025-11-16,19:39:00,1181,10,Bilaspur,Delivery,UPI,P009,Chicken Dominator,Chicken,L,1,469,0,42
10916,2025-11-16,19:39:00,1181,10,Bilaspur,Delivery,UPI,P008,Chicken Dominator,Chicken,M,1,319,0,24
10916,2025-11-16,19:39:00,1181,10,Bilaspur,Delivery,UPI,P004,Farmhouse,Veg,M,1,299,29.9,31
10917,2025-04-19,22:36:00,1149,3,Raipur,Takeaway,Wallet,P005,Farmhouse,Veg,L,1,449,22.45,0
10917,2025-04-19,22:36:00,1149,3,Raipur,Takeaway,Wallet,P003,Margherita,Classic,L,1,449,0,0
10917,2025-04-19,22:36:00,1149,3,Raipur,Takeaway,Wallet,P018,Paneer Makhani,Veg,M,1,299,14.95,0
10917,2025-04-19,22:36:00,1149,3,Raipur,Takeaway,Wallet,P004,Farmhouse,Veg,M,1,299,29.9,0
10918,2025-04-26,21:31:00,1388,8,Durg,Delivery,Wallet,P019,Paneer Makhani,Veg,L,1,449,22.45,18
10918,2025-04-26,21:31:00,1388,8,Durg,Delivery,Wallet,P003,Margherita,Classic,L,1,449,22.45,47
10919,2025-12-02,15:58:00,1051,7,Durg,Delivery,Wallet,P006,Peppy Paneer,Veg,M,1,299,0,56
10919,2025-12-02,15:58:00,1051,7,Durg,Delivery,Wallet,P011,Pepper Barbecue Chicken,Chicken,L,2,469,93.8,19
10919,2025-12-02,15:58:00,1051,7,Durg,Delivery,Wallet,P002,Margherita,Classic,M,1,299,14.95,57
10920,2025-05-08,15:40:00,1242,11,Bilaspur,Delivery,Cash,P014,Mexican Green Wave,Veg,M,1,299,29.9,53
10921,2025-09-19,21:54:00,1083,8,Durg,Delivery,Card,P008,Chicken Dominator,Chicken,M,1,319,0,38
10921,2025-09-19,21:54:00,1083,8,Durg,Delivery,Card,P013,Veg Extravaganza,Premium Veg,L,1,479,0,36
10922,2025-02-03,21:13:00,1296,8,Durg,Delivery,Wallet,P015,Mexican Green Wave,Veg,L,1,449,0,56
10922,2025-02-03,21:13:00,1296,8,Durg,Delivery,Wallet,P020,Garlic Bread,Sides,M,1,149,7.45,28
10923,2025-05-06,18:04:00,1004,12,Bilaspur,Delivery,Wallet,P017,Cheese Burst,Specialty,L,1,474,0,63
10923,2025-05-06,18:04:00,1004,12,Bilaspur,Delivery,Wallet,P001,Margherita,Classic,S,1,179,0,46
10923,2025-05-06,18:04:00,1004,12,Bilaspur,Delivery,Wallet,P007,Peppy Paneer,Veg,L,1,449,44.9,64
10923,2025-05-06,18:04:00,1004,12,Bilaspur,Delivery,Wallet,P004,Farmhouse,Veg,M,1,299,0,36
10924,2025-07-23,20:46:00,1394,1,Raipur,Delivery,Wallet,P015,Mexican Green Wave,Veg,L,1,449,0,64
10924,2025-07-23,20:46:00,1394,1,Raipur,Delivery,Wallet,P002,Margherita,Classic,M,1,299,0,41
10924,2025-07-23,20:46:00,1394,1,Raipur,Delivery,Wallet,P017,Cheese Burst,Specialty,L,1,474,47.4,60
10924,2025-07-23,20:46:00,1394,1,Raipur,Delivery,Wallet,P014,Mexican Green Wave,Veg,M,1,299,14.95,27
10925,2025-05-05,20:13:00,1136,2,Raipur,Delivery,UPI,P018,Paneer Makhani,Veg,M,1,299,14.95,62
10925,2025-05-05,20:13:00,1136,2,Raipur,Delivery,UPI,P008,Chicken Dominator,Chicken,M,1,319,31.9,39
10925,2025-05-05,20:13:00,1136,2,Raipur,Delivery,UPI,P004,Farmhouse,Veg,M,2,299,59.8,62
10926,2025-05-13,19:38:00,1019,13,Nagpur,Delivery,Cash,P004,Farmhouse,Veg,M,1,299,14.95,54
10927,2025-07-05,20:19:00,1367,3,Raipur,Delivery,Cash,P013,Veg Extravaganza,Premium Veg,L,1,479,0,27
10927,2025-07-05,20:19:00,1367,3,Raipur,Delivery,Cash,P012,Veg Extravaganza,Premium Veg,M,1,329,16.45,42
10927,2025-07-05,20:19:00,1367,3,Raipur,Delivery,Cash,P003,Margherita,Classic,L,1,449,22.45,58
10927,2025-07-05,20:19:00,1367,3,Raipur,Delivery,Cash,P015,Mexican Green Wave,Veg,L,1,449,0,19
10928,2025-04-19,19:09:00,1300,1,Raipur,Delivery,Wallet,P011,Pepper Barbecue Chicken,Chicken,L,1,469,23.45,51
10928,2025-04-19,19:09:00,1300,1,Raipur,Delivery,Wallet,P003,Margherita,Classic,L,2,449,44.9,42
10928,2025-04-19,19:09:00,1300,1,Raipur,Delivery,Wallet,P005,Farmhouse,Veg,L,1,449,44.9,59
10929,2025-03-28,21:30:00,1090,8,Durg,Takeaway,UPI,P005,Farmhouse,Veg,L,1,449,22.45,0
10930,2025-04-16,16:17:00,1312,13,Nagpur,Takeaway,UPI,P006,Peppy Paneer,Veg,M,1,299,0,0
10930,2025-04-16,16:17:00,1312,13,Nagpur,Takeaway,UPI,P007,Peppy Paneer,Veg,L,1,449,0,0
10931,2025-04-14,17:02:00,1205,11,Bilaspur,Delivery,Cash,P004,Farmhouse,Veg,M,1,299,0,21
10932,2025-08-17,19:15:00,1126,5,Bhilai,Takeaway,Card,P004,Farmhouse,Veg,M,1,299,0,0
10932,2025-08-17,19:15:00,1126,5,Bhilai,Takeaway,Card,P013,Veg Extravaganza,Premium Veg,L,1,479,0,0
10933,2025-11-08,16:17:00,1047,12,Bilaspur,Delivery,UPI,P009,Chicken Dominator,Chicken,L,1,469,0,33
10933,2025-11-08,16:17:00,1047,12,Bilaspur,Delivery,UPI,P001,Margherita,Classic,S,1,179,17.9,47
10934,2025-02-20,18:50:00,1027,6,Bhilai,Takeaway,UPI,P008,Chicken Dominator,Chicken,M,1,319,31.9,0
10934,2025-02-20,18:50:00,1027,6,Bhilai,Takeaway,UPI,P007,Peppy Paneer,Veg,L,1,449,0,0
10935,2025-02-21,18:13:00,1307,8,Durg,Delivery,UPI,P017,Cheese Burst,Specialty,L,1,474,0,55
10935,2025-02-21,18:13:00,1307,8,Durg,Delivery,UPI,P002,Margherita,Classic,M,1,299,29.9,18
10935,2025-02-21,18:13:00,1307,8,Durg,Delivery,UPI,P018,Paneer Makhani,Veg,M,1,299,14.95,44
10935,2025-02-21,18:13:00,1307,8,Durg,Delivery,UPI,P015,Mexican Green Wave,Veg,L,1,449,22.45,49
10936,2025-11-20,15:32:00,1248,9,Durg,Delivery,Cash,P017,Cheese Burst,Specialty,L,1,474,23.7,58
10936,2025-11-20,15:32:00,1248,9,Durg,Delivery,Cash,P004,Farmhouse,Veg,M,2,299,59.8,25
10937,2025-04-04,18:20:00,1261,8,Durg,Delivery,Card,P014,Mexican Green Wave,Veg,M,1,299,14.95,24
10938,2025-08-15,17:43:00,1276,14,Nagpur,Delivery,UPI,P003,Margherita,Classic,L,1,449,22.45,51
10938,2025-08-15,17:43:00,1276,14,Nagpur,Delivery,UPI,P008,Chicken Dominator,Chicken,M,1,319,31.9,24
10939,2025-12-17,16:39:00,1108,10,Bilaspur,Takeaway,Cash,P003,Margherita,Classic,L,1,449,0,0
10939,2025-12-17,16:39:00,1108,10,Bilaspur,Takeaway,Cash,P006,Peppy Paneer,Veg,M,1,299,0,0
10940,2025-11-09,19:20:00,1265,8,Durg,Takeaway,Wallet,P004,Farmhouse,Veg,M,2,299,29.9,0
10940,2025-11-09,19:20:00,1265,8,Durg,Takeaway,Wallet,P019,Paneer Makhani,Veg,L,1,449,22.45,0
10941,2025-03-16,17:46:00,1182,14,Nagpur,Takeaway,Wallet,P007,Peppy Paneer,Veg,L,2,449,89.8,0
10941,2025-03-16,17:46:00,1182,14,Nagpur,Takeaway,Wallet,P006,Peppy Paneer,Veg,M,1,299,0,0
10942,2025-07-29,17:51:00,1072,8,Durg,Takeaway,UPI,P003,Margherita,Classic,L,1,449,22.45,0
10942,2025-07-29,17:51:00,1072,8,Durg,Takeaway,UPI,P013,Veg Extravaganza,Premium Veg,L,1,479,23.95,0
10943,2025-01-13,17:50:00,1196,6,Bhilai,Delivery,Card,P010,Pepper Barbecue Chicken,Chicken,M,1,319,15.95,24
10943,2025-01-13,17:50:00,1196,6,Bhilai,Delivery,Card,P007,Peppy Paneer,Veg,L,1,449,0,33
10944,2025-03-24,17:30:00,1370,10,Bilaspur,Delivery,UPI,P012,Veg Extravaganza,Premium Veg,M,1,329,32.9,21
10944,2025-03-24,17:30:00,1370,10,Bilaspur,Delivery,UPI,P019,Paneer Makhani,Veg,L,1,449,0,21
10944,2025-03-24,17:30:00,1370,10,Bilaspur,Delivery,UPI,P008,Chicken Dominator,Chicken,M,1,319,15.95,35
10944,2025-03-24,17:30:00,1370,10,Bilaspur,Delivery,UPI,P004,Farmhouse,Veg,M,1,299,14.95,46
10945,2025-05-26,14:08:00,1384,2,Raipur,Delivery,Wallet,P018,Paneer Makhani,Veg,M,1,299,0,53
10945,2025-05-26,14:08:00,1384,2,Raipur,Delivery,Wallet,P010,Pepper Barbecue Chicken,Chicken,M,1,319,0,46
10946,2025-05-06,17:34:00,1391,11,Bilaspur,Delivery,Cash,P002,Margherita,Classic,M,1,299,0,62
10947,2025-12-31,20:54:00,1185,15,Nagpur,Takeaway,Card,P005,Farmhouse,Veg,L,1,449,22.45,0
10947,2025-12-31,20:54:00,1185,15,Nagpur,Takeaway,Card,P004,Farmhouse,Veg,M,1,299,14.95,0
10948,2025-04-12,19:45:00,1133,5,Bhilai,Delivery,UPI,P002,Margherita,Classic,M,1,299,29.9,49
10948,2025-04-12,19:45:00,1133,5,Bhilai,Delivery,UPI,P006,Peppy Paneer,Veg,M,1,299,0,51
10949,2025-01-31,21:32:00,1192,1,Raipur,Delivery,UPI,P015,Mexican Green Wave,Veg,L,1,449,0,65
10949,2025-01-31,21:32:00,1192,1,Raipur,Delivery,UPI,P008,Chicken Dominator,Chicken,M,1,319,0,54
10949,2025-01-31,21:32:00,1192,1,Raipur,Delivery,UPI,P010,Pepper Barbecue Chicken,Chicken,M,1,319,0,53
10950,2025-02-27,18:51:00,1263,14,Nagpur,Takeaway,Wallet,P014,Mexican Green Wave,Veg,M,2,299,59.8,0
10951,2025-05-22,18:56:00,1379,3,Raipur,Takeaway,UPI,P011,Pepper Barbecue Chicken,Chicken,L,1,469,46.9,0
10951,2025-05-22,18:56:00,1379,3,Raipur,Takeaway,UPI,P005,Farmhouse,Veg,L,1,449,0,0
10952,2025-07-25,19:00:00,1320,14,Nagpur,Delivery,UPI,P005,Farmhouse,Veg,L,1,449,0,55
10952,2025-07-25,19:00:00,1320,14,Nagpur,Delivery,UPI,P003,Margherita,Classic,L,1,449,22.45,52
10953,2025-08-23,19:12:00,1395,14,Nagpur,Delivery,Cash,P003,Margherita,Classic,L,2,449,44.9,29
10954,2025-02-21,12:38:00,1433,1,Raipur,Takeaway,Cash,P005,Farmhouse,Veg,L,1,449,22.45,0
10955,2025-04-28,19:12:00,1156,3,Raipur,Delivery,Cash,P019,Paneer Makhani,Veg,L,1,449,22.45,19
10955,2025-04-28,19:12:00,1156,3,Raipur,Delivery,Cash,P003,Margherita,Classic,L,1,449,0,46
10956,2025-03-05,21:24:00,1014,8,Durg,Takeaway,Card,P001,Margherita,Classic,S,1,179,0,0
10956,2025-03-05,21:24:00,1014,8,Durg,Takeaway,Card,P007,Peppy Paneer,Veg,L,1,449,0,0
10956,2025-03-05,21:24:00,1014,8,Durg,Takeaway,Card,P003,Margherita,Classic,L,1,449,0,0
10956,2025-03-05,21:24:00,1014,8,Durg,Takeaway,Card,P014,Mexican Green Wave,Veg,M,1,299,0,0
10957,2025-03-25,20:07:00,1251,12,Bilaspur,Delivery,Cash,P003,Margherita,Classic,L,1,449,22.45,50
10957,2025-03-25,20:07:00,1251,12,Bilaspur,Delivery,Cash,P020,Garlic Bread,Sides,M,1,149,0,47
10957,2025-03-25,20:07:00,1251,12,Bilaspur,Delivery,Cash,P015,Mexican Green Wave,Veg,L,1,449,0,18
10957,2025-03-25,20:07:00,1251,12,Bilaspur,Delivery,Cash,P006,Peppy Paneer,Veg,M,1,299,29.9,44
10958,2025-07-24,22:06:00,1182,6,Bhilai,Dine-in,UPI,P020,Garlic Bread,Sides,M,1,149,14.9,0
10958,2025-07-24,22:06:00,1182,6,Bhilai,Dine-in,UPI,P011,Pepper Barbecue Chicken,Chicken,L,1,469,46.9,0
10958,2025-07-24,22:06:00,1182,6,Bhilai,Dine-in,UPI,P004,Farmhouse,Veg,M,1,299,0,0
10958,2025-07-24,22:06:00,1182,6,Bhilai,Dine-in,UPI,P013,Veg Extravaganza,Premium Veg,L,1,479,23.95,0
10959,2025-11-28,21:02:00,1073,14,Nagpur,Delivery,UPI,P008,Chicken Dominator,Chicken,M,1,319,31.9,20
10959,2025-11-28,21:02:00,1073,14,Nagpur,Delivery,UPI,P002,Margherita,Classic,M,1,299,0,56
10960,2025-04-18,21:42:00,1151,6,Bhilai,Delivery,Card,P003,Margherita,Classic,L,1,449,0,41
10960,2025-04-18,21:42:00,1151,6,Bhilai,Delivery,Card,P019,Paneer Makhani,Veg,L,1,449,0,28
10960,2025-04-18,21:42:00,1151,6,Bhilai,Delivery,Card,P020,Garlic Bread,Sides,M,1,149,0,49
10960,2025-04-18,21:42:00,1151,6,Bhilai,Delivery,Card,P014,Mexican Green Wave,Veg,M,1,299,0,37
10961,2025-07-26,19:58:00,1431,5,Bhilai,Delivery,UPI,P005,Farmhouse,Veg,L,1,449,44.9,20
10962,2025-03-15,21:02:00,1277,7,Durg,Takeaway,Card,P002,Margherita,Classic,M,1,299,0,0
10962,2025-03-15,21:02:00,1277,7,Durg,Takeaway,Card,P005,Farmhouse,Veg,L,1,449,0,0
10963,2025-08-03,22:07:00,1244,8,Durg,Dine-in,Wallet,P017,Cheese Burst,Specialty,L,1,474,0,0
10963,2025-08-03,22:07:00,1244,8,Durg,Dine-in,Wallet,P016,Cheese Burst,Specialty,M,1,324,16.2,0
10964,2025-09-01,18:57:00,1132,3,Raipur,Delivery,Cash,P008,Chicken Dominator,Chicken,M,1,319,0,26
10965,2025-04-23,18:51:00,1074,4,Bhilai,Takeaway,UPI,P004,Farmhouse,Veg,M,3,299,44.85,0
10965,2025-04-23,18:51:00,1074,4,Bhilai,Takeaway,UPI,P010,Pepper Barbecue Chicken,Chicken,M,1,319,15.95,0
10966,2025-12-30,22:42:00,1303,9,Durg,Delivery,Cash,P005,Farmhouse,Veg,L,1,449,0,55
10966,2025-12-30,22:42:00,1303,9,Durg,Delivery,Cash,P006,Peppy Paneer,Veg,M,1,299,0,65
10967,2025-07-17,19:50:00,1102,3,Raipur,Delivery,UPI,P003,Margherita,Classic,L,1,449,44.9,48
10967,2025-07-17,19:50:00,1102,3,Raipur,Delivery,UPI,P005,Farmhouse,Veg,L,1,449,22.45,30
10968,2025-11-18,21:36:00,1208,8,Durg,Dine-in,Wallet,P009,Chicken Dominator,Chicken,L,1,469,23.45,0
10968,2025-11-18,21:36:00,1208,8,Durg,Dine-in,Wallet,P002,Margherita,Classic,M,1,299,14.95,0
10968,2025-11-18,21:36:00,1208,8,Durg,Dine-in,Wallet,P004,Farmhouse,Veg,M,1,299,0,0
10969,2025-05-11,17:55:00,1250,13,Nagpur,Delivery,UPI,P014,Mexican Green Wave,Veg,M,1,299,29.9,59
10969,2025-05-11,17:55:00,1250,13,Nagpur,Delivery,UPI,P004,Farmhouse,Veg,M,1,299,0,52
10969,2025-05-11,17:55:00,1250,13,Nagpur,Delivery,UPI,P015,Mexican Green Wave,Veg,L,1,449,0,24
10970,2025-04-27,22:53:00,1057,2,Raipur,Delivery,Cash,P018,Paneer Makhani,Veg,M,1,299,29.9,53
10970,2025-04-27,22:53:00,1057,2,Raipur,Delivery,Cash,P005,Farmhouse,Veg,L,1,449,0,50
10971,2025-04-04,17:56:00,1262,4,Bhilai,Delivery,Card,P003,Margherita,Classic,L,1,449,22.45,51
10972,2025-11-04,20:36:00,1441,9,Durg,Delivery,Cash,P012,Veg Extravaganza,Premium Veg,M,1,329,0,41
10972,2025-11-04,20:36:00,1441,9,Durg,Delivery,Cash,P020,Garlic Bread,Sides,M,1,149,0,24
10973,2025-12-15,15:40:00,1440,10,Bilaspur,Delivery,Card,P017,Cheese Burst,Specialty,L,1,474,23.7,42
10973,2025-12-15,15:40:00,1440,10,Bilaspur,Delivery,Card,P004,Farmhouse,Veg,M,1,299,29.9,48
10973,2025-12-15,15:40:00,1440,10,Bilaspur,Delivery,Card,P020,Garlic Bread,Sides,M,2,149,29.8,38
10974,2025-03-11,20:19:00,1001,2,Raipur,Delivery,Cash,P019,Paneer Makhani,Veg,L,1,449,0,21
10974,2025-03-11,20:19:00,1001,2,Raipur,Delivery,Cash,P010,Pepper Barbecue Chicken,Chicken,M,1,319,31.9,26
10975,2025-03-15,18:10:00,1392,13,Nagpur,Dine-in,Card,P015,Mexican Green Wave,Veg,L,1,449,22.45,0
10975,2025-03-15,18:10:00,1392,13,Nagpur,Dine-in,Card,P011,Pepper Barbecue Chicken,Chicken,L,1,469,0,0
10975,2025-03-15,18:10:00,1392,13,Nagpur,Dine-in,Card,P006,Peppy Paneer,Veg,M,1,299,0,0
10975,2025-03-15,18:10:00,1392,13,Nagpur,Dine-in,Card,P003,Margherita,Classic,L,1,449,22.45,0
10976,2025-03-13,21:07:00,1372,12,Bilaspur,Delivery,Card,P007,Peppy Paneer,Veg,L,1,449,22.45,18
10976,2025-03-13,21:07:00,1372,12,Bilaspur,Delivery,Card,P012,Veg Extravaganza,Premium Veg,M,1,329,0,51
10977,2025-06-09,18:49:00,1322,10,Bilaspur,Delivery,Wallet,P016,Cheese Burst,Specialty,M,1,324,0,22
10977,2025-06-09,18:49:00,1322,10,Bilaspur,Delivery,Wallet,P009,Chicken Dominator,Chicken,L,1,469,23.45,35
10977,2025-06-09,18:49:00,1322,10,Bilaspur,Delivery,Wallet,P010,Pepper Barbecue Chicken,Chicken,M,1,319,0,42
10978,2025-05-11,14:29:00,1219,10,Bilaspur,Delivery,Wallet,P004,Farmhouse,Veg,M,1,299,14.95,33
10978,2025-05-11,14:29:00,1219,10,Bilaspur,Delivery,Wallet,P002,Margherita,Classic,M,1,299,29.9,62
10978,2025-05-11,14:29:00,1219,10,Bilaspur,Delivery,Wallet,P020,Garlic Bread,Sides,M,1,149,14.9,44
10979,2025-01-30,19:55:00,1395,5,Bhilai,Takeaway,Cash,P011,Pepper Barbecue Chicken,Chicken,L,1,469,23.45,0
10979,2025-01-30,19:55:00,1395,5,Bhilai,Takeaway,Cash,P005,Farmhouse,Veg,L,1,449,22.45,0
10979,2025-01-30,19:55:00,1395,5,Bhilai,Takeaway,Cash,P012,Veg Extravaganza,Premium Veg,M,1,329,0,0
10980,2025-01-07,14:51:00,1249,4,Bhilai,Delivery,Card,P012,Veg Extravaganza,Premium Veg,M,1,329,32.9,56
10980,2025-01-07,14:51:00,1249,4,Bhilai,Delivery,Card,P002,Margherita,Classic,M,1,299,29.9,20
10980,2025-01-07,14:51:00,1249,4,Bhilai,Delivery,Card,P015,Mexican Green Wave,Veg,L,1,449,0,55
10980,2025-01-07,14:51:00,1249,4,Bhilai,Delivery,Card,P013,Veg Extravaganza,Premium Veg,L,1,479,0,54
10981,2025-02-18,14:48:00,1123,6,Bhilai,Delivery,Wallet,P013,Veg Extravaganza,Premium Veg,L,1,479,47.9,54
10981,2025-02-18,14:48:00,1123,6,Bhilai,Delivery,Wallet,P001,Margherita,Classic,S,1,179,0,43
10981,2025-02-18,14:48:00,1123,6,Bhilai,Delivery,Wallet,P011,Pepper Barbecue Chicken,Chicken,L,1,469,46.9,60
10981,2025-02-18,14:48:00,1123,6,Bhilai,Delivery,Wallet,P007,Peppy Paneer,Veg,L,1,449,0,31
10982,2025-10-18,15:40:00,1169,2,Raipur,Delivery,Wallet,P013,Veg Extravaganza,Premium Veg,L,1,479,23.95,40
10983,2025-12-16,17:15:00,1142,8,Durg,Takeaway,Cash,P013,Veg Extravaganza,Premium Veg,L,1,479,23.95,0
10983,2025-12-16,17:15:00,1142,8,Durg,Takeaway,Cash,P011,Pepper Barbecue Chicken,Chicken,L,1,469,46.9,0
10983,2025-12-16,17:15:00,1142,8,Durg,Takeaway,Cash,P014,Mexican Green Wave,Veg,M,1,299,14.95,0
10983,2025-12-16,17:15:00,1142,8,Durg,Takeaway,Cash,P003,Margherita,Classic,L,1,449,0,0
10984,2025-09-13,21:21:00,1181,10,Bilaspur,Delivery,Card,P016,Cheese Burst,Specialty,M,1,324,32.4,38
10984,2025-09-13,21:21:00,1181,10,Bilaspur,Delivery,Card,P002,Margherita,Classic,M,1,299,29.9,58
10984,2025-09-13,21:21:00,1181,10,Bilaspur,Delivery,Card,P013,Veg Extravaganza,Premium Veg,L,1,479,0,42
10985,2025-04-14,16:45:00,1249,6,Bhilai,Delivery,Wallet,P014,Mexican Green Wave,Veg,M,1,299,0,30
10985,2025-04-14,16:45:00,1249,6,Bhilai,Delivery,Wallet,P020,Garlic Bread,Sides,M,1,149,7.45,50
10985,2025-04-14,16:45:00,1249,6,Bhilai,Delivery,Wallet,P005,Farmhouse,Veg,L,1,449,22.45,53
10986,2025-10-03,15:39:00,1357,2,Raipur,Delivery,UPI,P017,Cheese Burst,Specialty,L,1,474,0,42
10986,2025-10-03,15:39:00,1357,2,Raipur,Delivery,UPI,P002,Margherita,Classic,M,1,299,0,65
10986,2025-10-03,15:39:00,1357,2,Raipur,Delivery,UPI,P005,Farmhouse,Veg,L,1,449,22.45,57
10986,2025-10-03,15:39:00,1357,2,Raipur,Delivery,UPI,P006,Peppy Paneer,Veg,M,1,299,0,38
10987,2025-04-26,18:02:00,1126,9,Durg,Delivery,Cash,P008,Chicken Dominator,Chicken,M,1,319,0,33
10988,2025-04-26,18:51:00,1111,3,Raipur,Delivery,Card,P017,Cheese Burst,Specialty,L,1,474,47.4,46
10989,2025-08-01,18:36:00,1099,7,Durg,Delivery,Wallet,P014,Mexican Green Wave,Veg,M,1,299,14.95,45
10989,2025-08-01,18:36:00,1099,7,Durg,Delivery,Wallet,P013,Veg Extravaganza,Premium Veg,L,1,479,23.95,41
10989,2025-08-01,18:36:00,1099,7,Durg,Delivery,Wallet,P020,Garlic Bread,Sides,M,1,149,0,38
10989,2025-08-01,18:36:00,1099,7,Durg,Delivery,Wallet,P015,Mexican Green Wave,Veg,L,1,449,22.45,22
10990,2025-12-21,15:55:00,1424,12,Bilaspur,Delivery,Card,P020,Garlic Bread,Sides,M,1,149,14.9,52
10991,2025-06-10,14:52:00,1310,4,Bhilai,Takeaway,Card,P004,Farmhouse,Veg,M,1,299,29.9,0
10991,2025-06-10,14:52:00,1310,4,Bhilai,Takeaway,Card,P016,Cheese Burst,Specialty,M,1,324,0,0
10991,2025-06-10,14:52:00,1310,4,Bhilai,Takeaway,Card,P007,Peppy Paneer,Veg,L,2,449,0,0
10992,2025-01-12,18:35:00,1333,1,Raipur,Takeaway,Wallet,P001,Margherita,Classic,S,1,179,8.95,0
10992,2025-01-12,18:35:00,1333,1,Raipur,Takeaway,Wallet,P006,Peppy Paneer,Veg,M,1,299,14.95,0
10993,2025-01-15,20:31:00,1221,12,Bilaspur,Takeaway,Card,P003,Margherita,Classic,L,1,449,22.45,0
10993,2025-01-15,20:31:00,1221,12,Bilaspur,Takeaway,Card,P007,Peppy Paneer,Veg,L,1,449,0,0
10993,2025-01-15,20:31:00,1221,12,Bilaspur,Takeaway,Card,P009,Chicken Dominator,Chicken,L,1,469,46.9,0
10993,2025-01-15,20:31:00,1221,12,Bilaspur,Takeaway,Card,P012,Veg Extravaganza,Premium Veg,M,1,329,0,0
10994,2025-10-04,22:37:00,1162,14,Nagpur,Delivery,UPI,P010,Pepper Barbecue Chicken,Chicken,M,1,319,0,51
10994,2025-10-04,22:37:00,1162,14,Nagpur,Delivery,UPI,P015,Mexican Green Wave,Veg,L,1,449,44.9,64
10994,2025-10-04,22:37:00,1162,14,Nagpur,Delivery,UPI,P001,Margherita,Classic,S,1,179,0,64
10995,2025-04-10,16:38:00,1397,13,Nagpur,Dine-in,Card,P011,Pepper Barbecue Chicken,Chicken,L,1,469,46.9,0
10996,2025-03-03,17:06:00,1207,10,Bilaspur,Takeaway,Wallet,P006,Peppy Paneer,Veg,M,1,299,14.95,0
10996,2025-03-03,17:06:00,1207,10,Bilaspur,Takeaway,Wallet,P008,Chicken Dominator,Chicken,M,1,319,15.95,0
10996,2025-03-03,17:06:00,1207,10,Bilaspur,Takeaway,Wallet,P017,Cheese Burst,Specialty,L,1,474,0,0
10996,2025-03-03,17:06:00,1207,10,Bilaspur,Takeaway,Wallet,P003,Margherita,Classic,L,1,449,44.9,0
10997,2025-05-10,18:11:00,1134,7,Durg,Delivery,Cash,P005,Farmhouse,Veg,L,1,449,0,51
10998,2025-05-12,11:38:00,1032,9,Durg,Delivery,Cash,P003,Margherita,Classic,L,1,449,0,18
10999,2025-06-17,17:01:00,1410,15,Nagpur,Delivery,Cash,P020,Garlic Bread,Sides,M,1,149,0,58
11000,2025-11-14,18:34:00,1112,6,Bhilai,Delivery,Card,P010,Pepper Barbecue Chicken,Chicken,M,1,319,0,50
11000,2025-11-14,18:34:00,1112,6,Bhilai,Delivery,Card,P018,Paneer Makhani,Veg,M,1,299,0,46
11000,2025-11-14,18:34:00,1112,6,Bhilai,Delivery,Card,P013,Veg Extravaganza,Premium Veg,L,1,479,0,57
11001,2025-01-20,22:56:00,1407,2,Raipur,Takeaway,Cash,P002,Margherita,Classic,M,1,299,0,0
11001,2025-01-20,22:56:00,1407,2,Raipur,Takeaway,Cash,P012,Veg Extravaganza,Premium Veg,M,1,329,0,0
11001,2025-01-20,22:56:00,1407,2,Raipur,Takeaway,Cash,P010,Pepper Barbecue Chicken,Chicken,M,1,319,31.9,0
11002,2025-04-09,19:39:00,1173,8,Durg,Dine-in,Wallet,P020,Garlic Bread,Sides,M,1,149,0,0
11002,2025-04-09,19:39:00,1173,8,Durg,Dine-in,Wallet,P012,Veg Extravaganza,Premium Veg,M,1,329,0,0
11002,2025-04-09,19:39:00,1173,8,Durg,Dine-in,Wallet,P001,Margherita,Classic,S,1,179,17.9,0
11002,2025-04-09,19:39:00,1173,8,Durg,Dine-in,Wallet,P004,Farmhouse,Veg,M,1,299,0,0
11003,2025-07-26,12:03:00,1246,13,Nagpur,Takeaway,UPI,P012,Veg Extravaganza,Premium Veg,M,1,329,16.45,0
11004,2025-09-27,18:44:00,1273,9,Durg,Delivery,Card,P005,Farmhouse,Veg,L,1,449,44.9,43
11004,2025-09-27,18:44:00,1273,9,Durg,Delivery,Card,P007,Peppy Paneer,Veg,L,1,449,44.9,42
11004,2025-09-27,18:44:00,1273,9,Durg,Delivery,Card,P003,Margherita,Classic,L,1,449,0,49
11005,2025-01-13,18:20:00,1288,8,Durg,Delivery,Cash,P020,Garlic Bread,Sides,M,1,149,0,30
11005,2025-01-13,18:20:00,1288,8,Durg,Delivery,Cash,P014,Mexican Green Wave,Veg,M,2,299,0,37
11005,2025-01-13,18:20:00,1288,8,Durg,Delivery,Cash,P013,Veg Extravaganza,Premium Veg,L,1,479,0,59
11006,2025-06-10,20:34:00,1015,1,Raipur,Dine-in,Wallet,P005,Farmhouse,Veg,L,1,449,44.9,0
11006,2025-06-10,20:34:00,1015,1,Raipur,Dine-in,Wallet,P009,Chicken Dominator,Chicken,L,1,469,0,0
11007,2025-09-18,17:44:00,1023,15,Nagpur,Delivery,Wallet,P018,Paneer Makhani,Veg,M,1,299,0,63
11007,2025-09-18,17:44:00,1023,15,Nagpur,Delivery,Wallet,P013,Veg Extravaganza,Premium Veg,L,1,479,0,49
11008,2025-04-16,19:39:00,1008,1,Raipur,Dine-in,Card,P019,Paneer Makhani,Veg,L,1,449,0,0
11009,2025-05-04,19:58:00,1426,6,Bhilai,Dine-in,Wallet,P006,Peppy Paneer,Veg,M,1,299,0,0
11009,2025-05-04,19:58:00,1426,6,Bhilai,Dine-in,Wallet,P016,Cheese Burst,Specialty,M,1,324,0,0
11010,2025-03-14,19:39:00,1343,5,Bhilai,Takeaway,Wallet,P003,Margherita,Classic,L,1,449,22.45,0
11010,2025-03-14,19:39:00,1343,5,Bhilai,Takeaway,Wallet,P018,Paneer Makhani,Veg,M,1,299,29.9,0
11010,2025-03-14,19:39:00,1343,5,Bhilai,Takeaway,Wallet,P014,Mexican Green Wave,Veg,M,1,299,0,0
11011,2025-08-01,20:24:00,1143,14,Nagpur,Dine-in,Wallet,P010,Pepper Barbecue Chicken,Chicken,M,1,319,31.9,0
11011,2025-08-01,20:24:00,1143,14,Nagpur,Dine-in,Wallet,P011,Pepper Barbecue Chicken,Chicken,L,1,469,0,0
11011,2025-08-01,20:24:00,1143,14,Nagpur,Dine-in,Wallet,P006,Peppy Paneer,Veg,M,1,299,0,0
11012,2025-02-06,19:07:00,1082,15,Nagpur,Takeaway,UPI,P009,Chicken Dominator,Chicken,L,1,469,23.45,0
11012,2025-02-06,19:07:00,1082,15,Nagpur,Takeaway,UPI,P003,Margherita,Classic,L,1,449,44.9,0
11013,2025-05-26,18:18:00,1439,10,Bilaspur,Delivery,UPI,P016,Cheese Burst,Specialty,M,1,324,32.4,30
11013,2025-05-26,18:18:00,1439,10,Bilaspur,Delivery,UPI,P018,Paneer Makhani,Veg,M,1,299,0,51
11013,2025-05-26,18:18:00,1439,10,Bilaspur,Delivery,UPI,P020,Garlic Bread,Sides,M,1,149,0,48
11013,2025-05-26,18:18:00,1439,10,Bilaspur,Delivery,UPI,P009,Chicken Dominator,Chicken,L,1,469,46.9,24
11014,2025-02-27,16:53:00,1199,3,Raipur,Delivery,UPI,P007,Peppy Paneer,Veg,L,1,449,0,46
11014,2025-02-27,16:53:00,1199,3,Raipur,Delivery,UPI,P006,Peppy Paneer,Veg,M,1,299,0,60
11015,2025-09-15,20:12:00,1394,4,Bhilai,Takeaway,UPI,P020,Garlic Bread,Sides,M,1,149,7.45,0
11016,2025-05-09,21:22:00,1237,4,Bhilai,Dine-in,UPI,P006,Peppy Paneer,Veg,M,1,299,0,0
11016,2025-05-09,21:22:00,1237,4,Bhilai,Dine-in,UPI,P020,Garlic Bread,Sides,M,1,149,7.45,0
11016,2025-05-09,21:22:00,1237,4,Bhilai,Dine-in,UPI,P008,Chicken Dominator,Chicken,M,1,319,31.9,0
11016,2025-05-09,21:22:00,1237,4,Bhilai,Dine-in,UPI,P004,Farmhouse,Veg,M,1,299,0,0
11017,2025-08-14,13:15:00,1309,9,Durg,Delivery,Card,P009,Chicken Dominator,Chicken,L,1,469,0,61
11017,2025-08-14,13:15:00,1309,9,Durg,Delivery,Card,P005,Farmhouse,Veg,L,1,449,0,44
11018,2025-09-23,18:39:00,1369,3,Raipur,Takeaway,Cash,P001,Margherita,Classic,S,1,179,0,0
11018,2025-09-23,18:39:00,1369,3,Raipur,Takeaway,Cash,P018,Paneer Makhani,Veg,M,1,299,29.9,0
11018,2025-09-23,18:39:00,1369,3,Raipur,Takeaway,Cash,P012,Veg Extravaganza,Premium Veg,M,1,329,0,0
11019,2025-10-16,13:24:00,1394,10,Bilaspur,Delivery,Card,P009,Chicken Dominator,Chicken,L,1,469,0,19
11020,2025-11-29,20:30:00,1293,11,Bilaspur,Delivery,Wallet,P019,Paneer Makhani,Veg,L,1,449,44.9,48
11020,2025-11-29,20:30:00,1293,11,Bilaspur,Delivery,Wallet,P004,Farmhouse,Veg,M,2,299,0,47
11020,2025-11-29,20:30:00,1293,11,Bilaspur,Delivery,Wallet,P008,Chicken Dominator,Chicken,M,1,319,15.95,32
11021,2025-03-15,16:46:00,1090,7,Durg,Dine-in,Card,P014,Mexican Green Wave,Veg,M,1,299,0,0
11021,2025-03-15,16:46:00,1090,7,Durg,Dine-in,Card,P007,Peppy Paneer,Veg,L,1,449,44.9,0
11021,2025-03-15,16:46:00,1090,7,Durg,Dine-in,Card,P005,Farmhouse,Veg,L,1,449,44.9,0
11022,2025-12-30,21:54:00,1117,7,Durg,Delivery,Cash,P020,Garlic Bread,Sides,M,1,149,14.9,47
11022,2025-12-30,21:54:00,1117,7,Durg,Delivery,Cash,P007,Peppy Paneer,Veg,L,1,449,44.9,46
11023,2025-07-18,18:21:00,1167,11,Bilaspur,Delivery,Card,P003,Margherita,Classic,L,2,449,0,64
11024,2025-12-04,20:23:00,1238,9,Durg,Takeaway,Wallet,P011,Pepper Barbecue Chicken,Chicken,L,1,469,0,0
11024,2025-12-04,20:23:00,1238,9,Durg,Takeaway,Wallet,P003,Margherita,Classic,L,1,449,44.9,0
11024,2025-12-04,20:23:00,1238,9,Durg,Takeaway,Wallet,P002,Margherita,Classic,M,1,299,14.95,0
11025,2025-11-16,17:12:00,1112,6,Bhilai,Delivery,Card,P019,Paneer Makhani,Veg,L,1,449,0,42
11025,2025-11-16,17:12:00,1112,6,Bhilai,Delivery,Card,P007,Peppy Paneer,Veg,L,1,449,0,35
11025,2025-11-16,17:12:00,1112,6,Bhilai,Delivery,Card,P020,Garlic Bread,Sides,M,1,149,0,59
11025,2025-11-16,17:12:00,1112,6,Bhilai,Delivery,Card,P001,Margherita,Classic,S,1,179,17.9,54
11026,2025-04-12,15:20:00,1240,4,Bhilai,Takeaway,Card,P005,Farmhouse,Veg,L,1,449,0,0
11026,2025-04-12,15:20:00,1240,4,Bhilai,Takeaway,Card,P019,Paneer Makhani,Veg,L,1,449,0,0
11026,2025-04-12,15:20:00,1240,4,Bhilai,Takeaway,Card,P010,Pepper Barbecue Chicken,Chicken,M,1,319,0,0
11026,2025-04-12,15:20:00,1240,4,Bhilai,Takeaway,Card,P014,Mexican Green Wave,Veg,M,1,299,0,0
11027,2025-01-11,10:55:00,1446,1,Raipur,Delivery,UPI,P019,Paneer Makhani,Veg,L,1,449,0,37
11027,2025-01-11,10:55:00,1446,1,Raipur,Delivery,UPI,P006,Peppy Paneer,Veg,M,1,299,0,41
11027,2025-01-11,10:55:00,1446,1,Raipur,Delivery,UPI,P014,Mexican Green Wave,Veg,M,1,299,14.95,55
11028,2025-08-17,18:45:00,1090,5,Bhilai,Delivery,Card,P003,Margherita,Classic,L,1,449,44.9,28
11028,2025-08-17,18:45:00,1090,5,Bhilai,Delivery,Card,P002,Margherita,Classic,M,1,299,29.9,62
11029,2025-05-24,19:57:00,1128,2,Raipur,Takeaway,Card,P002,Margherita,Classic,M,1,299,29.9,0
11029,2025-05-24,19:57:00,1128,2,Raipur,Takeaway,Card,P001,Margherita,Classic,S,1,179,0,0
11029,2025-05-24,19:57:00,1128,2,Raipur,Takeaway,Card,P018,Paneer Makhani,Veg,M,1,299,0,0
11029,2025-05-24,19:57:00,1128,2,Raipur,Takeaway,Card,P008,Chicken Dominator,Chicken,M,1,319,15.95,0
11030,2025-08-14,19:11:00,1230,15,Nagpur,Delivery,Wallet,P018,Paneer Makhani,Veg,M,2,299,0,29
11030,2025-08-14,19:11:00,1230,15,Nagpur,Delivery,Wallet,P020,Garlic Bread,Sides,M,1,149,0,57
11031,2025-06-03,19:58:00,1077,2,Raipur,Dine-in,Card,P005,Farmhouse,Veg,L,1,449,22.45,0
11031,2025-06-03,19:58:00,1077,2,Raipur,Dine-in,Card,P015,Mexican Green Wave,Veg,L,2,449,89.8,0
11032,2025-01-09,19:37:00,1214,3,Raipur,Delivery,Cash,P008,Chicken Dominator,Chicken,M,1,319,0,49
11032,2025-01-09,19:37:00,1214,3,Raipur,Delivery,Cash,P020,Garlic Bread,Sides,M,1,149,7.45,28
11033,2025-01-27,19:44:00,1157,5,Bhilai,Delivery,Wallet,P001,Margherita,Classic,S,1,179,17.9,60
11033,2025-01-27,19:44:00,1157,5,Bhilai,Delivery,Wallet,P014,Mexican Green Wave,Veg,M,2,299,0,39
11034,2025-10-10,12:55:00,1320,1,Raipur,Takeaway,UPI,P006,Peppy Paneer,Veg,M,2,299,0,0
11034,2025-10-10,12:55:00,1320,1,Raipur,Takeaway,UPI,P019,Paneer Makhani,Veg,L,1,449,22.45,0
11035,2025-12-23,17:23:00,1412,9,Durg,Takeaway,Wallet,P013,Veg Extravaganza,Premium Veg,L,1,479,0,0
11035,2025-12-23,17:23:00,1412,9,Durg,Takeaway,Wallet,P002,Margherita,Classic,M,1,299,29.9,0
11035,2025-12-23,17:23:00,1412,9,Durg,Takeaway,Wallet,P005,Farmhouse,Veg,L,1,449,22.45,0
11035,2025-12-23,17:23:00,1412,9,Durg,Takeaway,Wallet,P004,Farmhouse,Veg,M,1,299,14.95,0
11036,2025-02-12,21:58:00,1344,2,Raipur,Takeaway,Cash,P001,Margherita,Classic,S,1,179,0,0
11037,2025-02-24,16:11:00,1192,2,Raipur,Delivery,Card,P017,Cheese Burst,Specialty,L,1,474,0,64
11038,2025-01-07,20:21:00,1446,15,Nagpur,Delivery,Card,P011,Pepper Barbecue Chicken,Chicken,L,1,469,0,63
11038,2025-01-07,20:21:00,1446,15,Nagpur,Delivery,Card,P005,Farmhouse,Veg,L,1,449,0,30
11038,2025-01-07,20:21:00,1446,15,Nagpur,Delivery,Card,P012,Veg Extravaganza,Premium Veg,M,1,329,0,29
11038,2025-01-07,20:21:00,1446,15,Nagpur,Delivery,Card,P010,Pepper Barbecue Chicken,Chicken,M,1,319,0,63
11039,2025-02-16,10:50:00,1352,4,Bhilai,Delivery,UPI,P005,Farmhouse,Veg,L,1,449,44.9,56
11039,2025-02-16,10:50:00,1352,4,Bhilai,Delivery,UPI,P009,Chicken Dominator,Chicken,L,1,469,0,48
11039,2025-02-16,10:50:00,1352,4,Bhilai,Delivery,UPI,P008,Chicken Dominator,Chicken,M,1,319,15.95,64
11039,2025-02-16,10:50:00,1352,4,Bhilai,Delivery,UPI,P003,Margherita,Classic,L,1,449,0,46
11040,2025-04-05,18:05:00,1091,4,Bhilai,Delivery,Card,P013,Veg Extravaganza,Premium Veg,L,1,479,0,30
11041,2025-04-06,21:48:00,1117,3,Raipur,Delivery,Cash,P008,Chicken Dominator,Chicken,M,1,319,0,51
11041,2025-04-06,21:48:00,1117,3,Raipur,Delivery,Cash,P004,Farmhouse,Veg,M,1,299,0,59
11041,2025-04-06,21:48:00,1117,3,Raipur,Delivery,Cash,P007,Peppy Paneer,Veg,L,1,449,22.45,36
11041,2025-04-06,21:48:00,1117,3,Raipur,Delivery,Cash,P016,Cheese Burst,Specialty,M,1,324,0,22
11042,2025-02-01,13:22:00,1376,1,Raipur,Delivery,Wallet,P012,Veg Extravaganza,Premium Veg,M,1,329,32.9,18
11043,2025-12-12,14:37:00,1395,15,Nagpur,Dine-in,UPI,P013,Veg Extravaganza,Premium Veg,L,1,479,47.9,0
11043,2025-12-12,14:37:00,1395,15,Nagpur,Dine-in,UPI,P005,Farmhouse,Veg,L,1,449,22.45,0
11043,2025-12-12,14:37:00,1395,15,Nagpur,Dine-in,UPI,P006,Peppy Paneer,Veg,M,1,299,29.9,0
11044,2025-06-03,20:20:00,1280,12,Bilaspur,Delivery,Card,P012,Veg Extravaganza,Premium Veg,M,1,329,32.9,47
11045,2025-08-25,17:50:00,1434,7,Durg,Delivery,Wallet,P003,Margherita,Classic,L,1,449,0,38
11045,2025-08-25,17:50:00,1434,7,Durg,Delivery,Wallet,P014,Mexican Green Wave,Veg,M,1,299,29.9,58
11045,2025-08-25,17:50:00,1434,7,Durg,Delivery,Wallet,P006,Peppy Paneer,Veg,M,1,299,0,43
11045,2025-08-25,17:50:00,1434,7,Durg,Delivery,Wallet,P020,Garlic Bread,Sides,M,1,149,7.45,18
11046,2025-08-11,20:42:00,1089,3,Raipur,Delivery,Card,P002,Margherita,Classic,M,1,299,0,35
11046,2025-08-11,20:42:00,1089,3,Raipur,Delivery,Card,P006,Peppy Paneer,Veg,M,1,299,14.95,30
11047,2025-01-12,18:10:00,1156,14,Nagpur,Dine-in,Cash,P003,Margherita,Classic,L,1,449,44.9,0
11047,2025-01-12,18:10:00,1156,14,Nagpur,Dine-in,Cash,P010,Pepper Barbecue Chicken,Chicken,M,1,319,31.9,0
11048,2025-08-11,22:10:00,1250,11,Bilaspur,Delivery,UPI,P020,Garlic Bread,Sides,M,1,149,14.9,56
11049,2025-05-29,15:33:00,1254,13,Nagpur,Delivery,Wallet,P020,Garlic Bread,Sides,M,1,149,0,39
11050,2025-11-19,17:39:00,1220,10,Bilaspur,Delivery,Card,P005,Farmhouse,Veg,L,1,449,0,41
11050,2025-11-19,17:39:00,1220,10,Bilaspur,Delivery,Card,P006,Peppy Paneer,Veg,M,1,299,29.9,22
11050,2025-11-19,17:39:00,1220,10,Bilaspur,Delivery,Card,P012,Veg Extravaganza,Premium Veg,M,1,329,0,46
11051,2025-07-09,17:13:00,1168,12,Bilaspur,Delivery,Cash,P015,Mexican Green Wave,Veg,L,1,449,0,26
11051,2025-07-09,17:13:00,1168,12,Bilaspur,Delivery,Cash,P009,Chicken Dominator,Chicken,L,1,469,23.45,58
11051,2025-07-09,17:13:00,1168,12,Bilaspur,Delivery,Cash,P010,Pepper Barbecue Chicken,Chicken,M,1,319,0,63
11051,2025-07-09,17:13:00,1168,12,Bilaspur,Delivery,Cash,P005,Farmhouse,Veg,L,1,449,0,33
11052,2025-09-08,18:56:00,1010,6,Bhilai,Delivery,UPI,P014,Mexican Green Wave,Veg,M,1,299,14.95,22
11052,2025-09-08,18:56:00,1010,6,Bhilai,Delivery,UPI,P011,Pepper Barbecue Chicken,Chicken,L,1,469,46.9,42
11052,2025-09-08,18:56:00,1010,6,Bhilai,Delivery,UPI,P002,Margherita,Classic,M,1,299,0,35
11052,2025-09-08,18:56:00,1010,6,Bhilai,Delivery,UPI,P008,Chicken Dominator,Chicken,M,1,319,0,41
11053,2025-01-31,18:14:00,1325,1,Raipur,Delivery,Wallet,P015,Mexican Green Wave,Veg,L,1,449,44.9,38
11053,2025-01-31,18:14:00,1325,1,Raipur,Delivery,Wallet,P020,Garlic Bread,Sides,M,1,149,0,59
11054,2025-04-07,22:38:00,1310,2,Raipur,Delivery,UPI,P009,Chicken Dominator,Chicken,L,1,469,0,42
11054,2025-04-07,22:38:00,1310,2,Raipur,Delivery,UPI,P008,Chicken Dominator,Chicken,M,1,319,31.9,62
11055,2025-01-06,16:13:00,1074,5,Bhilai,Delivery,Wallet,P006,Peppy Paneer,Veg,M,1,299,0,46
11056,2025-11-17,17:10:00,1305,8,Durg,Takeaway,UPI,P007,Peppy Paneer,Veg,L,1,449,22.45,0
11056,2025-11-17,17:10:00,1305,8,Durg,Takeaway,UPI,P003,Margherita,Classic,L,1,449,0,0
11056,2025-11-17,17:10:00,1305,8,Durg,Takeaway,UPI,P010,Pepper Barbecue Chicken,Chicken,M,1,319,0,0
11057,2025-06-15,22:07:00,1027,14,Nagpur,Delivery,Wallet,P002,Margherita,Classic,M,1,299,0,58
11057,2025-06-15,22:07:00,1027,14,Nagpur,Delivery,Wallet,P016,Cheese Burst,Specialty,M,1,324,32.4,59
11057,2025-06-15,22:07:00,1027,14,Nagpur,Delivery,Wallet,P006,Peppy Paneer,Veg,M,1,299,14.95,43
11058,2025-04-02,17:53:00,1390,1,Raipur,Delivery,Cash,P018,Paneer Makhani,Veg,M,1,299,0,64
11059,2025-03-09,18:59:00,1035,3,Raipur,Delivery,Card,P002,Margherita,Classic,M,1,299,14.95,39
11059,2025-03-09,18:59:00,1035,3,Raipur,Delivery,Card,P006,Peppy Paneer,Veg,M,1,299,0,44
11060,2025-06-25,20:31:00,1206,9,Durg,Delivery,Wallet,P012,Veg Extravaganza,Premium Veg,M,1,329,0,25
11060,2025-06-25,20:31:00,1206,9,Durg,Delivery,Wallet,P009,Chicken Dominator,Chicken,L,1,469,23.45,32
11060,2025-06-25,20:31:00,1206,9,Durg,Delivery,Wallet,P002,Margherita,Classic,M,1,299,0,21
11060,2025-06-25,20:31:00,1206,9,Durg,Delivery,Wallet,P003,Margherita,Classic,L,1,449,0,21
11061,2025-11-26,21:14:00,1246,1,Raipur,Delivery,Card,P020,Garlic Bread,Sides,M,1,149,7.45,38
11061,2025-11-26,21:14:00,1246,1,Raipur,Delivery,Card,P002,Margherita,Classic,M,1,299,29.9,58
11062,2025-12-10,17:32:00,1392,5,Bhilai,Delivery,Wallet,P001,Margherita,Classic,S,1,179,0,31
11063,2025-04-28,19:00:00,1179,12,Bilaspur,Delivery,Cash,P006,Peppy Paneer,Veg,M,1,299,0,58
11063,2025-04-28,19:00:00,1179,12,Bilaspur,Delivery,Cash,P003,Margherita,Classic,L,1,449,22.45,35
11064,2025-10-12,17:24:00,1082,14,Nagpur,Delivery,Cash,P003,Margherita,Classic,L,1,449,22.45,46
11064,2025-10-12,17:24:00,1082,14,Nagpur,Delivery,Cash,P018,Paneer Makhani,Veg,M,1,299,0,46
11064,2025-10-12,17:24:00,1082,14,Nagpur,Delivery,Cash,P006,Peppy Paneer,Veg,M,1,299,29.9,31
11065,2025-04-05,14:24:00,1412,2,Raipur,Takeaway,Card,P014,Mexican Green Wave,Veg,M,2,299,29.9,0
11066,2025-12-20,19:56:00,1304,14,Nagpur,Delivery,Wallet,P011,Pepper Barbecue Chicken,Chicken,L,1,469,0,54
11067,2025-05-10,16:01:00,1159,1,Raipur,Delivery,Card,P003,Margherita,Classic,L,1,449,22.45,47
11067,2025-05-10,16:01:00,1159,1,Raipur,Delivery,Card,P020,Garlic Bread,Sides,M,1,149,14.9,56
11067,2025-05-10,16:01:00,1159,1,Raipur,Delivery,Card,P006,Peppy Paneer,Veg,M,1,299,0,49
11068,2025-09-03,18:18:00,1408,11,Bilaspur,Takeaway,Card,P010,Pepper Barbecue Chicken,Chicken,M,1,319,0,0
11069,2025-01-16,19:54:00,1006,5,Bhilai,Dine-in,Cash,P006,Peppy Paneer,Veg,M,1,299,0,0
11069,2025-01-16,19:54:00,1006,5,Bhilai,Dine-in,Cash,P009,Chicken Dominator,Chicken,L,1,469,0,0
11069,2025-01-16,19:54:00,1006,5,Bhilai,Dine-in,Cash,P003,Margherita,Classic,L,1,449,44.9,0
11069,2025-01-16,19:54:00,1006,5,Bhilai,Dine-in,Cash,P001,Margherita,Classic,S,1,179,8.95,0
11070,2025-02-08,16:41:00,1012,5,Bhilai,Takeaway,UPI,P002,Margherita,Classic,M,1,299,0,0
11070,2025-02-08,16:41:00,1012,5,Bhilai,Takeaway,UPI,P007,Peppy Paneer,Veg,L,1,449,0,0
11070,2025-02-08,16:41:00,1012,5,Bhilai,Takeaway,UPI,P019,Paneer Makhani,Veg,L,1,449,0,0
11071,2025-09-01,15:07:00,1045,12,Bilaspur,Delivery,Cash,P001,Margherita,Classic,S,2,179,0,31
11071,2025-09-01,15:07:00,1045,12,Bilaspur,Delivery,Cash,P009,Chicken Dominator,Chicken,L,1,469,0,43
11072,2025-12-14,17:02:00,1255,7,Durg,Takeaway,Wallet,P020,Garlic Bread,Sides,M,1,149,0,0
11072,2025-12-14,17:02:00,1255,7,Durg,Takeaway,Wallet,P010,Pepper Barbecue Chicken,Chicken,M,1,319,0,0
11073,2025-05-24,19:46:00,1246,4,Bhilai,Takeaway,UPI,P020,Garlic Bread,Sides,M,1,149,0,0
11073,2025-05-24,19:46:00,1246,4,Bhilai,Takeaway,UPI,P003,Margherita,Classic,L,1,449,0,0
11073,2025-05-24,19:46:00,1246,4,Bhilai,Takeaway,UPI,P012,Veg Extravaganza,Premium Veg,M,1,329,32.9,0
11074,2025-10-14,22:31:00,1406,4,Bhilai,Takeaway,UPI,P006,Peppy Paneer,Veg,M,1,299,29.9,0
11074,2025-10-14,22:31:00,1406,4,Bhilai,Takeaway,UPI,P010,Pepper Barbecue Chicken,Chicken,M,1,319,0,0
11074,2025-10-14,22:31:00,1406,4,Bhilai,Takeaway,UPI,P007,Peppy Paneer,Veg,L,1,449,22.45,0
11075,2025-12-04,21:46:00,1283,9,Durg,Delivery,Cash,P003,Margherita,Classic,L,1,449,22.45,27
11075,2025-12-04,21:46:00,1283,9,Durg,Delivery,Cash,P006,Peppy Paneer,Veg,M,1,299,29.9,61
11075,2025-12-04,21:46:00,1283,9,Durg,Delivery,Cash,P007,Peppy Paneer,Veg,L,1,449,44.9,41
11075,2025-12-04,21:46:00,1283,9,Durg,Delivery,Cash,P005,Farmhouse,Veg,L,1,449,44.9,23
11076,2025-11-05,16:08:00,1171,15,Nagpur,Delivery,Wallet,P014,Mexican Green Wave,Veg,M,1,299,0,56
11076,2025-11-05,16:08:00,1171,15,Nagpur,Delivery,Wallet,P017,Cheese Burst,Specialty,L,1,474,23.7,52
11076,2025-11-05,16:08:00,1171,15,Nagpur,Delivery,Wallet,P003,Margherita,Classic,L,1,449,0,54
11076,2025-11-05,16:08:00,1171,15,Nagpur,Delivery,Wallet,P001,Margherita,Classic,S,1,179,0,31
11077,2025-12-21,17:52:00,1215,15,Nagpur,Delivery,UPI,P010,Pepper Barbecue Chicken,Chicken,M,1,319,15.95,53
11078,2025-12-07,22:47:00,1117,11,Bilaspur,Takeaway,Cash,P002,Margherita,Classic,M,1,299,29.9,0
11078,2025-12-07,22:47:00,1117,11,Bilaspur,Takeaway,Cash,P013,Veg Extravaganza,Premium Veg,L,1,479,47.9,0
11078,2025-12-07,22:47:00,1117,11,Bilaspur,Takeaway,Cash,P015,Mexican Green Wave,Veg,L,1,449,0,0
11078,2025-12-07,22:47:00,1117,11,Bilaspur,Takeaway,Cash,P009,Chicken Dominator,Chicken,L,1,469,23.45,0
11079,2025-07-28,19:06:00,1116,11,Bilaspur,Delivery,Card,P013,Veg Extravaganza,Premium Veg,L,1,479,0,49
11079,2025-07-28,19:06:00,1116,11,Bilaspur,Delivery,Card,P018,Paneer Makhani,Veg,M,1,299,0,22
11080,2025-12-22,22:15:00,1387,7,Durg,Delivery,Card,P020,Garlic Bread,Sides,M,1,149,0,19
11081,2025-01-09,12:07:00,1107,3,Raipur,Takeaway,UPI,P004,Farmhouse,Veg,M,1,299,0,0
11082,2025-08-05,22:42:00,1207,1,Raipur,Takeaway,Cash,P006,Peppy Paneer,Veg,M,1,299,29.9,0
11082,2025-08-05,22:42:00,1207,1,Raipur,Takeaway,Cash,P003,Margherita,Classic,L,1,449,0,0
11082,2025-08-05,22:42:00,1207,1,Raipur,Takeaway,Cash,P007,Peppy Paneer,Veg,L,1,449,44.9,0
11083,2025-01-17,18:22:00,1016,5,Bhilai,Takeaway,Wallet,P007,Peppy Paneer,Veg,L,1,449,22.45,0
11084,2025-12-17,18:01:00,1195,1,Raipur,Dine-in,UPI,P004,Farmhouse,Veg,M,2,299,0,0
11084,2025-12-17,18:01:00,1195,1,Raipur,Dine-in,UPI,P002,Margherita,Classic,M,1,299,29.9,0
11084,2025-12-17,18:01:00,1195,1,Raipur,Dine-in,UPI,P016,Cheese Burst,Specialty,M,1,324,32.4,0
11085,2025-06-22,16:30:00,1018,6,Bhilai,Delivery,Wallet,P010,Pepper Barbecue Chicken,Chicken,M,1,319,0,55
11085,2025-06-22,16:30:00,1018,6,Bhilai,Delivery,Wallet,P002,Margherita,Classic,M,1,299,0,50
11086,2025-08-16,13:11:00,1238,5,Bhilai,Takeaway,Wallet,P004,Farmhouse,Veg,M,1,299,0,0
11087,2025-12-24,18:11:00,1232,5,Bhilai,Takeaway,UPI,P010,Pepper Barbecue Chicken,Chicken,M,1,319,0,0
11087,2025-12-24,18:11:00,1232,5,Bhilai,Takeaway,UPI,P007,Peppy Paneer,Veg,L,1,449,0,0
11087,2025-12-24,18:11:00,1232,5,Bhilai,Takeaway,UPI,P012,Veg Extravaganza,Premium Veg,M,1,329,32.9,0
11088,2025-09-06,16:24:00,1398,12,Bilaspur,Takeaway,Card,P001,Margherita,Classic,S,1,179,17.9,0
11088,2025-09-06,16:24:00,1398,12,Bilaspur,Takeaway,Card,P003,Margherita,Classic,L,1,449,0,0
11088,2025-09-06,16:24:00,1398,12,Bilaspur,Takeaway,Card,P005,Farmhouse,Veg,L,1,449,44.9,0
11088,2025-09-06,16:24:00,1398,12,Bilaspur,Takeaway,Card,P012,Veg Extravaganza,Premium Veg,M,1,329,0,0
11089,2025-02-21,15:08:00,1380,10,Bilaspur,Delivery,Wallet,P006,Peppy Paneer,Veg,M,1,299,14.95,58
11089,2025-02-21,15:08:00,1380,10,Bilaspur,Delivery,Wallet,P013,Veg Extravaganza,Premium Veg,L,1,479,0,44
11089,2025-02-21,15:08:00,1380,10,Bilaspur,Delivery,Wallet,P001,Margherita,Classic,S,1,179,17.9,20
11089,2025-02-21,15:08:00,1380,10,Bilaspur,Delivery,Wallet,P009,Chicken Dominator,Chicken,L,1,469,23.45,45
11090,2025-10-13,19:04:00,1034,2,Raipur,Delivery,Cash,P006,Peppy Paneer,Veg,M,1,299,0,19
11090,2025-10-13,19:04:00,1034,2,Raipur,Delivery,Cash,P019,Paneer Makhani,Veg,L,2,449,0,23
11090,2025-10-13,19:04:00,1034,2,Raipur,Delivery,Cash,P018,Paneer Makhani,Veg,M,1,299,0,60
11091,2025-04-11,18:34:00,1192,9,Durg,Delivery,UPI,P010,Pepper Barbecue Chicken,Chicken,M,1,319,0,32
11091,2025-04-11,18:34:00,1192,9,Durg,Delivery,UPI,P002,Margherita,Classic,M,1,299,0,27
11092,2025-06-03,15:44:00,1201,1,Raipur,Delivery,UPI,P009,Chicken Dominator,Chicken,L,1,469,23.45,55
11093,2025-09-29,10:56:00,1416,3,Raipur,Delivery,Card,P015,Mexican Green Wave,Veg,L,1,449,0,29
11093,2025-09-29,10:56:00,1416,3,Raipur,Delivery,Card,P003,Margherita,Classic,L,1,449,44.9,53
11093,2025-09-29,10:56:00,1416,3,Raipur,Delivery,Card,P008,Chicken Dominator,Chicken,M,2,319,0,27
11094,2025-12-08,14:32:00,1075,14,Nagpur,Takeaway,Wallet,P009,Chicken Dominator,Chicken,L,1,469,0,0
11095,2025-11-17,20:53:00,1321,6,Bhilai,Dine-in,Cash,P001,Margherita,Classic,S,1,179,0,0
11095,2025-11-17,20:53:00,1321,6,Bhilai,Dine-in,Cash,P007,Peppy Paneer,Veg,L,1,449,0,0
11095,2025-11-17,20:53:00,1321,6,Bhilai,Dine-in,Cash,P018,Paneer Makhani,Veg,M,1,299,14.95,0
11095,2025-11-17,20:53:00,1321,6,Bhilai,Dine-in,Cash,P015,Mexican Green Wave,Veg,L,1,449,44.9,0
11096,2025-08-19,19:55:00,1116,12,Bilaspur,Dine-in,Wallet,P011,Pepper Barbecue Chicken,Chicken,L,1,469,23.45,0
11096,2025-08-19,19:55:00,1116,12,Bilaspur,Dine-in,Wallet,P014,Mexican Green Wave,Veg,M,1,299,29.9,0
11096,2025-08-19,19:55:00,1116,12,Bilaspur,Dine-in,Wallet,P003,Margherita,Classic,L,1,449,0,0
11096,2025-08-19,19:55:00,1116,12,Bilaspur,Dine-in,Wallet,P010,Pepper Barbecue Chicken,Chicken,M,1,319,31.9,0
11097,2025-11-04,12:04:00,1288,2,Raipur,Takeaway,Card,P006,Peppy Paneer,Veg,M,1,299,29.9,0
11098,2025-05-24,18:51:00,1175,5,Bhilai,Takeaway,Cash,P017,Cheese Burst,Specialty,L,1,474,0,0
11098,2025-05-24,18:51:00,1175,5,Bhilai,Takeaway,Cash,P007,Peppy Paneer,Veg,L,1,449,44.9,0
11098,2025-05-24,18:51:00,1175,5,Bhilai,Takeaway,Cash,P008,Chicken Dominator,Chicken,M,1,319,15.95,0
11099,2025-02-16,19:21:00,1273,9,Durg,Delivery,UPI,P011,Pepper Barbecue Chicken,Chicken,L,1,469,0,38
11099,2025-02-16,19:21:00,1273,9,Durg,Delivery,UPI,P019,Paneer Makhani,Veg,L,1,449,22.45,33
11099,2025-02-16,19:21:00,1273,9,Durg,Delivery,UPI,P018,Paneer Makhani,Veg,M,1,299,0,40
11100,2025-06-06,15:21:00,1266,11,Bilaspur,Delivery,Cash,P012,Veg Extravaganza,Premium Veg,M,1,329,16.45,30
11100,2025-06-06,15:21:00,1266,11,Bilaspur,Delivery,Cash,P003,Margherita,Classic,L,1,449,22.45,63
11100,2025-06-06,15:21:00,1266,11,Bilaspur,Delivery,Cash,P010,Pepper Barbecue Chicken,Chicken,M,1,319,15.95,31
11100,2025-06-06,15:21:00,1266,11,Bilaspur,Delivery,Cash,P015,Mexican Green Wave,Veg,L,1,449,44.9,55
11101,2025-09-24,15:46:00,1371,15,Nagpur,Delivery,Card,P010,Pepper Barbecue Chicken,Chicken,M,1,319,15.95,29
11101,2025-09-24,15:46:00,1371,15,Nagpur,Delivery,Card,P011,Pepper Barbecue Chicken,Chicken,L,1,469,46.9,41
11102,2025-05-06,17:45:00,1139,15,Nagpur,Delivery,Cash,P004,Farmhouse,Veg,M,1,299,0,42
11102,2025-05-06,17:45:00,1139,15,Nagpur,Delivery,Cash,P001,Margherita,Classic,S,1,179,17.9,18
11103,2025-02-04,15:59:00,1131,15,Nagpur,Delivery,Cash,P003,Margherita,Classic,L,1,449,0,48
11103,2025-02-04,15:59:00,1131,15,Nagpur,Delivery,Cash,P001,Margherita,Classic,S,1,179,17.9,42
11103,2025-02-04,15:59:00,1131,15,Nagpur,Delivery,Cash,P007,Peppy Paneer,Veg,L,1,449,22.45,25
11103,2025-02-04,15:59:00,1131,15,Nagpur,Delivery,Cash,P020,Garlic Bread,Sides,M,1,149,0,29
11104,2025-03-04,17:51:00,1028,1,Raipur,Takeaway,Cash,P009,Chicken Dominator,Chicken,L,1,469,23.45,0
11105,2025-03-07,20:59:00,1381,11,Bilaspur,Delivery,UPI,P001,Margherita,Classic,S,1,179,8.95,57
11106,2025-05-22,16:15:00,1119,4,Bhilai,Delivery,Cash,P017,Cheese Burst,Specialty,L,1,474,23.7,32
11106,2025-05-22,16:15:00,1119,4,Bhilai,Delivery,Cash,P003,Margherita,Classic,L,1,449,0,42
11106,2025-05-22,16:15:00,1119,4,Bhilai,Delivery,Cash,P009,Chicken Dominator,Chicken,L,1,469,0,52
11107,2025-11-12,11:10:00,1047,10,Bilaspur,Takeaway,Cash,P002,Margherita,Classic,M,1,299,0,0
11107,2025-11-12,11:10:00,1047,10,Bilaspur,Takeaway,Cash,P004,Farmhouse,Veg,M,2,299,0,0
11107,2025-11-12,11:10:00,1047,10,Bilaspur,Takeaway,Cash,P006,Peppy Paneer,Veg,M,1,299,0,0
11108,2025-05-24,14:15:00,1344,5,Bhilai,Delivery,Wallet,P003,Margherita,Classic,L,1,449,44.9,27
11108,2025-05-24,14:15:00,1344,5,Bhilai,Delivery,Wallet,P002,Margherita,Classic,M,2,299,59.8,57
11108,2025-05-24,14:15:00,1344,5,Bhilai,Delivery,Wallet,P013,Veg Extravaganza,Premium Veg,L,1,479,47.9,19
11109,2025-10-05,20:13:00,1345,8,Durg,Delivery,Cash,P001,Margherita,Classic,S,1,179,17.9,56
11109,2025-10-05,20:13:00,1345,8,Durg,Delivery,Cash,P008,Chicken Dominator,Chicken,M,1,319,0,41
11109,2025-10-05,20:13:00,1345,8,Durg,Delivery,Cash,P006,Peppy Paneer,Veg,M,1,299,0,63
11110,2025-02-09,19:44:00,1350,7,Durg,Delivery,Wallet,P003,Margherita,Classic,L,1,449,22.45,33
11110,2025-02-09,19:44:00,1350,7,Durg,Delivery,Wallet,P006,Peppy Paneer,Veg,M,1,299,14.95,32
11111,2025-07-14,19:30:00,1013,11,Bilaspur,Dine-in,Card,P007,Peppy Paneer,Veg,L,1,449,0,0
11112,2025-07-19,19:23:00,1196,1,Raipur,Delivery,Wallet,P002,Margherita,Classic,M,1,299,14.95,48
11112,2025-07-19,19:23:00,1196,1,Raipur,Delivery,Wallet,P004,Farmhouse,Veg,M,2,299,0,28
11112,2025-07-19,19:23:00,1196,1,Raipur,Delivery,Wallet,P006,Peppy Paneer,Veg,M,1,299,0,55
11113,2025-11-27,18:33:00,1415,4,Bhilai,Takeaway,Wallet,P001,Margherita,Classic,S,1,179,0,0
11113,2025-11-27,18:33:00,1415,4,Bhilai,Takeaway,Wallet,P004,Farmhouse,Veg,M,1,299,0,0
11113,2025-11-27,18:33:00,1415,4,Bhilai,Takeaway,Wallet,P013,Veg Extravaganza,Premium Veg,L,1,479,0,0
11114,2025-05-09,13:59:00,1131,8,Durg,Delivery,Card,P004,Farmhouse,Veg,M,2,299,0,32
11114,2025-05-09,13:59:00,1131,8,Durg,Delivery,Card,P019,Paneer Makhani,Veg,L,1,449,0,57
11114,2025-05-09,13:59:00,1131,8,Durg,Delivery,Card,P005,Farmhouse,Veg,L,1,449,0,54
11115,2025-12-02,20:55:00,1444,12,Bilaspur,Delivery,Wallet,P018,Paneer Makhani,Veg,M,1,299,0,22
11115,2025-12-02,20:55:00,1444,12,Bilaspur,Delivery,Wallet,P004,Farmhouse,Veg,M,1,299,0,35
11115,2025-12-02,20:55:00,1444,12,Bilaspur,Delivery,Wallet,P015,Mexican Green Wave,Veg,L,1,449,0,52
11115,2025-12-02,20:55:00,1444,12,Bilaspur,Delivery,Wallet,P003,Margherita,Classic,L,1,449,0,47
11116,2025-10-11,20:46:00,1092,3,Raipur,Delivery,Card,P015,Mexican Green Wave,Veg,L,1,449,0,35
11116,2025-10-11,20:46:00,1092,3,Raipur,Delivery,Card,P005,Farmhouse,Veg,L,1,449,0,50
11117,2025-09-16,21:25:00,1070,3,Raipur,Delivery,Card,P004,Farmhouse,Veg,M,1,299,14.95,54
11117,2025-09-16,21:25:00,1070,3,Raipur,Delivery,Card,P010,Pepper Barbecue Chicken,Chicken,M,1,319,15.95,47
11118,2025-05-06,18:45:00,1057,12,Bilaspur,Delivery,UPI,P020,Garlic Bread,Sides,M,1,149,0,18
11119,2025-05-28,18:51:00,1251,11,Bilaspur,Takeaway,Wallet,P020,Garlic Bread,Sides,M,2,149,29.8,0
11119,2025-05-28,18:51:00,1251,11,Bilaspur,Takeaway,Wallet,P006,Peppy Paneer,Veg,M,1,299,14.95,0
11119,2025-05-28,18:51:00,1251,11,Bilaspur,Takeaway,Wallet,P010,Pepper Barbecue Chicken,Chicken,M,1,319,31.9,0
11120,2025-03-27,18:31:00,1065,13,Nagpur,Delivery,UPI,P017,Cheese Burst,Specialty,L,1,474,47.4,42
11120,2025-03-27,18:31:00,1065,13,Nagpur,Delivery,UPI,P002,Margherita,Classic,M,1,299,14.95,41
11120,2025-03-27,18:31:00,1065,13,Nagpur,Delivery,UPI,P018,Paneer Makhani,Veg,M,1,299,0,38
11121,2025-09-07,15:01:00,1111,7,Durg,Takeaway,Card,P017,Cheese Burst,Specialty,L,1,474,23.7,0
11121,2025-09-07,15:01:00,1111,7,Durg,Takeaway,Card,P015,Mexican Green Wave,Veg,L,1,449,44.9,0
11121,2025-09-07,15:01:00,1111,7,Durg,Takeaway,Card,P014,Mexican Green Wave,Veg,M,1,299,0,0
11121,2025-09-07,15:01:00,1111,7,Durg,Takeaway,Card,P011,Pepper Barbecue Chicken,Chicken,L,1,469,0,0
11122,2025-01-09,21:57:00,1225,5,Bhilai,Delivery,Wallet,P006,Peppy Paneer,Veg,M,1,299,0,27
11122,2025-01-09,21:57:00,1225,5,Bhilai,Delivery,Wallet,P003,Margherita,Classic,L,1,449,0,36
11122,2025-01-09,21:57:00,1225,5,Bhilai,Delivery,Wallet,P002,Margherita,Classic,M,1,299,14.95,21
11122,2025-01-09,21:57:00,1225,5,Bhilai,Delivery,Wallet,P020,Garlic Bread,Sides,M,1,149,7.45,47
11123,2025-07-17,21:55:00,1222,2,Raipur,Delivery,Cash,P001,Margherita,Classic,S,2,179,17.9,30
11123,2025-07-17,21:55:00,1222,2,Raipur,Delivery,Cash,P020,Garlic Bread,Sides,M,1,149,7.45,50
11123,2025-07-17,21:55:00,1222,2,Raipur,Delivery,Cash,P017,Cheese Burst,Specialty,L,1,474,0,18
11124,2025-02-21,15:45:00,1288,5,Bhilai,Delivery,Card,P001,Margherita,Classic,S,1,179,17.9,40
11124,2025-02-21,15:45:00,1288,5,Bhilai,Delivery,Card,P006,Peppy Paneer,Veg,M,1,299,14.95,36
11124,2025-02-21,15:45:00,1288,5,Bhilai,Delivery,Card,P015,Mexican Green Wave,Veg,L,1,449,22.45,21
11125,2025-09-22,19:56:00,1225,13,Nagpur,Delivery,UPI,P020,Garlic Bread,Sides,M,1,149,0,42
11126,2025-06-19,19:28:00,1375,12,Bilaspur,Delivery,Card,P014,Mexican Green Wave,Veg,M,1,299,29.9,35
11126,2025-06-19,19:28:00,1375,12,Bilaspur,Delivery,Card,P003,Margherita,Classic,L,1,449,44.9,32
11127,2025-01-22,12:00:00,1069,4,Bhilai,Delivery,Card,P015,Mexican Green Wave,Veg,L,1,449,0,18
11127,2025-01-22,12:00:00,1069,4,Bhilai,Delivery,Card,P018,Paneer Makhani,Veg,M,1,299,0,28
11127,2025-01-22,12:00:00,1069,4,Bhilai,Delivery,Card,P007,Peppy Paneer,Veg,L,1,449,0,34
11127,2025-01-22,12:00:00,1069,4,Bhilai,Delivery,Card,P009,Chicken Dominator,Chicken,L,1,469,46.9,22
11128,2025-04-23,18:10:00,1345,8,Durg,Delivery,Wallet,P010,Pepper Barbecue Chicken,Chicken,M,1,319,15.95,54
11128,2025-04-23,18:10:00,1345,8,Durg,Delivery,Wallet,P020,Garlic Bread,Sides,M,1,149,7.45,58
11128,2025-04-23,18:10:00,1345,8,Durg,Delivery,Wallet,P017,Cheese Burst,Specialty,L,1,474,23.7,51
11129,2025-03-21,19:53:00,1367,10,Bilaspur,Delivery,Cash,P004,Farmhouse,Veg,M,1,299,29.9,35
11129,2025-03-21,19:53:00,1367,10,Bilaspur,Delivery,Cash,P001,Margherita,Classic,S,1,179,8.95,50
11130,2025-06-03,18:46:00,1208,1,Raipur,Dine-in,Cash,P002,Margherita,Classic,M,1,299,0,0
11130,2025-06-03,18:46:00,1208,1,Raipur,Dine-in,Cash,P003,Margherita,Classic,L,1,449,0,0
11130,2025-06-03,18:46:00,1208,1,Raipur,Dine-in,Cash,P004,Farmhouse,Veg,M,1,299,29.9,0
11131,2025-03-20,21:44:00,1278,9,Durg,Delivery,Wallet,P009,Chicken Dominator,Chicken,L,1,469,0,38
11131,2025-03-20,21:44:00,1278,9,Durg,Delivery,Wallet,P005,Farmhouse,Veg,L,1,449,0,45
11131,2025-03-20,21:44:00,1278,9,Durg,Delivery,Wallet,P004,Farmhouse,Veg,M,1,299,29.9,45
11131,2025-03-20,21:44:00,1278,9,Durg,Delivery,Wallet,P011,Pepper Barbecue Chicken,Chicken,L,1,469,0,44
11132,2025-08-31,22:21:00,1190,2,Raipur,Delivery,Wallet,P019,Paneer Makhani,Veg,L,1,449,0,36
11132,2025-08-31,22:21:00,1190,2,Raipur,Delivery,Wallet,P006,Peppy Paneer,Veg,M,1,299,0,57
11132,2025-08-31,22:21:00,1190,2,Raipur,Delivery,Wallet,P003,Margherita,Classic,L,1,449,0,39
11132,2025-08-31,22:21:00,1190,2,Raipur,Delivery,Wallet,P007,Peppy Paneer,Veg,L,1,449,0,56
11133,2025-06-17,19:54:00,1043,2,Raipur,Delivery,UPI,P009,Chicken Dominator,Chicken,L,1,469,0,62
11133,2025-06-17,19:54:00,1043,2,Raipur,Delivery,UPI,P008,Chicken Dominator,Chicken,M,1,319,0,21
11134,2025-01-02,18:02:00,1069,5,Bhilai,Dine-in,Cash,P012,Veg Extravaganza,Premium Veg,M,1,329,16.45,0
11134,2025-01-02,18:02:00,1069,5,Bhilai,Dine-in,Cash,P002,Margherita,Classic,M,1,299,14.95,0
11134,2025-01-02,18:02:00,1069,5,Bhilai,Dine-in,Cash,P003,Margherita,Classic,L,1,449,0,0
11135,2025-01-20,22:05:00,1021,10,Bilaspur,Delivery,Card,P018,Paneer Makhani,Veg,M,1,299,29.9,24
11135,2025-01-20,22:05:00,1021,10,Bilaspur,Delivery,Card,P016,Cheese Burst,Specialty,M,1,324,16.2,55
11136,2025-05-30,19:33:00,1037,14,Nagpur,Delivery,Card,P007,Peppy Paneer,Veg,L,1,449,22.45,28
11137,2025-11-26,20:32:00,1050,8,Durg,Delivery,Cash,P006,Peppy Paneer,Veg,M,1,299,14.95,60
11138,2025-03-25,19:51:00,1232,6,Bhilai,Dine-in,Cash,P011,Pepper Barbecue Chicken,Chicken,L,1,469,0,0
11138,2025-03-25,19:51:00,1232,6,Bhilai,Dine-in,Cash,P016,Cheese Burst,Specialty,M,1,324,16.2,0
11138,2025-03-25,19:51:00,1232,6,Bhilai,Dine-in,Cash,P007,Peppy Paneer,Veg,L,1,449,22.45,0
11139,2025-04-18,16:09:00,1361,3,Raipur,Delivery,UPI,P003,Margherita,Classic,L,1,449,44.9,26
11140,2025-03-18,20:18:00,1395,6,Bhilai,Takeaway,Card,P007,Peppy Paneer,Veg,L,1,449,22.45,0
11140,2025-03-18,20:18:00,1395,6,Bhilai,Takeaway,Card,P002,Margherita,Classic,M,1,299,0,0
11140,2025-03-18,20:18:00,1395,6,Bhilai,Takeaway,Card,P011,Pepper Barbecue Chicken,Chicken,L,1,469,46.9,0
11140,2025-03-18,20:18:00,1395,6,Bhilai,Takeaway,Card,P020,Garlic Bread,Sides,M,1,149,0,0
11141,2025-07-06,15:12:00,1177,2,Raipur,Delivery,Cash,P003,Margherita,Classic,L,1,449,22.45,46
11141,2025-07-06,15:12:00,1177,2,Raipur,Delivery,Cash,P008,Chicken Dominator,Chicken,M,1,319,0,38
11141,2025-07-06,15:12:00,1177,2,Raipur,Delivery,Cash,P011,Pepper Barbecue Chicken,Chicken,L,1,469,46.9,60
11141,2025-07-06,15:12:00,1177,2,Raipur,Delivery,Cash,P006,Peppy Paneer,Veg,M,1,299,14.95,54
11142,2025-12-25,15:55:00,1402,3,Raipur,Dine-in,Wallet,P008,Chicken Dominator,Chicken,M,1,319,15.95,0
11143,2025-03-17,12:08:00,1123,9,Durg,Delivery,Cash,P013,Veg Extravaganza,Premium Veg,L,1,479,0,58
11143,2025-03-17,12:08:00,1123,9,Durg,Delivery,Cash,P007,Peppy Paneer,Veg,L,1,449,22.45,63
11144,2025-06-25,20:23:00,1173,1,Raipur,Delivery,Card,P003,Margherita,Classic,L,1,449,22.45,51
11144,2025-06-25,20:23:00,1173,1,Raipur,Delivery,Card,P012,Veg Extravaganza,Premium Veg,M,1,329,32.9,51
11145,2025-10-30,19:39:00,1101,7,Durg,Takeaway,UPI,P020,Garlic Bread,Sides,M,2,149,29.8,0
11145,2025-10-30,19:39:00,1101,7,Durg,Takeaway,UPI,P010,Pepper Barbecue Chicken,Chicken,M,1,319,0,0
11145,2025-10-30,19:39:00,1101,7,Durg,Takeaway,UPI,P005,Farmhouse,Veg,L,1,449,22.45,0
11146,2025-06-20,11:37:00,1322,13,Nagpur,Delivery,Wallet,P019,Paneer Makhani,Veg,L,1,449,0,46
11146,2025-06-20,11:37:00,1322,13,Nagpur,Delivery,Wallet,P010,Pepper Barbecue Chicken,Chicken,M,1,319,15.95,37
11146,2025-06-20,11:37:00,1322,13,Nagpur,Delivery,Wallet,P004,Farmhouse,Veg,M,1,299,0,32
11146,2025-06-20,11:37:00,1322,13,Nagpur,Delivery,Wallet,P005,Farmhouse,Veg,L,1,449,22.45,43
11147,2025-05-16,10:14:00,1021,4,Bhilai,Dine-in,Wallet,P006,Peppy Paneer,Veg,M,1,299,0,0
11147,2025-05-16,10:14:00,1021,4,Bhilai,Dine-in,Wallet,P007,Peppy Paneer,Veg,L,1,449,22.45,0
11148,2025-10-02,20:34:00,1214,1,Raipur,Delivery,Cash,P008,Chicken Dominator,Chicken,M,1,319,0,52
11149,2025-12-05,18:49:00,1060,14,Nagpur,Delivery,Wallet,P003,Margherita,Classic,L,1,449,44.9,23
11149,2025-12-05,18:49:00,1060,14,Nagpur,Delivery,Wallet,P011,Pepper Barbecue Chicken,Chicken,L,1,469,23.45,59
11149,2025-12-05,18:49:00,1060,14,Nagpur,Delivery,Wallet,P001,Margherita,Classic,S,1,179,0,48
11150,2025-01-11,14:59:00,1384,12,Bilaspur,Delivery,Cash,P007,Peppy Paneer,Veg,L,1,449,0,41
11150,2025-01-11,14:59:00,1384,12,Bilaspur,Delivery,Cash,P019,Paneer Makhani,Veg,L,1,449,0,36
11150,2025-01-11,14:59:00,1384,12,Bilaspur,Delivery,Cash,P003,Margherita,Classic,L,1,449,22.45,52
11151,2025-12-21,18:04:00,1040,3,Raipur,Takeaway,UPI,P001,Margherita,Classic,S,1,179,8.95,0
11151,2025-12-21,18:04:00,1040,3,Raipur,Takeaway,UPI,P014,Mexican Green Wave,Veg,M,1,299,0,0
11152,2025-02-28,20:21:00,1063,9,Durg,Takeaway,Wallet,P008,Chicken Dominator,Chicken,M,1,319,15.95,0
11153,2025-02-12,17:05:00,1181,3,Raipur,Delivery,Card,P013,Veg Extravaganza,Premium Veg,L,1,479,0,22
11153,2025-02-12,17:05:00,1181,3,Raipur,Delivery,Card,P019,Paneer Makhani,Veg,L,1,449,0,27
11153,2025-02-12,17:05:00,1181,3,Raipur,Delivery,Card,P011,Pepper Barbecue Chicken,Chicken,L,1,469,23.45,28
11154,2025-09-25,20:34:00,1100,8,Durg,Dine-in,Cash,P005,Farmhouse,Veg,L,1,449,44.9,0
11155,2025-08-10,14:32:00,1398,13,Nagpur,Delivery,Card,P011,Pepper Barbecue Chicken,Chicken,L,1,469,0,65
11155,2025-08-10,14:32:00,1398,13,Nagpur,Delivery,Card,P008,Chicken Dominator,Chicken,M,1,319,0,60
11156,2025-09-11,18:29:00,1199,6,Bhilai,Delivery,Card,P001,Margherita,Classic,S,1,179,0,18
11157,2025-10-20,17:42:00,1191,11,Bilaspur,Delivery,UPI,P017,Cheese Burst,Specialty,L,2,474,0,55
11157,2025-10-20,17:42:00,1191,11,Bilaspur,Delivery,UPI,P002,Margherita,Classic,M,1,299,0,48
11158,2025-09-11,18:35:00,1372,13,Nagpur,Delivery,UPI,P004,Farmhouse,Veg,M,1,299,0,24
11158,2025-09-11,18:35:00,1372,13,Nagpur,Delivery,UPI,P009,Chicken Dominator,Chicken,L,1,469,0,37
11158,2025-09-11,18:35:00,1372,13,Nagpur,Delivery,UPI,P007,Peppy Paneer,Veg,L,1,449,0,62
11159,2025-05-13,20:09:00,1144,6,Bhilai,Takeaway,UPI,P002,Margherita,Classic,M,1,299,0,0
11159,2025-05-13,20:09:00,1144,6,Bhilai,Takeaway,UPI,P005,Farmhouse,Veg,L,2,449,0,0
11160,2025-05-26,17:45:00,1048,14,Nagpur,Delivery,UPI,P002,Margherita,Classic,M,1,299,14.95,25
11160,2025-05-26,17:45:00,1048,14,Nagpur,Delivery,UPI,P020,Garlic Bread,Sides,M,1,149,0,54
11160,2025-05-26,17:45:00,1048,14,Nagpur,Delivery,UPI,P014,Mexican Green Wave,Veg,M,1,299,0,55
11161,2025-02-10,16:17:00,1160,14,Nagpur,Takeaway,UPI,P019,Paneer Makhani,Veg,L,1,449,44.9,0
11161,2025-02-10,16:17:00,1160,14,Nagpur,Takeaway,UPI,P011,Pepper Barbecue Chicken,Chicken,L,1,469,0,0
11161,2025-02-10,16:17:00,1160,14,Nagpur,Takeaway,UPI,P002,Margherita,Classic,M,1,299,14.95,0
11162,2025-08-04,14:21:00,1138,12,Bilaspur,Delivery,UPI,P020,Garlic Bread,Sides,M,1,149,0,24
11163,2025-09-02,12:51:00,1185,7,Durg,Delivery,Cash,P010,Pepper Barbecue Chicken,Chicken,M,1,319,0,23
11163,2025-09-02,12:51:00,1185,7,Durg,Delivery,Cash,P009,Chicken Dominator,Chicken,L,1,469,23.45,28
11164,2025-04-05,19:36:00,1359,14,Nagpur,Delivery,UPI,P003,Margherita,Classic,L,2,449,0,44
11164,2025-04-05,19:36:00,1359,14,Nagpur,Delivery,UPI,P013,Veg Extravaganza,Premium Veg,L,1,479,0,61
11164,2025-04-05,19:36:00,1359,14,Nagpur,Delivery,UPI,P020,Garlic Bread,Sides,M,1,149,7.45,54
11165,2025-04-07,18:15:00,1031,7,Durg,Delivery,Wallet,P016,Cheese Burst,Specialty,M,1,324,0,43
11165,2025-04-07,18:15:00,1031,7,Durg,Delivery,Wallet,P005,Farmhouse,Veg,L,1,449,44.9,55
11166,2025-05-28,16:39:00,1439,15,Nagpur,Delivery,Wallet,P011,Pepper Barbecue Chicken,Chicken,L,1,469,46.9,55
11166,2025-05-28,16:39:00,1439,15,Nagpur,Delivery,Wallet,P008,Chicken Dominator,Chicken,M,1,319,0,65
11166,2025-05-28,16:39:00,1439,15,Nagpur,Delivery,Wallet,P020,Garlic Bread,Sides,M,1,149,7.45,62
11167,2025-03-07,19:52:00,1329,10,Bilaspur,Delivery,Card,P013,Veg Extravaganza,Premium Veg,L,1,479,0,65
11167,2025-03-07,19:52:00,1329,10,Bilaspur,Delivery,Card,P004,Farmhouse,Veg,M,1,299,0,64
11168,2025-02-06,19:08:00,1112,5,Bhilai,Dine-in,UPI,P013,Veg Extravaganza,Premium Veg,L,1,479,0,0
11168,2025-02-06,19:08:00,1112,5,Bhilai,Dine-in,UPI,P016,Cheese Burst,Specialty,M,1,324,32.4,0
11169,2025-02-24,17:28:00,1074,3,Raipur,Takeaway,UPI,P005,Farmhouse,Veg,L,1,449,22.45,0
11169,2025-02-24,17:28:00,1074,3,Raipur,Takeaway,UPI,P006,Peppy Paneer,Veg,M,1,299,29.9,0
11169,2025-02-24,17:28:00,1074,3,Raipur,Takeaway,UPI,P011,Pepper Barbecue Chicken,Chicken,L,1,469,0,0
11170,2025-11-22,15:24:00,1181,4,Bhilai,Takeaway,Card,P008,Chicken Dominator,Chicken,M,1,319,31.9,0
11170,2025-11-22,15:24:00,1181,4,Bhilai,Takeaway,Card,P004,Farmhouse,Veg,M,1,299,0,0
11170,2025-11-22,15:24:00,1181,4,Bhilai,Takeaway,Card,P001,Margherita,Classic,S,2,179,0,0
11171,2025-01-31,20:33:00,1149,4,Bhilai,Delivery,Cash,P004,Farmhouse,Veg,M,1,299,0,48
11171,2025-01-31,20:33:00,1149,4,Bhilai,Delivery,Cash,P003,Margherita,Classic,L,1,449,0,55
11172,2025-08-21,17:41:00,1115,8,Durg,Delivery,Cash,P020,Garlic Bread,Sides,M,1,149,0,19
11172,2025-08-21,17:41:00,1115,8,Durg,Delivery,Cash,P004,Farmhouse,Veg,M,1,299,0,59
11172,2025-08-21,17:41:00,1115,8,Durg,Delivery,Cash,P008,Chicken Dominator,Chicken,M,1,319,31.9,42
11172,2025-08-21,17:41:00,1115,8,Durg,Delivery,Cash,P007,Peppy Paneer,Veg,L,1,449,0,53
11173,2025-09-18,19:09:00,1057,5,Bhilai,Takeaway,Cash,P004,Farmhouse,Veg,M,1,299,14.95,0
11174,2025-07-26,11:36:00,1055,4,Bhilai,Takeaway,Cash,P014,Mexican Green Wave,Veg,M,1,299,0,0
11174,2025-07-26,11:36:00,1055,4,Bhilai,Takeaway,Cash,P012,Veg Extravaganza,Premium Veg,M,1,329,32.9,0
11175,2025-09-28,10:01:00,1168,13,Nagpur,Takeaway,Wallet,P001,Margherita,Classic,S,1,179,8.95,0
11175,2025-09-28,10:01:00,1168,13,Nagpur,Takeaway,Wallet,P003,Margherita,Classic,L,1,449,44.9,0
11175,2025-09-28,10:01:00,1168,13,Nagpur,Takeaway,Wallet,P002,Margherita,Classic,M,1,299,14.95,0
11176,2025-12-23,20:37:00,1103,11,Bilaspur,Delivery,Cash,P006,Peppy Paneer,Veg,M,1,299,0,33
11177,2025-06-16,12:21:00,1183,8,Durg,Takeaway,Cash,P004,Farmhouse,Veg,M,1,299,0,0
11177,2025-06-16,12:21:00,1183,8,Durg,Takeaway,Cash,P020,Garlic Bread,Sides,M,1,149,0,0
11177,2025-06-16,12:21:00,1183,8,Durg,Takeaway,Cash,P001,Margherita,Classic,S,1,179,17.9,0
11177,2025-06-16,12:21:00,1183,8,Durg,Takeaway,Cash,P002,Margherita,Classic,M,1,299,0,0
11178,2025-04-15,18:34:00,1379,2,Raipur,Delivery,Wallet,P004,Farmhouse,Veg,M,1,299,14.95,24
11178,2025-04-15,18:34:00,1379,2,Raipur,Delivery,Wallet,P003,Margherita,Classic,L,1,449,0,34
11179,2025-01-06,21:26:00,1062,5,Bhilai,Delivery,Wallet,P002,Margherita,Classic,M,1,299,0,23
11179,2025-01-06,21:26:00,1062,5,Bhilai,Delivery,Wallet,P019,Paneer Makhani,Veg,L,1,449,22.45,56
11180,2025-10-02,20:48:00,1124,1,Raipur,Delivery,Cash,P011,Pepper Barbecue Chicken,Chicken,L,1,469,0,49
11180,2025-10-02,20:48:00,1124,1,Raipur,Delivery,Cash,P012,Veg Extravaganza,Premium Veg,M,1,329,0,44
11181,2025-06-19,14:32:00,1299,4,Bhilai,Dine-in,Cash,P007,Peppy Paneer,Veg,L,1,449,22.45,0
11182,2025-07-02,20:35:00,1357,3,Raipur,Delivery,UPI,P012,Veg Extravaganza,Premium Veg,M,1,329,0,29
11183,2025-03-22,16:02:00,1376,3,Raipur,Delivery,Card,P002,Margherita,Classic,M,1,299,29.9,32
11183,2025-03-22,16:02:00,1376,3,Raipur,Delivery,Card,P007,Peppy Paneer,Veg,L,1,449,0,20
11184,2025-03-02,20:46:00,1105,6,Bhilai,Delivery,Cash,P003,Margherita,Classic,L,1,449,0,28
11184,2025-03-02,20:46:00,1105,6,Bhilai,Delivery,Cash,P001,Margherita,Classic,S,1,179,8.95,20
11184,2025-03-02,20:46:00,1105,6,Bhilai,Delivery,Cash,P018,Paneer Makhani,Veg,M,1,299,0,61
11184,2025-03-02,20:46:00,1105,6,Bhilai,Delivery,Cash,P008,Chicken Dominator,Chicken,M,1,319,31.9,24
11185,2025-02-13,20:13:00,1038,3,Raipur,Delivery,Wallet,P013,Veg Extravaganza,Premium Veg,L,1,479,23.95,46
11185,2025-02-13,20:13:00,1038,3,Raipur,Delivery,Wallet,P003,Margherita,Classic,L,1,449,0,56
11186,2025-09-30,19:13:00,1230,7,Durg,Delivery,Wallet,P005,Farmhouse,Veg,L,1,449,0,30
11186,2025-09-30,19:13:00,1230,7,Durg,Delivery,Wallet,P010,Pepper Barbecue Chicken,Chicken,M,1,319,31.9,36
11186,2025-09-30,19:13:00,1230,7,Durg,Delivery,Wallet,P019,Paneer Makhani,Veg,L,1,449,44.9,52
11187,2025-08-27,21:55:00,1298,2,Raipur,Takeaway,Card,P004,Farmhouse,Veg,M,1,299,0,0
11188,2025-10-14,18:58:00,1333,10,Bilaspur,Takeaway,Card,P008,Chicken Dominator,Chicken,M,1,319,0,0
11189,2025-03-06,16:03:00,1261,14,Nagpur,Delivery,UPI,P009,Chicken Dominator,Chicken,L,1,469,0,34
11189,2025-03-06,16:03:00,1261,14,Nagpur,Delivery,UPI,P002,Margherita,Classic,M,1,299,14.95,39
11190,2025-10-09,15:11:00,1023,7,Durg,Delivery,Card,P015,Mexican Green Wave,Veg,L,1,449,0,51
11190,2025-10-09,15:11:00,1023,7,Durg,Delivery,Card,P003,Margherita,Classic,L,1,449,0,57
11191,2025-08-15,13:46:00,1325,9,Durg,Delivery,Cash,P003,Margherita,Classic,L,1,449,0,19
11191,2025-08-15,13:46:00,1325,9,Durg,Delivery,Cash,P004,Farmhouse,Veg,M,1,299,0,64
11191,2025-08-15,13:46:00,1325,9,Durg,Delivery,Cash,P017,Cheese Burst,Specialty,L,1,474,0,23
11191,2025-08-15,13:46:00,1325,9,Durg,Delivery,Cash,P001,Margherita,Classic,S,1,179,8.95,28
11192,2025-11-23,19:05:00,1353,4,Bhilai,Delivery,UPI,P015,Mexican Green Wave,Veg,L,2,449,0,64
11192,2025-11-23,19:05:00,1353,4,Bhilai,Delivery,UPI,P009,Chicken Dominator,Chicken,L,1,469,0,40
11192,2025-11-23,19:05:00,1353,4,Bhilai,Delivery,UPI,P006,Peppy Paneer,Veg,M,1,299,14.95,42
11193,2025-12-11,14:58:00,1259,11,Bilaspur,Delivery,Cash,P003,Margherita,Classic,L,2,449,89.8,36
11193,2025-12-11,14:58:00,1259,11,Bilaspur,Delivery,Cash,P009,Chicken Dominator,Chicken,L,1,469,46.9,51
11194,2025-02-09,15:52:00,1391,5,Bhilai,Delivery,UPI,P006,Peppy Paneer,Veg,M,1,299,0,20
11194,2025-02-09,15:52:00,1391,5,Bhilai,Delivery,UPI,P001,Margherita,Classic,S,1,179,0,18
11194,2025-02-09,15:52:00,1391,5,Bhilai,Delivery,UPI,P007,Peppy Paneer,Veg,L,1,449,22.45,33
11195,2025-07-13,17:21:00,1046,6,Bhilai,Takeaway,Cash,P006,Peppy Paneer,Veg,M,1,299,0,0
11195,2025-07-13,17:21:00,1046,6,Bhilai,Takeaway,Cash,P009,Chicken Dominator,Chicken,L,1,469,46.9,0
11196,2025-03-18,20:32:00,1117,6,Bhilai,Delivery,UPI,P005,Farmhouse,Veg,L,1,449,0,53
11196,2025-03-18,20:32:00,1117,6,Bhilai,Delivery,UPI,P003,Margherita,Classic,L,1,449,0,58
11196,2025-03-18,20:32:00,1117,6,Bhilai,Delivery,UPI,P010,Pepper Barbecue Chicken,Chicken,M,1,319,31.9,21
11197,2025-07-28,16:26:00,1309,14,Nagpur,Delivery,Wallet,P015,Mexican Green Wave,Veg,L,1,449,0,26
11197,2025-07-28,16:26:00,1309,14,Nagpur,Delivery,Wallet,P001,Margherita,Classic,S,1,179,0,21
11197,2025-07-28,16:26:00,1309,14,Nagpur,Delivery,Wallet,P011,Pepper Barbecue Chicken,Chicken,L,1,469,23.45,21
11198,2025-03-04,21:16:00,1428,9,Durg,Delivery,UPI,P011,Pepper Barbecue Chicken,Chicken,L,1,469,0,53
11198,2025-03-04,21:16:00,1428,9,Durg,Delivery,UPI,P004,Farmhouse,Veg,M,1,299,29.9,49
11198,2025-03-04,21:16:00,1428,9,Durg,Delivery,UPI,P017,Cheese Burst,Specialty,L,1,474,0,51
11199,2025-04-10,17:48:00,1097,9,Durg,Delivery,Wallet,P004,Farmhouse,Veg,M,1,299,29.9,57
11199,2025-04-10,17:48:00,1097,9,Durg,Delivery,Wallet,P012,Veg Extravaganza,Premium Veg,M,1,329,16.45,64
11199,2025-04-10,17:48:00,1097,9,Durg,Delivery,Wallet,P002,Margherita,Classic,M,1,299,0,51
11200,2025-10-20,19:42:00,1375,5,Bhilai,Delivery,Card,P004,Farmhouse,Veg,M,1,299,29.9,63
11201,2025-03-08,17:46:00,1433,9,Durg,Delivery,UPI,P020,Garlic Bread,Sides,M,1,149,0,42
11201,2025-03-08,17:46:00,1433,9,Durg,Delivery,UPI,P004,Farmhouse,Veg,M,1,299,14.95,58
11201,2025-03-08,17:46:00,1433,9,Durg,Delivery,UPI,P007,Peppy Paneer,Veg,L,1,449,44.9,28
11202,2025-07-01,22:23:00,1388,5,Bhilai,Takeaway,UPI,P006,Peppy Paneer,Veg,M,1,299,14.95,0
11202,2025-07-01,22:23:00,1388,5,Bhilai,Takeaway,UPI,P004,Farmhouse,Veg,M,1,299,14.95,0
11203,2025-10-06,19:18:00,1099,14,Nagpur,Dine-in,UPI,P007,Peppy Paneer,Veg,L,1,449,22.45,0
11204,2025-07-30,20:55:00,1149,9,Durg,Delivery,UPI,P013,Veg Extravaganza,Premium Veg,L,1,479,0,35
11204,2025-07-30,20:55:00,1149,9,Durg,Delivery,UPI,P006,Peppy Paneer,Veg,M,1,299,14.95,64
11205,2025-03-10,18:53:00,1357,1,Raipur,Takeaway,Cash,P005,Farmhouse,Veg,L,1,449,0,0
11206,2025-05-30,16:58:00,1111,4,Bhilai,Dine-in,Cash,P016,Cheese Burst,Specialty,M,1,324,16.2,0
11206,2025-05-30,16:58:00,1111,4,Bhilai,Dine-in,Cash,P004,Farmhouse,Veg,M,1,299,0,0
11207,2025-07-22,20:51:00,1073,13,Nagpur,Delivery,UPI,P009,Chicken Dominator,Chicken,L,2,469,0,33
11207,2025-07-22,20:51:00,1073,13,Nagpur,Delivery,UPI,P013,Veg Extravaganza,Premium Veg,L,1,479,0,58
11207,2025-07-22,20:51:00,1073,13,Nagpur,Delivery,UPI,P015,Mexican Green Wave,Veg,L,1,449,0,49
11208,2025-04-21,15:41:00,1166,4,Bhilai,Delivery,Wallet,P013,Veg Extravaganza,Premium Veg,L,1,479,0,57
11209,2025-09-16,18:20:00,1200,2,Raipur,Delivery,Wallet,P001,Margherita,Classic,S,1,179,0,31
11210,2025-01-14,22:01:00,1301,2,Raipur,Delivery,Wallet,P009,Chicken Dominator,Chicken,L,1,469,0,33
11211,2025-12-19,17:30:00,1327,12,Bilaspur,Delivery,Cash,P020,Garlic Bread,Sides,M,1,149,14.9,18
11212,2025-11-14,19:25:00,1189,10,Bilaspur,Takeaway,Card,P002,Margherita,Classic,M,1,299,0,0
11213,2025-03-05,21:40:00,1396,10,Bilaspur,Delivery,Cash,P004,Farmhouse,Veg,M,1,299,14.95,19
11213,2025-03-05,21:40:00,1396,10,Bilaspur,Delivery,Cash,P009,Chicken Dominator,Chicken,L,1,469,0,44
11214,2025-04-10,15:46:00,1081,4,Bhilai,Delivery,Card,P004,Farmhouse,Veg,M,1,299,14.95,39
11215,2025-06-22,17:05:00,1131,15,Nagpur,Delivery,Cash,P008,Chicken Dominator,Chicken,M,1,319,0,41
11215,2025-06-22,17:05:00,1131,15,Nagpur,Delivery,Cash,P006,Peppy Paneer,Veg,M,1,299,0,39
11216,2025-05-02,18:25:00,1220,7,Durg,Dine-in,UPI,P002,Margherita,Classic,M,1,299,0,0
11217,2025-08-07,20:01:00,1022,4,Bhilai,Takeaway,UPI,P006,Peppy Paneer,Veg,M,2,299,0,0
11218,2025-01-14,17:43:00,1234,2,Raipur,Delivery,Card,P020,Garlic Bread,Sides,M,1,149,0,34
11219,2025-06-24,17:52:00,1221,9,Durg,Delivery,Wallet,P008,Chicken Dominator,Chicken,M,1,319,31.9,45
11220,2025-10-15,19:09:00,1319,4,Bhilai,Dine-in,Cash,P014,Mexican Green Wave,Veg,M,1,299,0,0
11220,2025-10-15,19:09:00,1319,4,Bhilai,Dine-in,Cash,P001,Margherita,Classic,S,1,179,17.9,0
11220,2025-10-15,19:09:00,1319,4,Bhilai,Dine-in,Cash,P004,Farmhouse,Veg,M,1,299,0,0
11221,2025-06-25,16:30:00,1442,11,Bilaspur,Dine-in,Card,P001,Margherita,Classic,S,1,179,0,0
11221,2025-06-25,16:30:00,1442,11,Bilaspur,Dine-in,Card,P004,Farmhouse,Veg,M,1,299,0,0
11221,2025-06-25,16:30:00,1442,11,Bilaspur,Dine-in,Card,P006,Peppy Paneer,Veg,M,1,299,14.95,0
11221,2025-06-25,16:30:00,1442,11,Bilaspur,Dine-in,Card,P013,Veg Extravaganza,Premium Veg,L,1,479,47.9,0
11222,2025-12-20,19:38:00,1421,1,Raipur,Delivery,UPI,P004,Farmhouse,Veg,M,1,299,29.9,34
11222,2025-12-20,19:38:00,1421,1,Raipur,Delivery,UPI,P003,Margherita,Classic,L,1,449,0,43
11222,2025-12-20,19:38:00,1421,1,Raipur,Delivery,UPI,P001,Margherita,Classic,S,1,179,17.9,57
11223,2025-10-21,20:55:00,1400,11,Bilaspur,Delivery,Wallet,P018,Paneer Makhani,Veg,M,1,299,14.95,27
11224,2025-10-02,20:37:00,1197,11,Bilaspur,Dine-in,Card,P005,Farmhouse,Veg,L,1,449,0,0
11224,2025-10-02,20:37:00,1197,11,Bilaspur,Dine-in,Card,P002,Margherita,Classic,M,1,299,14.95,0
11225,2025-10-19,19:54:00,1100,3,Raipur,Takeaway,UPI,P017,Cheese Burst,Specialty,L,1,474,0,0
11225,2025-10-19,19:54:00,1100,3,Raipur,Takeaway,UPI,P015,Mexican Green Wave,Veg,L,1,449,22.45,0
11226,2025-03-14,20:27:00,1207,10,Bilaspur,Delivery,UPI,P011,Pepper Barbecue Chicken,Chicken,L,1,469,0,47
11226,2025-03-14,20:27:00,1207,10,Bilaspur,Delivery,UPI,P001,Margherita,Classic,S,1,179,17.9,19
11226,2025-03-14,20:27:00,1207,10,Bilaspur,Delivery,UPI,P009,Chicken Dominator,Chicken,L,1,469,46.9,29
11226,2025-03-14,20:27:00,1207,10,Bilaspur,Delivery,UPI,P003,Margherita,Classic,L,1,449,0,37
11227,2025-10-15,22:46:00,1117,9,Durg,Delivery,Cash,P011,Pepper Barbecue Chicken,Chicken,L,1,469,0,36
11227,2025-10-15,22:46:00,1117,9,Durg,Delivery,Cash,P018,Paneer Makhani,Veg,M,1,299,0,40
11227,2025-10-15,22:46:00,1117,9,Durg,Delivery,Cash,P008,Chicken Dominator,Chicken,M,1,319,31.9,60
11228,2025-03-02,22:57:00,1356,10,Bilaspur,Delivery,Cash,P009,Chicken Dominator,Chicken,L,1,469,0,43
11229,2025-10-30,20:34:00,1347,3,Raipur,Delivery,Cash,P015,Mexican Green Wave,Veg,L,1,449,44.9,54
11230,2025-07-13,17:40:00,1038,15,Nagpur,Takeaway,UPI,P015,Mexican Green Wave,Veg,L,1,449,0,0
11230,2025-07-13,17:40:00,1038,15,Nagpur,Takeaway,UPI,P002,Margherita,Classic,M,1,299,14.95,0
11230,2025-07-13,17:40:00,1038,15,Nagpur,Takeaway,UPI,P016,Cheese Burst,Specialty,M,1,324,16.2,0
11230,2025-07-13,17:40:00,1038,15,Nagpur,Takeaway,UPI,P018,Paneer Makhani,Veg,M,1,299,0,0
11231,2025-05-09,21:49:00,1137,7,Durg,Delivery,Card,P017,Cheese Burst,Specialty,L,1,474,0,28
11231,2025-05-09,21:49:00,1137,7,Durg,Delivery,Card,P004,Farmhouse,Veg,M,1,299,29.9,32
11231,2025-05-09,21:49:00,1137,7,Durg,Delivery,Card,P018,Paneer Makhani,Veg,M,1,299,0,18
11232,2025-12-08,21:27:00,1308,7,Durg,Dine-in,Wallet,P020,Garlic Bread,Sides,M,1,149,0,0
11233,2025-07-18,18:04:00,1042,11,Bilaspur,Delivery,Cash,P001,Margherita,Classic,S,1,179,0,42
11234,2025-09-28,13:41:00,1143,2,Raipur,Delivery,UPI,P001,Margherita,Classic,S,1,179,0,55
11234,2025-09-28,13:41:00,1143,2,Raipur,Delivery,UPI,P006,Peppy Paneer,Veg,M,1,299,29.9,59
11234,2025-09-28,13:41:00,1143,2,Raipur,Delivery,UPI,P003,Margherita,Classic,L,1,449,44.9,58
11235,2025-03-15,13:23:00,1113,11,Bilaspur,Delivery,UPI,P007,Peppy Paneer,Veg,L,1,449,44.9,26
11235,2025-03-15,13:23:00,1113,11,Bilaspur,Delivery,UPI,P010,Pepper Barbecue Chicken,Chicken,M,1,319,31.9,44
11235,2025-03-15,13:23:00,1113,11,Bilaspur,Delivery,UPI,P006,Peppy Paneer,Veg,M,1,299,0,56
11235,2025-03-15,13:23:00,1113,11,Bilaspur,Delivery,UPI,P001,Margherita,Classic,S,1,179,0,40
11236,2025-01-10,18:05:00,1382,14,Nagpur,Delivery,Wallet,P019,Paneer Makhani,Veg,L,2,449,0,34
11236,2025-01-10,18:05:00,1382,14,Nagpur,Delivery,Wallet,P020,Garlic Bread,Sides,M,1,149,0,43
11236,2025-01-10,18:05:00,1382,14,Nagpur,Delivery,Wallet,P009,Chicken Dominator,Chicken,L,1,469,23.45,22
11237,2025-04-10,15:29:00,1119,2,Raipur,Dine-in,Cash,P013,Veg Extravaganza,Premium Veg,L,1,479,47.9,0
11237,2025-04-10,15:29:00,1119,2,Raipur,Dine-in,Cash,P003,Margherita,Classic,L,1,449,0,0
11237,2025-04-10,15:29:00,1119,2,Raipur,Dine-in,Cash,P005,Farmhouse,Veg,L,1,449,44.9,0
11238,2025-10-06,21:29:00,1006,4,Bhilai,Takeaway,Card,P002,Margherita,Classic,M,1,299,0,0
11239,2025-01-01,17:14:00,1385,7,Durg,Delivery,Cash,P007,Peppy Paneer,Veg,L,1,449,22.45,42
11239,2025-01-01,17:14:00,1385,7,Durg,Delivery,Cash,P009,Chicken Dominator,Chicken,L,1,469,0,30
11240,2025-04-22,18:57:00,1342,9,Durg,Delivery,Cash,P013,Veg Extravaganza,Premium Veg,L,1,479,0,55
11241,2025-06-15,12:55:00,1203,5,Bhilai,Delivery,UPI,P004,Farmhouse,Veg,M,2,299,29.9,24
11241,2025-06-15,12:55:00,1203,5,Bhilai,Delivery,UPI,P020,Garlic Bread,Sides,M,1,149,14.9,48
11241,2025-06-15,12:55:00,1203,5,Bhilai,Delivery,UPI,P003,Margherita,Classic,L,1,449,0,27
11242,2025-08-26,20:31:00,1342,9,Durg,Delivery,Card,P001,Margherita,Classic,S,1,179,0,58
11243,2025-02-17,21:57:00,1421,10,Bilaspur,Delivery,Card,P011,Pepper Barbecue Chicken,Chicken,L,1,469,23.45,51
11244,2025-08-03,15:34:00,1175,12,Bilaspur,Takeaway,Wallet,P014,Mexican Green Wave,Veg,M,1,299,0,0
11244,2025-08-03,15:34:00,1175,12,Bilaspur,Takeaway,Wallet,P017,Cheese Burst,Specialty,L,1,474,0,0
11245,2025-02-28,21:11:00,1279,11,Bilaspur,Dine-in,Wallet,P005,Farmhouse,Veg,L,1,449,44.9,0
11246,2025-01-12,18:44:00,1302,9,Durg,Takeaway,Wallet,P012,Veg Extravaganza,Premium Veg,M,1,329,32.9,0
11246,2025-01-12,18:44:00,1302,9,Durg,Takeaway,Wallet,P020,Garlic Bread,Sides,M,1,149,14.9,0
11246,2025-01-12,18:44:00,1302,9,Durg,Takeaway,Wallet,P007,Peppy Paneer,Veg,L,1,449,0,0
11246,2025-01-12,18:44:00,1302,9,Durg,Takeaway,Wallet,P013,Veg Extravaganza,Premium Veg,L,1,479,47.9,0
11247,2025-09-23,20:09:00,1441,13,Nagpur,Delivery,UPI,P009,Chicken Dominator,Chicken,L,1,469,23.45,38
11247,2025-09-23,20:09:00,1441,13,Nagpur,Delivery,UPI,P002,Margherita,Classic,M,1,299,0,23
11247,2025-09-23,20:09:00,1441,13,Nagpur,Delivery,UPI,P017,Cheese Burst,Specialty,L,1,474,47.4,61
11247,2025-09-23,20:09:00,1441,13,Nagpur,Delivery,UPI,P003,Margherita,Classic,L,1,449,22.45,18
11248,2025-06-21,18:28:00,1054,11,Bilaspur,Delivery,Card,P009,Chicken Dominator,Chicken,L,1,469,0,22
11249,2025-10-20,15:36:00,1204,8,Durg,Takeaway,UPI,P004,Farmhouse,Veg,M,1,299,0,0
11249,2025-10-20,15:36:00,1204,8,Durg,Takeaway,UPI,P011,Pepper Barbecue Chicken,Chicken,L,1,469,0,0
11249,2025-10-20,15:36:00,1204,8,Durg,Takeaway,UPI,P009,Chicken Dominator,Chicken,L,1,469,0,0
11250,2025-01-20,21:51:00,1018,10,Bilaspur,Takeaway,Card,P020,Garlic Bread,Sides,M,1,149,7.45,0
11250,2025-01-20,21:51:00,1018,10,Bilaspur,Takeaway,Card,P010,Pepper Barbecue Chicken,Chicken,M,1,319,0,0
11250,2025-01-20,21:51:00,1018,10,Bilaspur,Takeaway,Card,P012,Veg Extravaganza,Premium Veg,M,1,329,16.45,0
11250,2025-01-20,21:51:00,1018,10,Bilaspur,Takeaway,Card,P008,Chicken Dominator,Chicken,M,1,319,15.95,0
11251,2025-11-09,18:40:00,1034,11,Bilaspur,Delivery,Cash,P011,Pepper Barbecue Chicken,Chicken,L,1,469,0,62
11251,2025-11-09,18:40:00,1034,11,Bilaspur,Delivery,Cash,P008,Chicken Dominator,Chicken,M,1,319,31.9,23
11251,2025-11-09,18:40:00,1034,11,Bilaspur,Delivery,Cash,P020,Garlic Bread,Sides,M,1,149,7.45,29
11251,2025-11-09,18:40:00,1034,11,Bilaspur,Delivery,Cash,P014,Mexican Green Wave,Veg,M,1,299,0,52
11252,2025-07-25,18:30:00,1101,9,Durg,Takeaway,Card,P019,Paneer Makhani,Veg,L,1,449,44.9,0
11253,2025-05-21,17:04:00,1315,2,Raipur,Takeaway,Wallet,P010,Pepper Barbecue Chicken,Chicken,M,1,319,31.9,0
11253,2025-05-21,17:04:00,1315,2,Raipur,Takeaway,Wallet,P008,Chicken Dominator,Chicken,M,1,319,31.9,0
11253,2025-05-21,17:04:00,1315,2,Raipur,Takeaway,Wallet,P009,Chicken Dominator,Chicken,L,1,469,0,0
11253,2025-05-21,17:04:00,1315,2,Raipur,Takeaway,Wallet,P017,Cheese Burst,Specialty,L,1,474,0,0
11254,2025-06-13,18:12:00,1253,12,Bilaspur,Delivery,Cash,P006,Peppy Paneer,Veg,M,1,299,0,61
11255,2025-11-17,20:23:00,1027,12,Bilaspur,Delivery,UPI,P014,Mexican Green Wave,Veg,M,1,299,14.95,61
11255,2025-11-17,20:23:00,1027,12,Bilaspur,Delivery,UPI,P006,Peppy Paneer,Veg,M,1,299,29.9,54
11255,2025-11-17,20:23:00,1027,12,Bilaspur,Delivery,UPI,P013,Veg Extravaganza,Premium Veg,L,1,479,0,19
11256,2025-12-11,14:17:00,1278,3,Raipur,Takeaway,Cash,P004,Farmhouse,Veg,M,1,299,29.9,0
11256,2025-12-11,14:17:00,1278,3,Raipur,Takeaway,Cash,P003,Margherita,Classic,L,1,449,44.9,0
11256,2025-12-11,14:17:00,1278,3,Raipur,Takeaway,Cash,P009,Chicken Dominator,Chicken,L,1,469,0,0
11257,2025-03-13,17:52:00,1314,5,Bhilai,Delivery,Card,P012,Veg Extravaganza,Premium Veg,M,1,329,16.45,43
11257,2025-03-13,17:52:00,1314,5,Bhilai,Delivery,Card,P014,Mexican Green Wave,Veg,M,1,299,0,30
11258,2025-10-07,22:59:00,1294,15,Nagpur,Delivery,Wallet,P004,Farmhouse,Veg,M,1,299,14.95,29
11258,2025-10-07,22:59:00,1294,15,Nagpur,Delivery,Wallet,P012,Veg Extravaganza,Premium Veg,M,1,329,16.45,64
11259,2025-09-05,15:21:00,1200,3,Raipur,Dine-in,Card,P020,Garlic Bread,Sides,M,1,149,7.45,0
11259,2025-09-05,15:21:00,1200,3,Raipur,Dine-in,Card,P004,Farmhouse,Veg,M,1,299,0,0
11259,2025-09-05,15:21:00,1200,3,Raipur,Dine-in,Card,P012,Veg Extravaganza,Premium Veg,M,1,329,0,0
11259,2025-09-05,15:21:00,1200,3,Raipur,Dine-in,Card,P005,Farmhouse,Veg,L,1,449,0,0
11260,2025-10-14,19:23:00,1188,1,Raipur,Dine-in,Wallet,P020,Garlic Bread,Sides,M,2,149,0,0
11260,2025-10-14,19:23:00,1188,1,Raipur,Dine-in,Wallet,P009,Chicken Dominator,Chicken,L,1,469,23.45,0
11261,2025-09-07,20:18:00,1423,5,Bhilai,Delivery,Card,P011,Pepper Barbecue Chicken,Chicken,L,1,469,0,25
11261,2025-09-07,20:18:00,1423,5,Bhilai,Delivery,Card,P002,Margherita,Classic,M,1,299,29.9,56
11261,2025-09-07,20:18:00,1423,5,Bhilai,Delivery,Card,P012,Veg Extravaganza,Premium Veg,M,1,329,32.9,28
11262,2025-01-25,15:53:00,1361,6,Bhilai,Delivery,Cash,P002,Margherita,Classic,M,1,299,14.95,31
11263,2025-07-21,17:20:00,1151,8,Durg,Delivery,Cash,P002,Margherita,Classic,M,1,299,14.95,57
11263,2025-07-21,17:20:00,1151,8,Durg,Delivery,Cash,P013,Veg Extravaganza,Premium Veg,L,1,479,0,44
11264,2025-09-01,20:33:00,1050,4,Bhilai,Takeaway,Wallet,P001,Margherita,Classic,S,1,179,0,0
11264,2025-09-01,20:33:00,1050,4,Bhilai,Takeaway,Wallet,P020,Garlic Bread,Sides,M,1,149,0,0
11264,2025-09-01,20:33:00,1050,4,Bhilai,Takeaway,Wallet,P004,Farmhouse,Veg,M,1,299,14.95,0
11265,2025-02-14,12:22:00,1091,8,Durg,Delivery,UPI,P009,Chicken Dominator,Chicken,L,1,469,0,35
11265,2025-02-14,12:22:00,1091,8,Durg,Delivery,UPI,P010,Pepper Barbecue Chicken,Chicken,M,1,319,15.95,26
11265,2025-02-14,12:22:00,1091,8,Durg,Delivery,UPI,P016,Cheese Burst,Specialty,M,1,324,0,50
11265,2025-02-14,12:22:00,1091,8,Durg,Delivery,UPI,P014,Mexican Green Wave,Veg,M,1,299,14.95,43
11266,2025-03-25,21:59:00,1170,9,Durg,Takeaway,Wallet,P001,Margherita,Classic,S,1,179,17.9,0
11266,2025-03-25,21:59:00,1170,9,Durg,Takeaway,Wallet,P005,Farmhouse,Veg,L,1,449,44.9,0
11266,2025-03-25,21:59:00,1170,9,Durg,Takeaway,Wallet,P015,Mexican Green Wave,Veg,L,1,449,22.45,0
11266,2025-03-25,21:59:00,1170,9,Durg,Takeaway,Wallet,P008,Chicken Dominator,Chicken,M,1,319,15.95,0
11267,2025-03-27,15:45:00,1173,9,Durg,Delivery,Cash,P013,Veg Extravaganza,Premium Veg,L,1,479,23.95,63
11267,2025-03-27,15:45:00,1173,9,Durg,Delivery,Cash,P007,Peppy Paneer,Veg,L,1,449,22.45,29
11267,2025-03-27,15:45:00,1173,9,Durg,Delivery,Cash,P006,Peppy Paneer,Veg,M,1,299,0,37
11268,2025-11-11,21:05:00,1416,12,Bilaspur,Delivery,Cash,P002,Margherita,Classic,M,1,299,0,20
11269,2025-01-22,15:19:00,1191,11,Bilaspur,Delivery,Card,P020,Garlic Bread,Sides,M,1,149,0,59
11270,2025-03-01,20:55:00,1163,2,Raipur,Delivery,Cash,P008,Chicken Dominator,Chicken,M,2,319,63.8,53
11270,2025-03-01,20:55:00,1163,2,Raipur,Delivery,Cash,P011,Pepper Barbecue Chicken,Chicken,L,1,469,0,61
11271,2025-02-21,16:18:00,1436,9,Durg,Delivery,Wallet,P010,Pepper Barbecue Chicken,Chicken,M,1,319,0,45
11271,2025-02-21,16:18:00,1436,9,Durg,Delivery,Wallet,P020,Garlic Bread,Sides,M,1,149,14.9,58
11271,2025-02-21,16:18:00,1436,9,Durg,Delivery,Wallet,P008,Chicken Dominator,Chicken,M,2,319,63.8,64
11272,2025-05-30,19:09:00,1383,1,Raipur,Delivery,Card,P005,Farmhouse,Veg,L,1,449,0,29
11272,2025-05-30,19:09:00,1383,1,Raipur,Delivery,Card,P020,Garlic Bread,Sides,M,1,149,0,65
11272,2025-05-30,19:09:00,1383,1,Raipur,Delivery,Card,P001,Margherita,Classic,S,1,179,0,30
11273,2025-02-02,14:38:00,1074,15,Nagpur,Takeaway,UPI,P011,Pepper Barbecue Chicken,Chicken,L,1,469,0,0
11273,2025-02-02,14:38:00,1074,15,Nagpur,Takeaway,UPI,P001,Margherita,Classic,S,1,179,0,0
11273,2025-02-02,14:38:00,1074,15,Nagpur,Takeaway,UPI,P014,Mexican Green Wave,Veg,M,1,299,29.9,0
11274,2025-05-15,18:13:00,1368,9,Durg,Delivery,UPI,P014,Mexican Green Wave,Veg,M,1,299,0,60
11274,2025-05-15,18:13:00,1368,9,Durg,Delivery,UPI,P006,Peppy Paneer,Veg,M,1,299,29.9,29
11275,2025-04-03,21:30:00,1238,6,Bhilai,Delivery,Cash,P008,Chicken Dominator,Chicken,M,1,319,0,38
11275,2025-04-03,21:30:00,1238,6,Bhilai,Delivery,Cash,P006,Peppy Paneer,Veg,M,1,299,0,57
11275,2025-04-03,21:30:00,1238,6,Bhilai,Delivery,Cash,P017,Cheese Burst,Specialty,L,1,474,0,50
11276,2025-12-09,20:24:00,1337,9,Durg,Delivery,UPI,P001,Margherita,Classic,S,1,179,17.9,29
11276,2025-12-09,20:24:00,1337,9,Durg,Delivery,UPI,P018,Paneer Makhani,Veg,M,1,299,0,47
11276,2025-12-09,20:24:00,1337,9,Durg,Delivery,UPI,P013,Veg Extravaganza,Premium Veg,L,1,479,0,30
11276,2025-12-09,20:24:00,1337,9,Durg,Delivery,UPI,P020,Garlic Bread,Sides,M,1,149,14.9,63
11277,2025-04-22,21:41:00,1299,3,Raipur,Dine-in,UPI,P003,Margherita,Classic,L,2,449,0,0
11277,2025-04-22,21:41:00,1299,3,Raipur,Dine-in,UPI,P020,Garlic Bread,Sides,M,1,149,14.9,0
11278,2025-03-29,22:46:00,1219,13,Nagpur,Delivery,UPI,P004,Farmhouse,Veg,M,2,299,0,38
11278,2025-03-29,22:46:00,1219,13,Nagpur,Delivery,UPI,P009,Chicken Dominator,Chicken,L,1,469,23.45,62
11279,2025-05-06,20:54:00,1277,4,Bhilai,Delivery,Cash,P007,Peppy Paneer,Veg,L,1,449,44.9,32
11279,2025-05-06,20:54:00,1277,4,Bhilai,Delivery,Cash,P008,Chicken Dominator,Chicken,M,1,319,0,43
11279,2025-05-06,20:54:00,1277,4,Bhilai,Delivery,Cash,P011,Pepper Barbecue Chicken,Chicken,L,1,469,23.45,33
11280,2025-01-11,19:16:00,1444,5,Bhilai,Delivery,Wallet,P003,Margherita,Classic,L,1,449,44.9,56
11281,2025-10-26,18:11:00,1293,3,Raipur,Delivery,Card,P005,Farmhouse,Veg,L,1,449,44.9,51
11282,2025-09-12,20:13:00,1252,12,Bilaspur,Takeaway,Cash,P010,Pepper Barbecue Chicken,Chicken,M,1,319,0,0
11282,2025-09-12,20:13:00,1252,12,Bilaspur,Takeaway,Cash,P009,Chicken Dominator,Chicken,L,1,469,0,0
11283,2025-03-18,12:43:00,1386,2,Raipur,Delivery,Cash,P013,Veg Extravaganza,Premium Veg,L,2,479,0,20
11283,2025-03-18,12:43:00,1386,2,Raipur,Delivery,Cash,P001,Margherita,Classic,S,1,179,8.95,53
11283,2025-03-18,12:43:00,1386,2,Raipur,Delivery,Cash,P003,Margherita,Classic,L,1,449,44.9,56
11284,2025-12-18,21:33:00,1258,9,Durg,Takeaway,Wallet,P012,Veg Extravaganza,Premium Veg,M,2,329,32.9,0
11284,2025-12-18,21:33:00,1258,9,Durg,Takeaway,Wallet,P013,Veg Extravaganza,Premium Veg,L,1,479,23.95,0
11285,2025-04-05,16:34:00,1202,15,Nagpur,Delivery,UPI,P001,Margherita,Classic,S,1,179,0,42
11285,2025-04-05,16:34:00,1202,15,Nagpur,Delivery,UPI,P020,Garlic Bread,Sides,M,1,149,0,54
11286,2025-10-21,17:29:00,1035,6,Bhilai,Takeaway,Card,P018,Paneer Makhani,Veg,M,1,299,0,0
11286,2025-10-21,17:29:00,1035,6,Bhilai,Takeaway,Card,P009,Chicken Dominator,Chicken,L,1,469,0,0
11287,2025-03-18,19:10:00,1399,15,Nagpur,Takeaway,Cash,P002,Margherita,Classic,M,1,299,0,0
11288,2025-09-02,16:55:00,1377,9,Durg,Delivery,Card,P010,Pepper Barbecue Chicken,Chicken,M,1,319,31.9,23
11289,2025-04-18,19:31:00,1048,10,Bilaspur,Dine-in,Card,P001,Margherita,Classic,S,1,179,0,0
11289,2025-04-18,19:31:00,1048,10,Bilaspur,Dine-in,Card,P003,Margherita,Classic,L,3,449,134.7,0
11290,2025-07-29,18:42:00,1072,1,Raipur,Delivery,UPI,P002,Margherita,Classic,M,1,299,29.9,24
11291,2025-03-08,21:02:00,1062,10,Bilaspur,Takeaway,Wallet,P013,Veg Extravaganza,Premium Veg,L,1,479,47.9,0
11291,2025-03-08,21:02:00,1062,10,Bilaspur,Takeaway,Wallet,P011,Pepper Barbecue Chicken,Chicken,L,1,469,0,0
11292,2025-04-12,21:47:00,1374,4,Bhilai,Delivery,Card,P006,Peppy Paneer,Veg,M,1,299,14.95,51
11292,2025-04-12,21:47:00,1374,4,Bhilai,Delivery,Card,P003,Margherita,Classic,L,2,449,0,27
11292,2025-04-12,21:47:00,1374,4,Bhilai,Delivery,Card,P001,Margherita,Classic,S,1,179,8.95,29
11293,2025-02-21,14:01:00,1405,9,Durg,Takeaway,Card,P017,Cheese Burst,Specialty,L,1,474,0,0
11293,2025-02-21,14:01:00,1405,9,Durg,Takeaway,Card,P010,Pepper Barbecue Chicken,Chicken,M,1,319,0,0
11293,2025-02-21,14:01:00,1405,9,Durg,Takeaway,Card,P005,Farmhouse,Veg,L,1,449,22.45,0
11294,2025-07-12,14:53:00,1422,10,Bilaspur,Delivery,Cash,P013,Veg Extravaganza,Premium Veg,L,1,479,0,31
11294,2025-07-12,14:53:00,1422,10,Bilaspur,Delivery,Cash,P017,Cheese Burst,Specialty,L,1,474,23.7,26
11294,2025-07-12,14:53:00,1422,10,Bilaspur,Delivery,Cash,P001,Margherita,Classic,S,1,179,17.9,19
11295,2025-02-19,16:29:00,1061,3,Raipur,Delivery,Wallet,P009,Chicken Dominator,Chicken,L,2,469,0,31
11295,2025-02-19,16:29:00,1061,3,Raipur,Delivery,Wallet,P006,Peppy Paneer,Veg,M,1,299,0,34
11296,2025-02-08,21:49:00,1080,1,Raipur,Delivery,Wallet,P007,Peppy Paneer,Veg,L,1,449,22.45,57
11297,2025-03-24,18:35:00,1254,5,Bhilai,Delivery,UPI,P013,Veg Extravaganza,Premium Veg,L,1,479,0,44
11297,2025-03-24,18:35:00,1254,5,Bhilai,Delivery,UPI,P020,Garlic Bread,Sides,M,1,149,0,26
11297,2025-03-24,18:35:00,1254,5,Bhilai,Delivery,UPI,P007,Peppy Paneer,Veg,L,1,449,0,36
11297,2025-03-24,18:35:00,1254,5,Bhilai,Delivery,UPI,P017,Cheese Burst,Specialty,L,1,474,0,39
11298,2025-06-13,16:55:00,1082,14,Nagpur,Takeaway,UPI,P013,Veg Extravaganza,Premium Veg,L,1,479,0,0
11298,2025-06-13,16:55:00,1082,14,Nagpur,Takeaway,UPI,P017,Cheese Burst,Specialty,L,1,474,0,0
11299,2025-01-31,14:39:00,1186,15,Nagpur,Dine-in,Wallet,P006,Peppy Paneer,Veg,M,1,299,29.9,0
11299,2025-01-31,14:39:00,1186,15,Nagpur,Dine-in,Wallet,P018,Paneer Makhani,Veg,M,1,299,14.95,0
11299,2025-01-31,14:39:00,1186,15,Nagpur,Dine-in,Wallet,P005,Farmhouse,Veg,L,1,449,22.45,0
11299,2025-01-31,14:39:00,1186,15,Nagpur,Dine-in,Wallet,P001,Margherita,Classic,S,1,179,8.95,0
11300,2025-08-06,21:15:00,1129,8,Durg,Takeaway,Card,P007,Peppy Paneer,Veg,L,1,449,0,0
11300,2025-08-06,21:15:00,1129,8,Durg,Takeaway,Card,P001,Margherita,Classic,S,2,179,0,0
11301,2025-09-21,14:13:00,1014,13,Nagpur,Dine-in,Wallet,P002,Margherita,Classic,M,1,299,0,0
11301,2025-09-21,14:13:00,1014,13,Nagpur,Dine-in,Wallet,P006,Peppy Paneer,Veg,M,1,299,29.9,0
11302,2025-03-24,18:02:00,1279,1,Raipur,Delivery,Cash,P002,Margherita,Classic,M,2,299,29.9,63
11302,2025-03-24,18:02:00,1279,1,Raipur,Delivery,Cash,P010,Pepper Barbecue Chicken,Chicken,M,1,319,0,47
11302,2025-03-24,18:02:00,1279,1,Raipur,Delivery,Cash,P018,Paneer Makhani,Veg,M,1,299,0,30
11303,2025-09-18,12:28:00,1053,4,Bhilai,Delivery,Card,P002,Margherita,Classic,M,1,299,14.95,51
11303,2025-09-18,12:28:00,1053,4,Bhilai,Delivery,Card,P001,Margherita,Classic,S,1,179,8.95,49
11303,2025-09-18,12:28:00,1053,4,Bhilai,Delivery,Card,P018,Paneer Makhani,Veg,M,1,299,14.95,30
11304,2025-07-25,15:45:00,1101,1,Raipur,Delivery,Wallet,P005,Farmhouse,Veg,L,1,449,22.45,46
11304,2025-07-25,15:45:00,1101,1,Raipur,Delivery,Wallet,P017,Cheese Burst,Specialty,L,1,474,47.4,63
11305,2025-08-08,19:31:00,1016,4,Bhilai,Delivery,UPI,P003,Margherita,Classic,L,1,449,0,56
11305,2025-08-08,19:31:00,1016,4,Bhilai,Delivery,UPI,P012,Veg Extravaganza,Premium Veg,M,1,329,32.9,28
11305,2025-08-08,19:31:00,1016,4,Bhilai,Delivery,UPI,P018,Paneer Makhani,Veg,M,1,299,29.9,34
11306,2025-08-12,21:27:00,1422,3,Raipur,Delivery,UPI,P016,Cheese Burst,Specialty,M,1,324,32.4,19
11306,2025-08-12,21:27:00,1422,3,Raipur,Delivery,UPI,P013,Veg Extravaganza,Premium Veg,L,1,479,0,21
11307,2025-05-17,17:27:00,1052,5,Bhilai,Dine-in,UPI,P015,Mexican Green Wave,Veg,L,1,449,0,0
11308,2025-08-17,19:42:00,1240,2,Raipur,Dine-in,UPI,P014,Mexican Green Wave,Veg,M,1,299,14.95,0
11309,2025-10-27,16:49:00,1283,2,Raipur,Takeaway,Cash,P005,Farmhouse,Veg,L,1,449,0,0
11310,2025-06-12,20:02:00,1131,10,Bilaspur,Delivery,UPI,P011,Pepper Barbecue Chicken,Chicken,L,1,469,46.9,56
11310,2025-06-12,20:02:00,1131,10,Bilaspur,Delivery,UPI,P010,Pepper Barbecue Chicken,Chicken,M,1,319,31.9,58
11310,2025-06-12,20:02:00,1131,10,Bilaspur,Delivery,UPI,P008,Chicken Dominator,Chicken,M,1,319,0,59
11311,2025-02-03,15:37:00,1225,11,Bilaspur,Delivery,Wallet,P010,Pepper Barbecue Chicken,Chicken,M,1,319,0,27
11311,2025-02-03,15:37:00,1225,11,Bilaspur,Delivery,Wallet,P014,Mexican Green Wave,Veg,M,1,299,0,49
11311,2025-02-03,15:37:00,1225,11,Bilaspur,Delivery,Wallet,P002,Margherita,Classic,M,1,299,14.95,21
11311,2025-02-03,15:37:00,1225,11,Bilaspur,Delivery,Wallet,P019,Paneer Makhani,Veg,L,1,449,44.9,48
11312,2025-10-20,16:14:00,1426,3,Raipur,Takeaway,Wallet,P003,Margherita,Classic,L,1,449,22.45,0
11312,2025-10-20,16:14:00,1426,3,Raipur,Takeaway,Wallet,P012,Veg Extravaganza,Premium Veg,M,1,329,0,0
11313,2025-11-09,18:00:00,1035,12,Bilaspur,Takeaway,Cash,P018,Paneer Makhani,Veg,M,1,299,0,0
11313,2025-11-09,18:00:00,1035,12,Bilaspur,Takeaway,Cash,P017,Cheese Burst,Specialty,L,1,474,0,0
11314,2025-04-20,18:32:00,1236,14,Nagpur,Dine-in,Card,P002,Margherita,Classic,M,1,299,0,0
11315,2025-03-23,19:42:00,1015,11,Bilaspur,Takeaway,Cash,P017,Cheese Burst,Specialty,L,1,474,0,0
11316,2025-05-01,17:44:00,1385,10,Bilaspur,Delivery,Wallet,P018,Paneer Makhani,Veg,M,1,299,29.9,19
11316,2025-05-01,17:44:00,1385,10,Bilaspur,Delivery,Wallet,P002,Margherita,Classic,M,1,299,14.95,60
11317,2025-09-18,12:52:00,1436,2,Raipur,Dine-in,Wallet,P005,Farmhouse,Veg,L,1,449,44.9,0
11317,2025-09-18,12:52:00,1436,2,Raipur,Dine-in,Wallet,P002,Margherita,Classic,M,1,299,14.95,0
11317,2025-09-18,12:52:00,1436,2,Raipur,Dine-in,Wallet,P014,Mexican Green Wave,Veg,M,1,299,0,0
11318,2025-10-20,22:32:00,1192,8,Durg,Dine-in,Card,P016,Cheese Burst,Specialty,M,1,324,16.2,0
11319,2025-10-04,12:30:00,1164,8,Durg,Takeaway,Card,P006,Peppy Paneer,Veg,M,1,299,29.9,0
11319,2025-10-04,12:30:00,1164,8,Durg,Takeaway,Card,P002,Margherita,Classic,M,1,299,0,0
11320,2025-11-28,19:59:00,1081,9,Durg,Takeaway,Cash,P010,Pepper Barbecue Chicken,Chicken,M,1,319,0,0
11320,2025-11-28,19:59:00,1081,9,Durg,Takeaway,Cash,P007,Peppy Paneer,Veg,L,1,449,44.9,0
11321,2025-07-20,19:42:00,1435,8,Durg,Takeaway,UPI,P001,Margherita,Classic,S,1,179,8.95,0
11321,2025-07-20,19:42:00,1435,8,Durg,Takeaway,UPI,P006,Peppy Paneer,Veg,M,1,299,0,0
11321,2025-07-20,19:42:00,1435,8,Durg,Takeaway,UPI,P013,Veg Extravaganza,Premium Veg,L,1,479,47.9,0
11322,2025-02-27,17:02:00,1254,15,Nagpur,Delivery,Card,P008,Chicken Dominator,Chicken,M,1,319,0,39
11322,2025-02-27,17:02:00,1254,15,Nagpur,Delivery,Card,P012,Veg Extravaganza,Premium Veg,M,1,329,32.9,40
11323,2025-02-24,20:29:00,1298,13,Nagpur,Takeaway,Wallet,P005,Farmhouse,Veg,L,1,449,44.9,0
11323,2025-02-24,20:29:00,1298,13,Nagpur,Takeaway,Wallet,P001,Margherita,Classic,S,1,179,8.95,0
11324,2025-11-09,17:34:00,1128,12,Bilaspur,Delivery,Wallet,P004,Farmhouse,Veg,M,1,299,14.95,27
11325,2025-02-03,18:09:00,1288,6,Bhilai,Delivery,Card,P020,Garlic Bread,Sides,M,1,149,0,58
11325,2025-02-03,18:09:00,1288,6,Bhilai,Delivery,Card,P006,Peppy Paneer,Veg,M,1,299,29.9,35
11326,2025-10-05,18:00:00,1258,10,Bilaspur,Dine-in,Card,P009,Chicken Dominator,Chicken,L,2,469,0,0
11326,2025-10-05,18:00:00,1258,10,Bilaspur,Dine-in,Card,P008,Chicken Dominator,Chicken,M,1,319,31.9,0
11327,2025-03-12,22:25:00,1246,3,Raipur,Dine-in,Wallet,P007,Peppy Paneer,Veg,L,1,449,0,0
11328,2025-02-15,16:13:00,1425,2,Raipur,Delivery,Card,P011,Pepper Barbecue Chicken,Chicken,L,2,469,0,31
11328,2025-02-15,16:13:00,1425,2,Raipur,Delivery,Card,P020,Garlic Bread,Sides,M,1,149,14.9,24
11329,2025-04-30,16:46:00,1209,15,Nagpur,Delivery,Card,P001,Margherita,Classic,S,1,179,0,43
11329,2025-04-30,16:46:00,1209,15,Nagpur,Delivery,Card,P004,Farmhouse,Veg,M,1,299,14.95,62
11330,2025-01-12,21:23:00,1143,13,Nagpur,Delivery,Card,P002,Margherita,Classic,M,2,299,0,30
11330,2025-01-12,21:23:00,1143,13,Nagpur,Delivery,Card,P005,Farmhouse,Veg,L,1,449,22.45,35
11331,2025-01-15,20:26:00,1206,14,Nagpur,Delivery,Wallet,P015,Mexican Green Wave,Veg,L,1,449,0,62
11332,2025-05-13,19:36:00,1386,9,Durg,Delivery,UPI,P007,Peppy Paneer,Veg,L,1,449,22.45,44
11332,2025-05-13,19:36:00,1386,9,Durg,Delivery,UPI,P009,Chicken Dominator,Chicken,L,1,469,0,32
11332,2025-05-13,19:36:00,1386,9,Durg,Delivery,UPI,P002,Margherita,Classic,M,2,299,29.9,57
11333,2025-04-05,21:40:00,1193,5,Bhilai,Delivery,Card,P012,Veg Extravaganza,Premium Veg,M,1,329,16.45,62
11333,2025-04-05,21:40:00,1193,5,Bhilai,Delivery,Card,P009,Chicken Dominator,Chicken,L,1,469,0,38
11333,2025-04-05,21:40:00,1193,5,Bhilai,Delivery,Card,P005,Farmhouse,Veg,L,1,449,22.45,55
11333,2025-04-05,21:40:00,1193,5,Bhilai,Delivery,Card,P008,Chicken Dominator,Chicken,M,1,319,15.95,38
11334,2025-12-04,13:07:00,1315,3,Raipur,Takeaway,Card,P017,Cheese Burst,Specialty,L,1,474,47.4,0
11335,2025-07-04,16:59:00,1196,15,Nagpur,Takeaway,Cash,P001,Margherita,Classic,S,1,179,0,0
11336,2025-08-05,19:03:00,1117,14,Nagpur,Delivery,Wallet,P007,Peppy Paneer,Veg,L,1,449,0,24
11336,2025-08-05,19:03:00,1117,14,Nagpur,Delivery,Wallet,P004,Farmhouse,Veg,M,1,299,14.95,38
11337,2025-07-10,19:24:00,1249,1,Raipur,Delivery,Cash,P005,Farmhouse,Veg,L,1,449,22.45,29
11337,2025-07-10,19:24:00,1249,1,Raipur,Delivery,Cash,P020,Garlic Bread,Sides,M,1,149,0,36
11338,2025-07-12,22:43:00,1443,5,Bhilai,Takeaway,Wallet,P008,Chicken Dominator,Chicken,M,1,319,0,0
11338,2025-07-12,22:43:00,1443,5,Bhilai,Takeaway,Wallet,P001,Margherita,Classic,S,1,179,8.95,0
11338,2025-07-12,22:43:00,1443,5,Bhilai,Takeaway,Wallet,P015,Mexican Green Wave,Veg,L,1,449,22.45,0
11338,2025-07-12,22:43:00,1443,5,Bhilai,Takeaway,Wallet,P004,Farmhouse,Veg,M,1,299,29.9,0
11339,2025-07-06,18:28:00,1175,9,Durg,Takeaway,Wallet,P014,Mexican Green Wave,Veg,M,1,299,0,0
11339,2025-07-06,18:28:00,1175,9,Durg,Takeaway,Wallet,P020,Garlic Bread,Sides,M,1,149,14.9,0
11339,2025-07-06,18:28:00,1175,9,Durg,Takeaway,Wallet,P003,Margherita,Classic,L,1,449,0,0
11340,2025-05-05,21:23:00,1133,13,Nagpur,Delivery,Wallet,P017,Cheese Burst,Specialty,L,1,474,47.4,39
11340,2025-05-05,21:23:00,1133,13,Nagpur,Delivery,Wallet,P003,Margherita,Classic,L,1,449,22.45,21
11341,2025-02-25,17:21:00,1310,10,Bilaspur,Delivery,UPI,P012,Veg Extravaganza,Premium Veg,M,1,329,32.9,28
11342,2025-04-06,14:09:00,1151,3,Raipur,Dine-in,Wallet,P020,Garlic Bread,Sides,M,1,149,0,0
11342,2025-04-06,14:09:00,1151,3,Raipur,Dine-in,Wallet,P008,Chicken Dominator,Chicken,M,1,319,15.95,0
11342,2025-04-06,14:09:00,1151,3,Raipur,Dine-in,Wallet,P011,Pepper Barbecue Chicken,Chicken,L,1,469,0,0
11342,2025-04-06,14:09:00,1151,3,Raipur,Dine-in,Wallet,P005,Farmhouse,Veg,L,1,449,44.9,0
11343,2025-01-15,14:11:00,1144,12,Bilaspur,Dine-in,UPI,P019,Paneer Makhani,Veg,L,1,449,22.45,0
11343,2025-01-15,14:11:00,1144,12,Bilaspur,Dine-in,UPI,P017,Cheese Burst,Specialty,L,1,474,47.4,0
11343,2025-01-15,14:11:00,1144,12,Bilaspur,Dine-in,UPI,P016,Cheese Burst,Specialty,M,1,324,0,0
11344,2025-01-04,20:34:00,1008,2,Raipur,Delivery,Wallet,P013,Veg Extravaganza,Premium Veg,L,1,479,0,54
11344,2025-01-04,20:34:00,1008,2,Raipur,Delivery,Wallet,P020,Garlic Bread,Sides,M,1,149,7.45,46
11344,2025-01-04,20:34:00,1008,2,Raipur,Delivery,Wallet,P002,Margherita,Classic,M,1,299,0,35
11344,2025-01-04,20:34:00,1008,2,Raipur,Delivery,Wallet,P018,Paneer Makhani,Veg,M,1,299,29.9,26
11345,2025-07-29,20:54:00,1085,11,Bilaspur,Takeaway,UPI,P013,Veg Extravaganza,Premium Veg,L,1,479,0,0
11345,2025-07-29,20:54:00,1085,11,Bilaspur,Takeaway,UPI,P019,Paneer Makhani,Veg,L,1,449,0,0
11346,2025-09-28,16:47:00,1389,15,Nagpur,Delivery,Card,P005,Farmhouse,Veg,L,1,449,0,47
11346,2025-09-28,16:47:00,1389,15,Nagpur,Delivery,Card,P010,Pepper Barbecue Chicken,Chicken,M,1,319,15.95,58
11346,2025-09-28,16:47:00,1389,15,Nagpur,Delivery,Card,P006,Peppy Paneer,Veg,M,1,299,0,41
11346,2025-09-28,16:47:00,1389,15,Nagpur,Delivery,Card,P014,Mexican Green Wave,Veg,M,1,299,14.95,50
11347,2025-03-31,17:07:00,1344,9,Durg,Takeaway,Card,P018,Paneer Makhani,Veg,M,1,299,14.95,0
11347,2025-03-31,17:07:00,1344,9,Durg,Takeaway,Card,P006,Peppy Paneer,Veg,M,1,299,0,0
11347,2025-03-31,17:07:00,1344,9,Durg,Takeaway,Card,P014,Mexican Green Wave,Veg,M,1,299,0,0
11348,2025-12-13,22:16:00,1157,11,Bilaspur,Delivery,Wallet,P014,Mexican Green Wave,Veg,M,1,299,0,25
11348,2025-12-13,22:16:00,1157,11,Bilaspur,Delivery,Wallet,P018,Paneer Makhani,Veg,M,1,299,0,30
11348,2025-12-13,22:16:00,1157,11,Bilaspur,Delivery,Wallet,P017,Cheese Burst,Specialty,L,1,474,0,63
11349,2025-08-18,16:34:00,1315,13,Nagpur,Takeaway,Wallet,P007,Peppy Paneer,Veg,L,1,449,44.9,0
11350,2025-04-16,16:18:00,1331,11,Bilaspur,Takeaway,Card,P003,Margherita,Classic,L,2,449,0,0
11350,2025-04-16,16:18:00,1331,11,Bilaspur,Takeaway,Card,P016,Cheese Burst,Specialty,M,1,324,0,0
11350,2025-04-16,16:18:00,1331,11,Bilaspur,Takeaway,Card,P009,Chicken Dominator,Chicken,L,1,469,46.9,0
11351,2025-07-01,20:41:00,1278,1,Raipur,Takeaway,UPI,P020,Garlic Bread,Sides,M,1,149,0,0
11351,2025-07-01,20:41:00,1278,1,Raipur,Takeaway,UPI,P016,Cheese Burst,Specialty,M,1,324,0,0
11351,2025-07-01,20:41:00,1278,1,Raipur,Takeaway,UPI,P004,Farmhouse,Veg,M,1,299,29.9,0
11351,2025-07-01,20:41:00,1278,1,Raipur,Takeaway,UPI,P013,Veg Extravaganza,Premium Veg,L,1,479,0,0
11352,2025-06-16,20:32:00,1425,3,Raipur,Delivery,Card,P017,Cheese Burst,Specialty,L,1,474,0,50
11352,2025-06-16,20:32:00,1425,3,Raipur,Delivery,Card,P018,Paneer Makhani,Veg,M,1,299,0,63
11352,2025-06-16,20:32:00,1425,3,Raipur,Delivery,Card,P001,Margherita,Classic,S,1,179,17.9,46
11353,2025-08-31,18:32:00,1035,14,Nagpur,Delivery,Card,P004,Farmhouse,Veg,M,1,299,14.95,34
11353,2025-08-31,18:32:00,1035,14,Nagpur,Delivery,Card,P019,Paneer Makhani,Veg,L,1,449,44.9,21
11353,2025-08-31,18:32:00,1035,14,Nagpur,Delivery,Card,P020,Garlic Bread,Sides,M,1,149,0,52
11354,2025-07-05,19:30:00,1309,10,Bilaspur,Delivery,UPI,P011,Pepper Barbecue Chicken,Chicken,L,1,469,23.45,33
11355,2025-11-26,19:09:00,1275,8,Durg,Dine-in,Cash,P015,Mexican Green Wave,Veg,L,1,449,0,0
11355,2025-11-26,19:09:00,1275,8,Durg,Dine-in,Cash,P009,Chicken Dominator,Chicken,L,1,469,0,0
11355,2025-11-26,19:09:00,1275,8,Durg,Dine-in,Cash,P007,Peppy Paneer,Veg,L,1,449,22.45,0
11355,2025-11-26,19:09:00,1275,8,Durg,Dine-in,Cash,P010,Pepper Barbecue Chicken,Chicken,M,1,319,15.95,0
11356,2025-09-04,19:08:00,1429,8,Durg,Delivery,Wallet,P004,Farmhouse,Veg,M,2,299,0,64
11357,2025-11-03,18:24:00,1364,5,Bhilai,Delivery,Card,P016,Cheese Burst,Specialty,M,1,324,32.4,28
11357,2025-11-03,18:24:00,1364,5,Bhilai,Delivery,Card,P011,Pepper Barbecue Chicken,Chicken,L,1,469,0,33
11358,2025-10-18,20:09:00,1058,11,Bilaspur,Takeaway,Wallet,P006,Peppy Paneer,Veg,M,1,299,0,0
11359,2025-10-18,16:11:00,1265,14,Nagpur,Delivery,UPI,P003,Margherita,Classic,L,1,449,0,18
11359,2025-10-18,16:11:00,1265,14,Nagpur,Delivery,UPI,P002,Margherita,Classic,M,1,299,0,32
11360,2025-03-31,21:01:00,1033,12,Bilaspur,Delivery,Wallet,P006,Peppy Paneer,Veg,M,1,299,29.9,63
11360,2025-03-31,21:01:00,1033,12,Bilaspur,Delivery,Wallet,P001,Margherita,Classic,S,2,179,35.8,25
11360,2025-03-31,21:01:00,1033,12,Bilaspur,Delivery,Wallet,P017,Cheese Burst,Specialty,L,1,474,0,53
11361,2025-02-12,20:12:00,1191,7,Durg,Takeaway,Cash,P019,Paneer Makhani,Veg,L,1,449,0,0
11362,2025-10-11,16:20:00,1333,4,Bhilai,Delivery,UPI,P015,Mexican Green Wave,Veg,L,1,449,22.45,44
11363,2025-10-09,19:12:00,1162,5,Bhilai,Delivery,Cash,P001,Margherita,Classic,S,1,179,0,64
11364,2025-01-09,18:48:00,1207,15,Nagpur,Delivery,Cash,P020,Garlic Bread,Sides,M,2,149,29.8,22
11364,2025-01-09,18:48:00,1207,15,Nagpur,Delivery,Cash,P010,Pepper Barbecue Chicken,Chicken,M,1,319,15.95,19
11365,2025-12-19,12:27:00,1343,7,Durg,Delivery,UPI,P001,Margherita,Classic,S,1,179,17.9,41
11366,2025-06-03,21:45:00,1047,12,Bilaspur,Takeaway,Card,P001,Margherita,Classic,S,1,179,17.9,0
11366,2025-06-03,21:45:00,1047,12,Bilaspur,Takeaway,Card,P007,Peppy Paneer,Veg,L,1,449,22.45,0
11366,2025-06-03,21:45:00,1047,12,Bilaspur,Takeaway,Card,P005,Farmhouse,Veg,L,1,449,44.9,0
11367,2025-01-22,18:00:00,1189,13,Nagpur,Delivery,Card,P007,Peppy Paneer,Veg,L,1,449,44.9,28
11367,2025-01-22,18:00:00,1189,13,Nagpur,Delivery,Card,P003,Margherita,Classic,L,1,449,44.9,56
11367,2025-01-22,18:00:00,1189,13,Nagpur,Delivery,Card,P009,Chicken Dominator,Chicken,L,1,469,46.9,18
11367,2025-01-22,18:00:00,1189,13,Nagpur,Delivery,Card,P006,Peppy Paneer,Veg,M,1,299,0,52
11368,2025-08-10,18:33:00,1326,10,Bilaspur,Delivery,Wallet,P006,Peppy Paneer,Veg,M,1,299,14.95,55
11369,2025-08-08,15:29:00,1433,2,Raipur,Delivery,Wallet,P012,Veg Extravaganza,Premium Veg,M,1,329,0,26
11370,2025-01-12,22:08:00,1221,15,Nagpur,Takeaway,Cash,P017,Cheese Burst,Specialty,L,1,474,0,0
11370,2025-01-12,22:08:00,1221,15,Nagpur,Takeaway,Cash,P011,Pepper Barbecue Chicken,Chicken,L,1,469,46.9,0
11370,2025-01-12,22:08:00,1221,15,Nagpur,Takeaway,Cash,P010,Pepper Barbecue Chicken,Chicken,M,1,319,0,0
11370,2025-01-12,22:08:00,1221,15,Nagpur,Takeaway,Cash,P016,Cheese Burst,Specialty,M,1,324,16.2,0
11371,2025-02-10,18:00:00,1390,15,Nagpur,Delivery,Card,P015,Mexican Green Wave,Veg,L,1,449,22.45,39
11372,2025-09-19,17:07:00,1236,8,Durg,Delivery,UPI,P008,Chicken Dominator,Chicken,M,1,319,0,22
11372,2025-09-19,17:07:00,1236,8,Durg,Delivery,UPI,P006,Peppy Paneer,Veg,M,1,299,0,52
11373,2025-12-11,20:41:00,1283,3,Raipur,Delivery,Wallet,P007,Peppy Paneer,Veg,L,1,449,0,56
11373,2025-12-11,20:41:00,1283,3,Raipur,Delivery,Wallet,P003,Margherita,Classic,L,1,449,44.9,39
11374,2025-09-20,19:28:00,1028,13,Nagpur,Takeaway,Cash,P004,Farmhouse,Veg,M,1,299,14.95,0
11374,2025-09-20,19:28:00,1028,13,Nagpur,Takeaway,Cash,P002,Margherita,Classic,M,1,299,14.95,0
11374,2025-09-20,19:28:00,1028,13,Nagpur,Takeaway,Cash,P016,Cheese Burst,Specialty,M,1,324,16.2,0
11375,2025-09-06,21:02:00,1164,7,Durg,Takeaway,Card,P017,Cheese Burst,Specialty,L,1,474,0,0
11376,2025-03-06,21:23:00,1255,14,Nagpur,Delivery,UPI,P001,Margherita,Classic,S,1,179,17.9,32
11377,2025-12-27,21:26:00,1141,1,Raipur,Delivery,Card,P004,Farmhouse,Veg,M,1,299,0,50
11377,2025-12-27,21:26:00,1141,1,Raipur,Delivery,Card,P017,Cheese Burst,Specialty,L,1,474,0,53
11378,2025-11-09,17:46:00,1404,5,Bhilai,Delivery,UPI,P008,Chicken Dominator,Chicken,M,1,319,15.95,63
11378,2025-11-09,17:46:00,1404,5,Bhilai,Delivery,UPI,P020,Garlic Bread,Sides,M,1,149,14.9,33
11378,2025-11-09,17:46:00,1404,5,Bhilai,Delivery,UPI,P016,Cheese Burst,Specialty,M,1,324,0,26
11378,2025-11-09,17:46:00,1404,5,Bhilai,Delivery,UPI,P003,Margherita,Classic,L,1,449,44.9,22
11379,2025-07-19,22:34:00,1407,13,Nagpur,Delivery,Wallet,P001,Margherita,Classic,S,1,179,8.95,53
11380,2025-11-25,19:03:00,1047,2,Raipur,Delivery,UPI,P017,Cheese Burst,Specialty,L,1,474,0,60
11380,2025-11-25,19:03:00,1047,2,Raipur,Delivery,UPI,P018,Paneer Makhani,Veg,M,1,299,0,38
11381,2025-04-06,18:47:00,1023,12,Bilaspur,Delivery,Wallet,P016,Cheese Burst,Specialty,M,1,324,0,30
11382,2025-01-23,12:04:00,1415,7,Durg,Delivery,UPI,P020,Garlic Bread,Sides,M,1,149,7.45,62
11383,2025-12-01,14:32:00,1294,13,Nagpur,Delivery,Cash,P004,Farmhouse,Veg,M,1,299,29.9,44
11383,2025-12-01,14:32:00,1294,13,Nagpur,Delivery,Cash,P011,Pepper Barbecue Chicken,Chicken,L,1,469,0,44
11383,2025-12-01,14:32:00,1294,13,Nagpur,Delivery,Cash,P015,Mexican Green Wave,Veg,L,1,449,22.45,26
11384,2025-11-01,16:30:00,1393,2,Raipur,Delivery,UPI,P020,Garlic Bread,Sides,M,1,149,7.45,52
11384,2025-11-01,16:30:00,1393,2,Raipur,Delivery,UPI,P003,Margherita,Classic,L,1,449,0,31
11385,2025-02-06,12:21:00,1024,3,Raipur,Delivery,Wallet,P012,Veg Extravaganza,Premium Veg,M,1,329,16.45,31
11385,2025-02-06,12:21:00,1024,3,Raipur,Delivery,Wallet,P001,Margherita,Classic,S,1,179,8.95,46
11386,2025-05-12,18:56:00,1422,4,Bhilai,Delivery,Card,P009,Chicken Dominator,Chicken,L,2,469,0,65
11386,2025-05-12,18:56:00,1422,4,Bhilai,Delivery,Card,P006,Peppy Paneer,Veg,M,1,299,29.9,46
11386,2025-05-12,18:56:00,1422,4,Bhilai,Delivery,Card,P004,Farmhouse,Veg,M,1,299,0,55
11387,2025-10-08,16:45:00,1129,15,Nagpur,Delivery,Card,P020,Garlic Bread,Sides,M,1,149,7.45,43
11387,2025-10-08,16:45:00,1129,15,Nagpur,Delivery,Card,P005,Farmhouse,Veg,L,1,449,0,52
11387,2025-10-08,16:45:00,1129,15,Nagpur,Delivery,Card,P004,Farmhouse,Veg,M,1,299,0,39
11388,2025-06-21,13:52:00,1228,15,Nagpur,Delivery,UPI,P006,Peppy Paneer,Veg,M,2,299,59.8,28
11388,2025-06-21,13:52:00,1228,15,Nagpur,Delivery,UPI,P011,Pepper Barbecue Chicken,Chicken,L,1,469,0,54
11388,2025-06-21,13:52:00,1228,15,Nagpur,Delivery,UPI,P005,Farmhouse,Veg,L,1,449,0,64
11389,2025-01-05,19:34:00,1171,15,Nagpur,Takeaway,UPI,P008,Chicken Dominator,Chicken,M,1,319,15.95,0
11390,2025-01-15,19:38:00,1053,15,Nagpur,Delivery,UPI,P007,Peppy Paneer,Veg,L,1,449,44.9,24
11391,2025-11-04,22:01:00,1073,6,Bhilai,Takeaway,Wallet,P001,Margherita,Classic,S,2,179,17.9,0
11391,2025-11-04,22:01:00,1073,6,Bhilai,Takeaway,Wallet,P013,Veg Extravaganza,Premium Veg,L,1,479,0,0
11391,2025-11-04,22:01:00,1073,6,Bhilai,Takeaway,Wallet,P003,Margherita,Classic,L,1,449,22.45,0
11392,2025-05-18,19:05:00,1350,3,Raipur,Dine-in,UPI,P003,Margherita,Classic,L,1,449,22.45,0
11392,2025-05-18,19:05:00,1350,3,Raipur,Dine-in,UPI,P018,Paneer Makhani,Veg,M,1,299,0,0
11393,2025-01-06,15:26:00,1389,13,Nagpur,Takeaway,UPI,P005,Farmhouse,Veg,L,1,449,22.45,0
11394,2025-04-20,21:59:00,1094,15,Nagpur,Takeaway,Cash,P011,Pepper Barbecue Chicken,Chicken,L,1,469,46.9,0
11394,2025-04-20,21:59:00,1094,15,Nagpur,Takeaway,Cash,P010,Pepper Barbecue Chicken,Chicken,M,1,319,0,0
11394,2025-04-20,21:59:00,1094,15,Nagpur,Takeaway,Cash,P001,Margherita,Classic,S,1,179,17.9,0
11394,2025-04-20,21:59:00,1094,15,Nagpur,Takeaway,Cash,P004,Farmhouse,Veg,M,1,299,0,0
11395,2025-03-08,18:35:00,1026,15,Nagpur,Delivery,Cash,P019,Paneer Makhani,Veg,L,1,449,0,21
11396,2025-01-05,22:18:00,1347,10,Bilaspur,Delivery,Cash,P003,Margherita,Classic,L,1,449,0,18
11397,2025-05-23,17:02:00,1450,4,Bhilai,Delivery,Cash,P001,Margherita,Classic,S,1,179,8.95,58
11398,2025-11-11,21:14:00,1335,6,Bhilai,Takeaway,Card,P005,Farmhouse,Veg,L,1,449,22.45,0
11398,2025-11-11,21:14:00,1335,6,Bhilai,Takeaway,Card,P014,Mexican Green Wave,Veg,M,1,299,0,0
11398,2025-11-11,21:14:00,1335,6,Bhilai,Takeaway,Card,P019,Paneer Makhani,Veg,L,1,449,0,0
11399,2025-07-05,17:02:00,1031,7,Durg,Dine-in,UPI,P006,Peppy Paneer,Veg,M,1,299,29.9,0
11400,2025-10-08,13:34:00,1199,12,Bilaspur,Delivery,Cash,P015,Mexican Green Wave,Veg,L,1,449,0,48
11401,2025-09-14,16:43:00,1065,12,Bilaspur,Takeaway,Card,P009,Chicken Dominator,Chicken,L,1,469,23.45,0
11401,2025-09-14,16:43:00,1065,12,Bilaspur,Takeaway,Card,P005,Farmhouse,Veg,L,1,449,0,0
11402,2025-01-11,10:31:00,1235,7,Durg,Takeaway,Card,P005,Farmhouse,Veg,L,1,449,0,0
11402,2025-01-11,10:31:00,1235,7,Durg,Takeaway,Card,P003,Margherita,Classic,L,1,449,0,0
11402,2025-01-11,10:31:00,1235,7,Durg,Takeaway,Card,P011,Pepper Barbecue Chicken,Chicken,L,1,469,46.9,0
11403,2025-04-19,22:20:00,1131,3,Raipur,Takeaway,Card,P002,Margherita,Classic,M,1,299,0,0
11403,2025-04-19,22:20:00,1131,3,Raipur,Takeaway,Card,P009,Chicken Dominator,Chicken,L,1,469,0,0
11403,2025-04-19,22:20:00,1131,3,Raipur,Takeaway,Card,P003,Margherita,Classic,L,1,449,0,0
11404,2025-04-23,20:19:00,1170,14,Nagpur,Delivery,UPI,P009,Chicken Dominator,Chicken,L,1,469,46.9,61
11405,2025-01-24,17:00:00,1327,13,Nagpur,Dine-in,Wallet,P004,Farmhouse,Veg,M,1,299,0,0
11405,2025-01-24,17:00:00,1327,13,Nagpur,Dine-in,Wallet,P003,Margherita,Classic,L,1,449,44.9,0
11405,2025-01-24,17:00:00,1327,13,Nagpur,Dine-in,Wallet,P018,Paneer Makhani,Veg,M,1,299,29.9,0
11406,2025-08-16,16:08:00,1316,15,Nagpur,Delivery,Cash,P005,Farmhouse,Veg,L,1,449,44.9,38
11406,2025-08-16,16:08:00,1316,15,Nagpur,Delivery,Cash,P018,Paneer Makhani,Veg,M,1,299,0,23
11406,2025-08-16,16:08:00,1316,15,Nagpur,Delivery,Cash,P009,Chicken Dominator,Chicken,L,1,469,0,55
11406,2025-08-16,16:08:00,1316,15,Nagpur,Delivery,Cash,P015,Mexican Green Wave,Veg,L,1,449,44.9,37
11407,2025-03-27,17:14:00,1432,4,Bhilai,Delivery,Card,P018,Paneer Makhani,Veg,M,1,299,0,47
11408,2025-07-09,17:11:00,1040,5,Bhilai,Delivery,Wallet,P012,Veg Extravaganza,Premium Veg,M,1,329,0,18
11409,2025-08-16,14:51:00,1177,14,Nagpur,Delivery,UPI,P003,Margherita,Classic,L,1,449,0,24
11409,2025-08-16,14:51:00,1177,14,Nagpur,Delivery,UPI,P013,Veg Extravaganza,Premium Veg,L,1,479,0,22
11410,2025-06-30,21:33:00,1403,2,Raipur,Delivery,Wallet,P012,Veg Extravaganza,Premium Veg,M,1,329,0,45
11411,2025-02-24,20:32:00,1224,4,Bhilai,Delivery,Cash,P013,Veg Extravaganza,Premium Veg,L,1,479,23.95,54
11412,2025-08-26,19:30:00,1086,12,Bilaspur,Takeaway,Wallet,P013,Veg Extravaganza,Premium Veg,L,1,479,23.95,0
11413,2025-05-02,18:48:00,1414,12,Bilaspur,Delivery,Card,P009,Chicken Dominator,Chicken,L,1,469,46.9,56
11414,2025-03-21,18:37:00,1246,15,Nagpur,Delivery,Cash,P020,Garlic Bread,Sides,M,1,149,0,50
11414,2025-03-21,18:37:00,1246,15,Nagpur,Delivery,Cash,P005,Farmhouse,Veg,L,1,449,0,28
11414,2025-03-21,18:37:00,1246,15,Nagpur,Delivery,Cash,P001,Margherita,Classic,S,1,179,17.9,28
11415,2025-01-01,13:35:00,1110,10,Bilaspur,Delivery,Card,P002,Margherita,Classic,M,1,299,0,34
11415,2025-01-01,13:35:00,1110,10,Bilaspur,Delivery,Card,P020,Garlic Bread,Sides,M,1,149,0,35
11416,2025-05-23,18:17:00,1336,4,Bhilai,Takeaway,UPI,P007,Peppy Paneer,Veg,L,1,449,22.45,0
11417,2025-10-23,19:12:00,1359,1,Raipur,Takeaway,UPI,P001,Margherita,Classic,S,1,179,0,0
11417,2025-10-23,19:12:00,1359,1,Raipur,Takeaway,UPI,P003,Margherita,Classic,L,1,449,22.45,0
11418,2025-12-23,15:54:00,1068,3,Raipur,Takeaway,Wallet,P017,Cheese Burst,Specialty,L,1,474,0,0
11418,2025-12-23,15:54:00,1068,3,Raipur,Takeaway,Wallet,P002,Margherita,Classic,M,1,299,14.95,0
11418,2025-12-23,15:54:00,1068,3,Raipur,Takeaway,Wallet,P018,Paneer Makhani,Veg,M,1,299,0,0
11419,2025-01-22,21:48:00,1067,9,Durg,Delivery,Cash,P006,Peppy Paneer,Veg,M,1,299,29.9,30
11420,2025-01-02,19:52:00,1030,6,Bhilai,Takeaway,Card,P007,Peppy Paneer,Veg,L,1,449,0,0
11420,2025-01-02,19:52:00,1030,6,Bhilai,Takeaway,Card,P006,Peppy Paneer,Veg,M,1,299,0,0
11420,2025-01-02,19:52:00,1030,6,Bhilai,Takeaway,Card,P018,Paneer Makhani,Veg,M,1,299,0,0
11420,2025-01-02,19:52:00,1030,6,Bhilai,Takeaway,Card,P002,Margherita,Classic,M,1,299,0,0
11421,2025-11-30,15:38:00,1046,7,Durg,Takeaway,UPI,P005,Farmhouse,Veg,L,1,449,0,0
11421,2025-11-30,15:38:00,1046,7,Durg,Takeaway,UPI,P017,Cheese Burst,Specialty,L,1,474,0,0
11421,2025-11-30,15:38:00,1046,7,Durg,Takeaway,UPI,P001,Margherita,Classic,S,1,179,0,0
11421,2025-11-30,15:38:00,1046,7,Durg,Takeaway,UPI,P020,Garlic Bread,Sides,M,1,149,7.45,0
11422,2025-05-07,21:47:00,1278,14,Nagpur,Delivery,Wallet,P003,Margherita,Classic,L,2,449,0,44
11422,2025-05-07,21:47:00,1278,14,Nagpur,Delivery,Wallet,P009,Chicken Dominator,Chicken,L,1,469,46.9,18
11422,2025-05-07,21:47:00,1278,14,Nagpur,Delivery,Wallet,P015,Mexican Green Wave,Veg,L,1,449,0,41
11423,2025-07-27,18:23:00,1431,7,Durg,Takeaway,Wallet,P020,Garlic Bread,Sides,M,1,149,14.9,0
11423,2025-07-27,18:23:00,1431,7,Durg,Takeaway,Wallet,P018,Paneer Makhani,Veg,M,1,299,0,0
11423,2025-07-27,18:23:00,1431,7,Durg,Takeaway,Wallet,P001,Margherita,Classic,S,1,179,0,0
11423,2025-07-27,18:23:00,1431,7,Durg,Takeaway,Wallet,P004,Farmhouse,Veg,M,1,299,29.9,0
11424,2025-07-05,17:19:00,1298,5,Bhilai,Takeaway,Cash,P011,Pepper Barbecue Chicken,Chicken,L,1,469,0,0
11424,2025-07-05,17:19:00,1298,5,Bhilai,Takeaway,Cash,P007,Peppy Paneer,Veg,L,2,449,44.9,0
11425,2025-11-06,20:45:00,1116,10,Bilaspur,Delivery,UPI,P011,Pepper Barbecue Chicken,Chicken,L,1,469,0,28
11425,2025-11-06,20:45:00,1116,10,Bilaspur,Delivery,UPI,P006,Peppy Paneer,Veg,M,1,299,29.9,26
11425,2025-11-06,20:45:00,1116,10,Bilaspur,Delivery,UPI,P007,Peppy Paneer,Veg,L,1,449,44.9,25
11426,2025-02-15,16:09:00,1131,4,Bhilai,Takeaway,Card,P019,Paneer Makhani,Veg,L,1,449,0,0
11426,2025-02-15,16:09:00,1131,4,Bhilai,Takeaway,Card,P009,Chicken Dominator,Chicken,L,1,469,0,0
11426,2025-02-15,16:09:00,1131,4,Bhilai,Takeaway,Card,P005,Farmhouse,Veg,L,1,449,0,0
11427,2025-10-01,20:38:00,1352,10,Bilaspur,Delivery,Wallet,P011,Pepper Barbecue Chicken,Chicken,L,1,469,0,60
11427,2025-10-01,20:38:00,1352,10,Bilaspur,Delivery,Wallet,P013,Veg Extravaganza,Premium Veg,L,1,479,47.9,34
11428,2025-04-23,15:21:00,1413,4,Bhilai,Takeaway,Cash,P020,Garlic Bread,Sides,M,1,149,0,0
11428,2025-04-23,15:21:00,1413,4,Bhilai,Takeaway,Cash,P003,Margherita,Classic,L,1,449,0,0
11428,2025-04-23,15:21:00,1413,4,Bhilai,Takeaway,Cash,P006,Peppy Paneer,Veg,M,1,299,0,0
11428,2025-04-23,15:21:00,1413,4,Bhilai,Takeaway,Cash,P001,Margherita,Classic,S,1,179,8.95,0
11429,2025-04-14,22:02:00,1415,12,Bilaspur,Delivery,UPI,P017,Cheese Burst,Specialty,L,1,474,23.7,64
11429,2025-04-14,22:02:00,1415,12,Bilaspur,Delivery,UPI,P009,Chicken Dominator,Chicken,L,1,469,23.45,41
11429,2025-04-14,22:02:00,1415,12,Bilaspur,Delivery,UPI,P006,Peppy Paneer,Veg,M,1,299,29.9,64
11430,2025-07-19,21:36:00,1346,5,Bhilai,Delivery,Wallet,P010,Pepper Barbecue Chicken,Chicken,M,1,319,15.95,30
11430,2025-07-19,21:36:00,1346,5,Bhilai,Delivery,Wallet,P018,Paneer Makhani,Veg,M,1,299,14.95,33
11430,2025-07-19,21:36:00,1346,5,Bhilai,Delivery,Wallet,P015,Mexican Green Wave,Veg,L,1,449,44.9,41
11430,2025-07-19,21:36:00,1346,5,Bhilai,Delivery,Wallet,P004,Farmhouse,Veg,M,1,299,29.9,35
11431,2025-07-21,17:46:00,1305,13,Nagpur,Delivery,UPI,P003,Margherita,Classic,L,1,449,22.45,19
11431,2025-07-21,17:46:00,1305,13,Nagpur,Delivery,UPI,P004,Farmhouse,Veg,M,1,299,0,54
11431,2025-07-21,17:46:00,1305,13,Nagpur,Delivery,UPI,P002,Margherita,Classic,M,1,299,14.95,57
11431,2025-07-21,17:46:00,1305,13,Nagpur,Delivery,UPI,P005,Farmhouse,Veg,L,1,449,22.45,50
11432,2025-02-14,20:11:00,1390,7,Durg,Delivery,Cash,P010,Pepper Barbecue Chicken,Chicken,M,1,319,0,25
11432,2025-02-14,20:11:00,1390,7,Durg,Delivery,Cash,P006,Peppy Paneer,Veg,M,1,299,0,18
11432,2025-02-14,20:11:00,1390,7,Durg,Delivery,Cash,P017,Cheese Burst,Specialty,L,1,474,47.4,35
11433,2025-03-11,16:49:00,1368,10,Bilaspur,Dine-in,Cash,P006,Peppy Paneer,Veg,M,1,299,14.95,0
11433,2025-03-11,16:49:00,1368,10,Bilaspur,Dine-in,Cash,P019,Paneer Makhani,Veg,L,1,449,0,0
11434,2025-12-08,22:41:00,1279,10,Bilaspur,Delivery,Card,P016,Cheese Burst,Specialty,M,1,324,0,46
11434,2025-12-08,22:41:00,1279,10,Bilaspur,Delivery,Card,P005,Farmhouse,Veg,L,3,449,134.7,32
11435,2025-12-03,20:14:00,1054,15,Nagpur,Takeaway,UPI,P009,Chicken Dominator,Chicken,L,1,469,0,0
11436,2025-09-11,22:52:00,1183,15,Nagpur,Delivery,UPI,P006,Peppy Paneer,Veg,M,1,299,29.9,23
11437,2025-10-13,16:10:00,1108,6,Bhilai,Takeaway,Cash,P007,Peppy Paneer,Veg,L,1,449,44.9,0
11437,2025-10-13,16:10:00,1108,6,Bhilai,Takeaway,Cash,P019,Paneer Makhani,Veg,L,1,449,22.45,0
11438,2025-05-17,21:41:00,1348,8,Durg,Delivery,Wallet,P011,Pepper Barbecue Chicken,Chicken,L,1,469,0,62
11438,2025-05-17,21:41:00,1348,8,Durg,Delivery,Wallet,P003,Margherita,Classic,L,1,449,44.9,39
11439,2025-03-17,16:28:00,1237,8,Durg,Delivery,Wallet,P012,Veg Extravaganza,Premium Veg,M,1,329,16.45,21
11439,2025-03-17,16:28:00,1237,8,Durg,Delivery,Wallet,P006,Peppy Paneer,Veg,M,1,299,0,58
11439,2025-03-17,16:28:00,1237,8,Durg,Delivery,Wallet,P003,Margherita,Classic,L,1,449,22.45,27
11439,2025-03-17,16:28:00,1237,8,Durg,Delivery,Wallet,P001,Margherita,Classic,S,1,179,17.9,52
11440,2025-02-02,12:59:00,1189,6,Bhilai,Delivery,UPI,P001,Margherita,Classic,S,1,179,0,48
11441,2025-12-16,15:08:00,1034,5,Bhilai,Delivery,Wallet,P002,Margherita,Classic,M,1,299,14.95,32
11441,2025-12-16,15:08:00,1034,5,Bhilai,Delivery,Wallet,P001,Margherita,Classic,S,1,179,0,31
11442,2025-07-23,18:40:00,1356,2,Raipur,Delivery,Card,P003,Margherita,Classic,L,1,449,0,42
11443,2025-11-15,17:45:00,1079,9,Durg,Takeaway,Card,P010,Pepper Barbecue Chicken,Chicken,M,1,319,0,0
11444,2025-10-22,20:54:00,1249,13,Nagpur,Delivery,Card,P020,Garlic Bread,Sides,M,1,149,0,33
11444,2025-10-22,20:54:00,1249,13,Nagpur,Delivery,Card,P005,Farmhouse,Veg,L,1,449,0,28
11444,2025-10-22,20:54:00,1249,13,Nagpur,Delivery,Card,P018,Paneer Makhani,Veg,M,1,299,0,58
11445,2025-12-21,20:28:00,1117,12,Bilaspur,Delivery,Card,P005,Farmhouse,Veg,L,1,449,44.9,62
11446,2025-12-22,20:50:00,1426,4,Bhilai,Takeaway,Card,P004,Farmhouse,Veg,M,1,299,14.95,0
11446,2025-12-22,20:50:00,1426,4,Bhilai,Takeaway,Card,P007,Peppy Paneer,Veg,L,1,449,0,0
11447,2025-08-29,17:58:00,1026,9,Durg,Dine-in,UPI,P006,Peppy Paneer,Veg,M,1,299,0,0
11447,2025-08-29,17:58:00,1026,9,Durg,Dine-in,UPI,P008,Chicken Dominator,Chicken,M,1,319,0,0
11448,2025-04-13,17:06:00,1008,8,Durg,Delivery,Wallet,P006,Peppy Paneer,Veg,M,1,299,0,53
11449,2025-12-14,18:11:00,1362,2,Raipur,Dine-in,Wallet,P019,Paneer Makhani,Veg,L,1,449,44.9,0
11449,2025-12-14,18:11:00,1362,2,Raipur,Dine-in,Wallet,P014,Mexican Green Wave,Veg,M,1,299,29.9,0
11449,2025-12-14,18:11:00,1362,2,Raipur,Dine-in,Wallet,P009,Chicken Dominator,Chicken,L,1,469,0,0
11449,2025-12-14,18:11:00,1362,2,Raipur,Dine-in,Wallet,P004,Farmhouse,Veg,M,1,299,14.95,0
11450,2025-08-15,20:08:00,1075,4,Bhilai,Dine-in,Card,P002,Margherita,Classic,M,1,299,0,0
11450,2025-08-15,20:08:00,1075,4,Bhilai,Dine-in,Card,P003,Margherita,Classic,L,1,449,0,0
11451,2025-11-08,16:09:00,1178,9,Durg,Dine-in,Card,P003,Margherita,Classic,L,1,449,44.9,0
11451,2025-11-08,16:09:00,1178,9,Durg,Dine-in,Card,P020,Garlic Bread,Sides,M,1,149,0,0
11452,2025-07-13,15:56:00,1317,6,Bhilai,Delivery,UPI,P004,Farmhouse,Veg,M,1,299,0,22
11452,2025-07-13,15:56:00,1317,6,Bhilai,Delivery,UPI,P018,Paneer Makhani,Veg,M,1,299,0,52
11452,2025-07-13,15:56:00,1317,6,Bhilai,Delivery,UPI,P015,Mexican Green Wave,Veg,L,1,449,0,35
11452,2025-07-13,15:56:00,1317,6,Bhilai,Delivery,UPI,P008,Chicken Dominator,Chicken,M,1,319,31.9,61
11453,2025-09-09,16:52:00,1121,1,Raipur,Delivery,Cash,P017,Cheese Burst,Specialty,L,1,474,0,59
11453,2025-09-09,16:52:00,1121,1,Raipur,Delivery,Cash,P020,Garlic Bread,Sides,M,1,149,7.45,27
11454,2025-01-07,21:04:00,1113,13,Nagpur,Delivery,Wallet,P008,Chicken Dominator,Chicken,M,1,319,15.95,60
11455,2025-07-24,16:53:00,1369,8,Durg,Takeaway,Wallet,P005,Farmhouse,Veg,L,1,449,22.45,0
11456,2025-09-01,12:20:00,1129,10,Bilaspur,Delivery,Card,P006,Peppy Paneer,Veg,M,1,299,29.9,64
11457,2025-05-18,13:36:00,1393,15,Nagpur,Takeaway,Cash,P004,Farmhouse,Veg,M,1,299,29.9,0
11457,2025-05-18,13:36:00,1393,15,Nagpur,Takeaway,Cash,P009,Chicken Dominator,Chicken,L,1,469,0,0
11457,2025-05-18,13:36:00,1393,15,Nagpur,Takeaway,Cash,P012,Veg Extravaganza,Premium Veg,M,1,329,16.45,0
11457,2025-05-18,13:36:00,1393,15,Nagpur,Takeaway,Cash,P010,Pepper Barbecue Chicken,Chicken,M,1,319,31.9,0
11458,2025-10-08,18:51:00,1095,1,Raipur,Delivery,UPI,P001,Margherita,Classic,S,1,179,0,60
11458,2025-10-08,18:51:00,1095,1,Raipur,Delivery,UPI,P003,Margherita,Classic,L,1,449,0,22
11459,2025-11-15,21:31:00,1050,3,Raipur,Takeaway,UPI,P005,Farmhouse,Veg,L,1,449,0,0
11459,2025-11-15,21:31:00,1050,3,Raipur,Takeaway,UPI,P019,Paneer Makhani,Veg,L,1,449,44.9,0
11460,2025-11-14,17:34:00,1291,11,Bilaspur,Delivery,UPI,P003,Margherita,Classic,L,2,449,0,56
11460,2025-11-14,17:34:00,1291,11,Bilaspur,Delivery,UPI,P008,Chicken Dominator,Chicken,M,2,319,0,26
11461,2025-08-13,19:43:00,1392,1,Raipur,Delivery,Cash,P011,Pepper Barbecue Chicken,Chicken,L,2,469,0,58
11461,2025-08-13,19:43:00,1392,1,Raipur,Delivery,Cash,P007,Peppy Paneer,Veg,L,1,449,22.45,30
11461,2025-08-13,19:43:00,1392,1,Raipur,Delivery,Cash,P004,Farmhouse,Veg,M,1,299,0,56
11462,2025-02-16,19:24:00,1169,5,Bhilai,Delivery,Cash,P004,Farmhouse,Veg,M,1,299,0,25
11462,2025-02-16,19:24:00,1169,5,Bhilai,Delivery,Cash,P002,Margherita,Classic,M,1,299,0,40
11463,2025-01-13,20:31:00,1414,7,Durg,Delivery,Cash,P015,Mexican Green Wave,Veg,L,1,449,0,44
11463,2025-01-13,20:31:00,1414,7,Durg,Delivery,Cash,P004,Farmhouse,Veg,M,1,299,29.9,43
11463,2025-01-13,20:31:00,1414,7,Durg,Delivery,Cash,P001,Margherita,Classic,S,2,179,17.9,37
11464,2025-10-06,19:27:00,1255,7,Durg,Delivery,Wallet,P019,Paneer Makhani,Veg,L,1,449,44.9,40
11464,2025-10-06,19:27:00,1255,7,Durg,Delivery,Wallet,P018,Paneer Makhani,Veg,M,1,299,29.9,62
11464,2025-10-06,19:27:00,1255,7,Durg,Delivery,Wallet,P002,Margherita,Classic,M,1,299,0,34
11464,2025-10-06,19:27:00,1255,7,Durg,Delivery,Wallet,P016,Cheese Burst,Specialty,M,1,324,16.2,20
11465,2025-01-12,17:22:00,1162,12,Bilaspur,Delivery,Card,P010,Pepper Barbecue Chicken,Chicken,M,1,319,31.9,35
11466,2025-10-17,18:11:00,1238,8,Durg,Delivery,Cash,P009,Chicken Dominator,Chicken,L,1,469,23.45,31
11466,2025-10-17,18:11:00,1238,8,Durg,Delivery,Cash,P006,Peppy Paneer,Veg,M,1,299,0,62
11467,2025-07-09,19:46:00,1005,3,Raipur,Delivery,UPI,P009,Chicken Dominator,Chicken,L,1,469,0,45
11467,2025-07-09,19:46:00,1005,3,Raipur,Delivery,UPI,P007,Peppy Paneer,Veg,L,1,449,22.45,33
11468,2025-02-10,21:39:00,1149,15,Nagpur,Delivery,Cash,P005,Farmhouse,Veg,L,1,449,22.45,34
11468,2025-02-10,21:39:00,1149,15,Nagpur,Delivery,Cash,P004,Farmhouse,Veg,M,2,299,29.9,65
11468,2025-02-10,21:39:00,1149,15,Nagpur,Delivery,Cash,P011,Pepper Barbecue Chicken,Chicken,L,1,469,0,37
11469,2025-12-30,16:04:00,1406,15,Nagpur,Delivery,UPI,P009,Chicken Dominator,Chicken,L,1,469,23.45,35
11469,2025-12-30,16:04:00,1406,15,Nagpur,Delivery,UPI,P010,Pepper Barbecue Chicken,Chicken,M,2,319,63.8,36
11469,2025-12-30,16:04:00,1406,15,Nagpur,Delivery,UPI,P004,Farmhouse,Veg,M,1,299,0,54
11470,2025-05-19,21:16:00,1009,9,Durg,Takeaway,Card,P004,Farmhouse,Veg,M,1,299,29.9,0
11470,2025-05-19,21:16:00,1009,9,Durg,Takeaway,Card,P010,Pepper Barbecue Chicken,Chicken,M,1,319,0,0
11471,2025-11-06,20:46:00,1112,10,Bilaspur,Takeaway,Cash,P004,Farmhouse,Veg,M,1,299,0,0
11472,2025-01-05,22:48:00,1293,8,Durg,Delivery,Card,P017,Cheese Burst,Specialty,L,1,474,0,48
11473,2025-06-17,17:54:00,1266,6,Bhilai,Delivery,Wallet,P005,Farmhouse,Veg,L,1,449,0,20
11473,2025-06-17,17:54:00,1266,6,Bhilai,Delivery,Wallet,P015,Mexican Green Wave,Veg,L,1,449,0,18
11473,2025-06-17,17:54:00,1266,6,Bhilai,Delivery,Wallet,P002,Margherita,Classic,M,1,299,0,37
11474,2025-05-23,19:54:00,1156,7,Durg,Dine-in,Card,P009,Chicken Dominator,Chicken,L,1,469,0,0
11474,2025-05-23,19:54:00,1156,7,Durg,Dine-in,Card,P016,Cheese Burst,Specialty,M,1,324,16.2,0
11475,2025-02-24,15:07:00,1105,12,Bilaspur,Takeaway,Cash,P017,Cheese Burst,Specialty,L,1,474,23.7,0
11475,2025-02-24,15:07:00,1105,12,Bilaspur,Takeaway,Cash,P009,Chicken Dominator,Chicken,L,1,469,46.9,0
11475,2025-02-24,15:07:00,1105,12,Bilaspur,Takeaway,Cash,P010,Pepper Barbecue Chicken,Chicken,M,1,319,0,0
11475,2025-02-24,15:07:00,1105,12,Bilaspur,Takeaway,Cash,P003,Margherita,Classic,L,1,449,44.9,0
11476,2025-02-10,21:39:00,1112,2,Raipur,Delivery,Cash,P003,Margherita,Classic,L,1,449,0,23
11476,2025-02-10,21:39:00,1112,2,Raipur,Delivery,Cash,P012,Veg Extravaganza,Premium Veg,M,1,329,0,32
11476,2025-02-10,21:39:00,1112,2,Raipur,Delivery,Cash,P006,Peppy Paneer,Veg,M,1,299,14.95,21
11477,2025-04-15,16:11:00,1098,14,Nagpur,Delivery,Card,P017,Cheese Burst,Specialty,L,1,474,0,37
11478,2025-08-23,16:16:00,1209,4,Bhilai,Takeaway,UPI,P004,Farmhouse,Veg,M,1,299,29.9,0
11478,2025-08-23,16:16:00,1209,4,Bhilai,Takeaway,UPI,P007,Peppy Paneer,Veg,L,1,449,0,0
11478,2025-08-23,16:16:00,1209,4,Bhilai,Takeaway,UPI,P010,Pepper Barbecue Chicken,Chicken,M,1,319,0,0
11479,2025-10-10,20:41:00,1161,12,Bilaspur,Takeaway,Card,P006,Peppy Paneer,Veg,M,1,299,0,0
11479,2025-10-10,20:41:00,1161,12,Bilaspur,Takeaway,Card,P010,Pepper Barbecue Chicken,Chicken,M,1,319,31.9,0
11479,2025-10-10,20:41:00,1161,12,Bilaspur,Takeaway,Card,P001,Margherita,Classic,S,1,179,17.9,0
11480,2025-05-27,13:16:00,1097,1,Raipur,Delivery,Cash,P003,Margherita,Classic,L,1,449,22.45,21
11481,2025-03-25,15:35:00,1313,5,Bhilai,Delivery,Cash,P007,Peppy Paneer,Veg,L,1,449,0,30
11481,2025-03-25,15:35:00,1313,5,Bhilai,Delivery,Cash,P005,Farmhouse,Veg,L,1,449,0,26
11482,2025-09-24,22:39:00,1407,4,Bhilai,Delivery,UPI,P005,Farmhouse,Veg,L,1,449,0,31
11482,2025-09-24,22:39:00,1407,4,Bhilai,Delivery,UPI,P010,Pepper Barbecue Chicken,Chicken,M,1,319,0,18
11483,2025-04-28,11:12:00,1130,7,Durg,Delivery,UPI,P012,Veg Extravaganza,Premium Veg,M,1,329,32.9,47
11484,2025-07-06,22:00:00,1225,14,Nagpur,Delivery,Wallet,P014,Mexican Green Wave,Veg,M,1,299,0,29
11484,2025-07-06,22:00:00,1225,14,Nagpur,Delivery,Wallet,P005,Farmhouse,Veg,L,1,449,22.45,59
11484,2025-07-06,22:00:00,1225,14,Nagpur,Delivery,Wallet,P018,Paneer Makhani,Veg,M,1,299,14.95,31
11485,2025-01-29,13:57:00,1089,15,Nagpur,Delivery,Cash,P003,Margherita,Classic,L,1,449,0,20
11485,2025-01-29,13:57:00,1089,15,Nagpur,Delivery,Cash,P001,Margherita,Classic,S,1,179,0,52
11485,2025-01-29,13:57:00,1089,15,Nagpur,Delivery,Cash,P004,Farmhouse,Veg,M,1,299,14.95,47
11485,2025-01-29,13:57:00,1089,15,Nagpur,Delivery,Cash,P019,Paneer Makhani,Veg,L,1,449,0,55
11486,2025-01-09,14:45:00,1084,3,Raipur,Takeaway,Card,P001,Margherita,Classic,S,1,179,17.9,0
11486,2025-01-09,14:45:00,1084,3,Raipur,Takeaway,Card,P006,Peppy Paneer,Veg,M,1,299,14.95,0
11486,2025-01-09,14:45:00,1084,3,Raipur,Takeaway,Card,P007,Peppy Paneer,Veg,L,1,449,44.9,0
11487,2025-02-22,21:30:00,1329,11,Bilaspur,Takeaway,Cash,P007,Peppy Paneer,Veg,L,1,449,0,0
11487,2025-02-22,21:30:00,1329,11,Bilaspur,Takeaway,Cash,P011,Pepper Barbecue Chicken,Chicken,L,1,469,23.45,0
11487,2025-02-22,21:30:00,1329,11,Bilaspur,Takeaway,Cash,P016,Cheese Burst,Specialty,M,1,324,0,0
11488,2025-07-17,17:34:00,1117,9,Durg,Takeaway,Wallet,P015,Mexican Green Wave,Veg,L,1,449,0,0
11488,2025-07-17,17:34:00,1117,9,Durg,Takeaway,Wallet,P007,Peppy Paneer,Veg,L,1,449,22.45,0
11489,2025-09-16,21:04:00,1093,3,Raipur,Delivery,UPI,P006,Peppy Paneer,Veg,M,1,299,14.95,50
11489,2025-09-16,21:04:00,1093,3,Raipur,Delivery,UPI,P014,Mexican Green Wave,Veg,M,1,299,0,33
11489,2025-09-16,21:04:00,1093,3,Raipur,Delivery,UPI,P004,Farmhouse,Veg,M,1,299,29.9,33
11490,2025-11-18,15:36:00,1394,2,Raipur,Takeaway,UPI,P002,Margherita,Classic,M,1,299,0,0
11490,2025-11-18,15:36:00,1394,2,Raipur,Takeaway,UPI,P020,Garlic Bread,Sides,M,1,149,14.9,0
11491,2025-09-20,12:44:00,1178,12,Bilaspur,Delivery,UPI,P007,Peppy Paneer,Veg,L,1,449,0,49
11492,2025-05-30,19:51:00,1323,15,Nagpur,Delivery,Card,P002,Margherita,Classic,M,1,299,14.95,29
11492,2025-05-30,19:51:00,1323,15,Nagpur,Delivery,Card,P020,Garlic Bread,Sides,M,1,149,7.45,65
11492,2025-05-30,19:51:00,1323,15,Nagpur,Delivery,Card,P010,Pepper Barbecue Chicken,Chicken,M,1,319,0,49
11493,2025-02-22,15:09:00,1253,7,Durg,Takeaway,Card,P009,Chicken Dominator,Chicken,L,1,469,0,0
11493,2025-02-22,15:09:00,1253,7,Durg,Takeaway,Card,P003,Margherita,Classic,L,1,449,22.45,0
11494,2025-05-29,15:07:00,1193,3,Raipur,Delivery,Cash,P010,Pepper Barbecue Chicken,Chicken,M,1,319,0,30
11494,2025-05-29,15:07:00,1193,3,Raipur,Delivery,Cash,P011,Pepper Barbecue Chicken,Chicken,L,1,469,0,62
11494,2025-05-29,15:07:00,1193,3,Raipur,Delivery,Cash,P017,Cheese Burst,Specialty,L,1,474,0,30
11495,2025-05-29,16:28:00,1450,15,Nagpur,Takeaway,Cash,P008,Chicken Dominator,Chicken,M,1,319,0,0
11495,2025-05-29,16:28:00,1450,15,Nagpur,Takeaway,Cash,P010,Pepper Barbecue Chicken,Chicken,M,1,319,0,0
11495,2025-05-29,16:28:00,1450,15,Nagpur,Takeaway,Cash,P005,Farmhouse,Veg,L,1,449,0,0
11495,2025-05-29,16:28:00,1450,15,Nagpur,Takeaway,Cash,P004,Farmhouse,Veg,M,1,299,14.95,0
11496,2025-11-11,19:49:00,1260,11,Bilaspur,Delivery,Cash,P015,Mexican Green Wave,Veg,L,1,449,22.45,57
11496,2025-11-11,19:49:00,1260,11,Bilaspur,Delivery,Cash,P007,Peppy Paneer,Veg,L,1,449,0,43
11497,2025-08-07,19:13:00,1082,15,Nagpur,Delivery,Cash,P004,Farmhouse,Veg,M,1,299,0,28
11497,2025-08-07,19:13:00,1082,15,Nagpur,Delivery,Cash,P003,Margherita,Classic,L,1,449,22.45,54
11497,2025-08-07,19:13:00,1082,15,Nagpur,Delivery,Cash,P019,Paneer Makhani,Veg,L,1,449,0,19
11497,2025-08-07,19:13:00,1082,15,Nagpur,Delivery,Cash,P008,Chicken Dominator,Chicken,M,1,319,31.9,23
11498,2025-07-24,17:05:00,1073,13,Nagpur,Delivery,UPI,P009,Chicken Dominator,Chicken,L,1,469,23.45,25
11498,2025-07-24,17:05:00,1073,13,Nagpur,Delivery,UPI,P019,Paneer Makhani,Veg,L,1,449,0,38
11498,2025-07-24,17:05:00,1073,13,Nagpur,Delivery,UPI,P003,Margherita,Classic,L,1,449,44.9,31
11499,2025-01-22,15:20:00,1162,13,Nagpur,Takeaway,Wallet,P007,Peppy Paneer,Veg,L,2,449,0,0
11500,2025-11-27,17:52:00,1319,12,Bilaspur,Delivery,Card,P007,Peppy Paneer,Veg,L,1,449,0,39
11501,2025-12-06,16:32:00,1014,11,Bilaspur,Takeaway,Cash,P003,Margherita,Classic,L,1,449,0,0
11502,2025-04-25,19:48:00,1436,1,Raipur,Delivery,Card,P001,Margherita,Classic,S,1,179,0,27
11502,2025-04-25,19:48:00,1436,1,Raipur,Delivery,Card,P011,Pepper Barbecue Chicken,Chicken,L,1,469,0,29
11503,2025-02-09,17:18:00,1262,11,Bilaspur,Dine-in,UPI,P009,Chicken Dominator,Chicken,L,2,469,93.8,0
11503,2025-02-09,17:18:00,1262,11,Bilaspur,Dine-in,UPI,P018,Paneer Makhani,Veg,M,1,299,29.9,0
11504,2025-06-02,21:06:00,1391,10,Bilaspur,Delivery,Cash,P009,Chicken Dominator,Chicken,L,1,469,23.45,26
11504,2025-06-02,21:06:00,1391,10,Bilaspur,Delivery,Cash,P001,Margherita,Classic,S,1,179,0,20
11504,2025-06-02,21:06:00,1391,10,Bilaspur,Delivery,Cash,P005,Farmhouse,Veg,L,1,449,44.9,29
11505,2025-10-19,22:58:00,1255,8,Durg,Delivery,Wallet,P016,Cheese Burst,Specialty,M,1,324,32.4,58
11505,2025-10-19,22:58:00,1255,8,Durg,Delivery,Wallet,P008,Chicken Dominator,Chicken,M,1,319,31.9,36
11506,2025-07-24,20:49:00,1382,2,Raipur,Delivery,Card,P005,Farmhouse,Veg,L,1,449,0,63
11506,2025-07-24,20:49:00,1382,2,Raipur,Delivery,Card,P003,Margherita,Classic,L,1,449,44.9,27
11507,2025-04-02,13:11:00,1009,5,Bhilai,Takeaway,UPI,P003,Margherita,Classic,L,2,449,0,0
11507,2025-04-02,13:11:00,1009,5,Bhilai,Takeaway,UPI,P004,Farmhouse,Veg,M,1,299,14.95,0
11508,2025-09-06,22:58:00,1291,13,Nagpur,Takeaway,UPI,P008,Chicken Dominator,Chicken,M,1,319,31.9,0
11509,2025-03-20,20:26:00,1302,10,Bilaspur,Delivery,Cash,P011,Pepper Barbecue Chicken,Chicken,L,1,469,0,25
11510,2025-10-09,11:14:00,1449,7,Durg,Delivery,UPI,P013,Veg Extravaganza,Premium Veg,L,1,479,23.95,30
11510,2025-10-09,11:14:00,1449,7,Durg,Delivery,UPI,P001,Margherita,Classic,S,1,179,0,52
11511,2025-06-22,15:25:00,1097,14,Nagpur,Delivery,Cash,P005,Farmhouse,Veg,L,1,449,0,35
11512,2025-05-06,21:57:00,1121,9,Durg,Takeaway,Cash,P019,Paneer Makhani,Veg,L,1,449,0,0
11512,2025-05-06,21:57:00,1121,9,Durg,Takeaway,Cash,P017,Cheese Burst,Specialty,L,1,474,0,0
11513,2025-01-31,18:34:00,1358,7,Durg,Delivery,Wallet,P019,Paneer Makhani,Veg,L,1,449,0,50
11513,2025-01-31,18:34:00,1358,7,Durg,Delivery,Wallet,P017,Cheese Burst,Specialty,L,1,474,47.4,61
11513,2025-01-31,18:34:00,1358,7,Durg,Delivery,Wallet,P003,Margherita,Classic,L,1,449,0,31
11513,2025-01-31,18:34:00,1358,7,Durg,Delivery,Wallet,P009,Chicken Dominator,Chicken,L,1,469,46.9,44
11514,2025-02-12,18:40:00,1059,15,Nagpur,Delivery,Wallet,P006,Peppy Paneer,Veg,M,1,299,29.9,53
11514,2025-02-12,18:40:00,1059,15,Nagpur,Delivery,Wallet,P002,Margherita,Classic,M,1,299,14.95,24
11515,2025-01-01,22:12:00,1080,11,Bilaspur,Delivery,Card,P018,Paneer Makhani,Veg,M,1,299,0,24
11515,2025-01-01,22:12:00,1080,11,Bilaspur,Delivery,Card,P013,Veg Extravaganza,Premium Veg,L,1,479,0,40
11516,2025-04-06,18:38:00,1373,14,Nagpur,Delivery,Wallet,P013,Veg Extravaganza,Premium Veg,L,1,479,0,43
11516,2025-04-06,18:38:00,1373,14,Nagpur,Delivery,Wallet,P014,Mexican Green Wave,Veg,M,1,299,29.9,49
11516,2025-04-06,18:38:00,1373,14,Nagpur,Delivery,Wallet,P019,Paneer Makhani,Veg,L,1,449,44.9,24
11517,2025-11-30,12:48:00,1323,12,Bilaspur,Delivery,Card,P011,Pepper Barbecue Chicken,Chicken,L,1,469,0,59
11518,2025-05-17,16:04:00,1319,3,Raipur,Delivery,Wallet,P002,Margherita,Classic,M,1,299,29.9,55
11518,2025-05-17,16:04:00,1319,3,Raipur,Delivery,Wallet,P019,Paneer Makhani,Veg,L,1,449,0,52
11518,2025-05-17,16:04:00,1319,3,Raipur,Delivery,Wallet,P012,Veg Extravaganza,Premium Veg,M,1,329,16.45,40
11518,2025-05-17,16:04:00,1319,3,Raipur,Delivery,Wallet,P005,Farmhouse,Veg,L,1,449,44.9,29
11519,2025-12-12,11:45:00,1421,12,Bilaspur,Delivery,Wallet,P006,Peppy Paneer,Veg,M,3,299,0,57
11519,2025-12-12,11:45:00,1421,12,Bilaspur,Delivery,Wallet,P020,Garlic Bread,Sides,M,1,149,7.45,54
11520,2025-02-18,15:28:00,1105,5,Bhilai,Delivery,Card,P005,Farmhouse,Veg,L,1,449,0,46
11520,2025-02-18,15:28:00,1105,5,Bhilai,Delivery,Card,P010,Pepper Barbecue Chicken,Chicken,M,1,319,15.95,26
11520,2025-02-18,15:28:00,1105,5,Bhilai,Delivery,Card,P012,Veg Extravaganza,Premium Veg,M,1,329,0,46
11521,2025-05-18,19:09:00,1392,10,Bilaspur,Delivery,Cash,P014,Mexican Green Wave,Veg,M,1,299,29.9,49
11522,2025-01-12,18:35:00,1401,10,Bilaspur,Delivery,Wallet,P009,Chicken Dominator,Chicken,L,1,469,23.45,43
11522,2025-01-12,18:35:00,1401,10,Bilaspur,Delivery,Wallet,P012,Veg Extravaganza,Premium Veg,M,1,329,16.45,22
11522,2025-01-12,18:35:00,1401,10,Bilaspur,Delivery,Wallet,P017,Cheese Burst,Specialty,L,1,474,0,56
11523,2025-09-16,21:07:00,1211,8,Durg,Delivery,Wallet,P003,Margherita,Classic,L,1,449,0,42
11523,2025-09-16,21:07:00,1211,8,Durg,Delivery,Wallet,P013,Veg Extravaganza,Premium Veg,L,1,479,23.95,55
11523,2025-09-16,21:07:00,1211,8,Durg,Delivery,Wallet,P009,Chicken Dominator,Chicken,L,1,469,0,34
11524,2025-05-29,17:50:00,1310,3,Raipur,Takeaway,Wallet,P005,Farmhouse,Veg,L,1,449,0,0
11525,2025-03-02,21:02:00,1084,7,Durg,Delivery,Wallet,P006,Peppy Paneer,Veg,M,1,299,14.95,53
11526,2025-11-05,21:01:00,1431,9,Durg,Delivery,Cash,P008,Chicken Dominator,Chicken,M,1,319,0,60
11526,2025-11-05,21:01:00,1431,9,Durg,Delivery,Cash,P014,Mexican Green Wave,Veg,M,1,299,0,39
11526,2025-11-05,21:01:00,1431,9,Durg,Delivery,Cash,P001,Margherita,Classic,S,1,179,17.9,37
11527,2025-12-08,20:35:00,1122,10,Bilaspur,Delivery,Wallet,P016,Cheese Burst,Specialty,M,1,324,16.2,44
11527,2025-12-08,20:35:00,1122,10,Bilaspur,Delivery,Wallet,P014,Mexican Green Wave,Veg,M,1,299,0,18
11527,2025-12-08,20:35:00,1122,10,Bilaspur,Delivery,Wallet,P002,Margherita,Classic,M,1,299,0,46
11528,2025-07-09,21:03:00,1001,4,Bhilai,Delivery,Cash,P014,Mexican Green Wave,Veg,M,1,299,14.95,59
11528,2025-07-09,21:03:00,1001,4,Bhilai,Delivery,Cash,P006,Peppy Paneer,Veg,M,1,299,0,19
11528,2025-07-09,21:03:00,1001,4,Bhilai,Delivery,Cash,P010,Pepper Barbecue Chicken,Chicken,M,1,319,15.95,42
11528,2025-07-09,21:03:00,1001,4,Bhilai,Delivery,Cash,P018,Paneer Makhani,Veg,M,1,299,14.95,24
11529,2025-10-13,16:36:00,1099,14,Nagpur,Delivery,Cash,P007,Peppy Paneer,Veg,L,1,449,0,59
11529,2025-10-13,16:36:00,1099,14,Nagpur,Delivery,Cash,P001,Margherita,Classic,S,1,179,0,51
11529,2025-10-13,16:36:00,1099,14,Nagpur,Delivery,Cash,P014,Mexican Green Wave,Veg,M,1,299,29.9,28
11529,2025-10-13,16:36:00,1099,14,Nagpur,Delivery,Cash,P019,Paneer Makhani,Veg,L,1,449,44.9,59
11530,2025-01-18,12:40:00,1385,4,Bhilai,Delivery,UPI,P004,Farmhouse,Veg,M,1,299,14.95,37
11531,2025-05-10,14:38:00,1023,7,Durg,Delivery,Cash,P009,Chicken Dominator,Chicken,L,1,469,23.45,20
11531,2025-05-10,14:38:00,1023,7,Durg,Delivery,Cash,P019,Paneer Makhani,Veg,L,1,449,44.9,27
11531,2025-05-10,14:38:00,1023,7,Durg,Delivery,Cash,P016,Cheese Burst,Specialty,M,1,324,0,25
11531,2025-05-10,14:38:00,1023,7,Durg,Delivery,Cash,P006,Peppy Paneer,Veg,M,1,299,14.95,40
11532,2025-11-09,19:55:00,1245,3,Raipur,Delivery,Wallet,P003,Margherita,Classic,L,1,449,0,56
11532,2025-11-09,19:55:00,1245,3,Raipur,Delivery,Wallet,P017,Cheese Burst,Specialty,L,1,474,0,39
11533,2025-05-01,16:40:00,1332,11,Bilaspur,Delivery,UPI,P008,Chicken Dominator,Chicken,M,2,319,31.9,61
11533,2025-05-01,16:40:00,1332,11,Bilaspur,Delivery,UPI,P006,Peppy Paneer,Veg,M,1,299,14.95,41
11534,2025-11-02,16:27:00,1168,3,Raipur,Delivery,Card,P005,Farmhouse,Veg,L,1,449,0,26
11534,2025-11-02,16:27:00,1168,3,Raipur,Delivery,Card,P008,Chicken Dominator,Chicken,M,1,319,15.95,39
11535,2025-06-28,16:10:00,1360,14,Nagpur,Takeaway,UPI,P014,Mexican Green Wave,Veg,M,1,299,29.9,0
11536,2025-03-07,19:05:00,1445,2,Raipur,Dine-in,Wallet,P019,Paneer Makhani,Veg,L,1,449,44.9,0
11536,2025-03-07,19:05:00,1445,2,Raipur,Dine-in,Wallet,P011,Pepper Barbecue Chicken,Chicken,L,1,469,46.9,0
11537,2025-03-22,18:17:00,1275,11,Bilaspur,Delivery,Card,P009,Chicken Dominator,Chicken,L,1,469,23.45,28
11537,2025-03-22,18:17:00,1275,11,Bilaspur,Delivery,Card,P013,Veg Extravaganza,Premium Veg,L,1,479,0,55
11537,2025-03-22,18:17:00,1275,11,Bilaspur,Delivery,Card,P005,Farmhouse,Veg,L,1,449,22.45,28
11538,2025-12-15,21:08:00,1365,14,Nagpur,Delivery,Wallet,P020,Garlic Bread,Sides,M,1,149,7.45,49
11539,2025-07-08,19:28:00,1035,1,Raipur,Delivery,UPI,P006,Peppy Paneer,Veg,M,1,299,0,34
11540,2025-08-18,18:17:00,1242,4,Bhilai,Takeaway,Card,P015,Mexican Green Wave,Veg,L,1,449,22.45,0
11540,2025-08-18,18:17:00,1242,4,Bhilai,Takeaway,Card,P005,Farmhouse,Veg,L,1,449,0,0
11540,2025-08-18,18:17:00,1242,4,Bhilai,Takeaway,Card,P018,Paneer Makhani,Veg,M,1,299,29.9,0
11541,2025-03-02,17:19:00,1360,13,Nagpur,Dine-in,Wallet,P004,Farmhouse,Veg,M,1,299,0,0
11541,2025-03-02,17:19:00,1360,13,Nagpur,Dine-in,Wallet,P017,Cheese Burst,Specialty,L,1,474,0,0
11542,2025-06-20,16:32:00,1274,1,Raipur,Delivery,UPI,P007,Peppy Paneer,Veg,L,1,449,0,62
11542,2025-06-20,16:32:00,1274,1,Raipur,Delivery,UPI,P018,Paneer Makhani,Veg,M,1,299,0,33
11543,2025-11-26,18:38:00,1094,7,Durg,Dine-in,Wallet,P016,Cheese Burst,Specialty,M,1,324,16.2,0
11543,2025-11-26,18:38:00,1094,7,Durg,Dine-in,Wallet,P009,Chicken Dominator,Chicken,L,1,469,0,0
11544,2025-09-03,18:12:00,1005,5,Bhilai,Takeaway,Wallet,P005,Farmhouse,Veg,L,1,449,0,0
11544,2025-09-03,18:12:00,1005,5,Bhilai,Takeaway,Wallet,P001,Margherita,Classic,S,1,179,0,0
11545,2025-08-16,19:26:00,1168,14,Nagpur,Takeaway,Cash,P008,Chicken Dominator,Chicken,M,1,319,0,0
11545,2025-08-16,19:26:00,1168,14,Nagpur,Takeaway,Cash,P015,Mexican Green Wave,Veg,L,1,449,0,0
11546,2025-09-20,18:06:00,1183,7,Durg,Takeaway,Card,P004,Farmhouse,Veg,M,1,299,29.9,0
11546,2025-09-20,18:06:00,1183,7,Durg,Takeaway,Card,P006,Peppy Paneer,Veg,M,1,299,29.9,0
11546,2025-09-20,18:06:00,1183,7,Durg,Takeaway,Card,P002,Margherita,Classic,M,1,299,29.9,0
11547,2025-03-25,19:25:00,1302,15,Nagpur,Delivery,Cash,P003,Margherita,Classic,L,1,449,22.45,42
11547,2025-03-25,19:25:00,1302,15,Nagpur,Delivery,Cash,P006,Peppy Paneer,Veg,M,1,299,29.9,34
11548,2025-06-24,13:37:00,1295,10,Bilaspur,Takeaway,UPI,P001,Margherita,Classic,S,1,179,8.95,0
11549,2025-09-03,16:01:00,1273,15,Nagpur,Delivery,Cash,P002,Margherita,Classic,M,2,299,59.8,60
11550,2025-09-25,16:18:00,1088,11,Bilaspur,Delivery,Cash,P011,Pepper Barbecue Chicken,Chicken,L,1,469,46.9,55
11550,2025-09-25,16:18:00,1088,11,Bilaspur,Delivery,Cash,P019,Paneer Makhani,Veg,L,1,449,22.45,46
11550,2025-09-25,16:18:00,1088,11,Bilaspur,Delivery,Cash,P017,Cheese Burst,Specialty,L,1,474,0,53
11551,2025-07-09,20:56:00,1252,6,Bhilai,Delivery,Cash,P020,Garlic Bread,Sides,M,1,149,0,29
11551,2025-07-09,20:56:00,1252,6,Bhilai,Delivery,Cash,P014,Mexican Green Wave,Veg,M,1,299,0,22
11552,2025-08-14,20:29:00,1375,9,Durg,Delivery,UPI,P005,Farmhouse,Veg,L,1,449,44.9,23
11552,2025-08-14,20:29:00,1375,9,Durg,Delivery,UPI,P009,Chicken Dominator,Chicken,L,1,469,46.9,18
11553,2025-06-18,20:33:00,1154,15,Nagpur,Dine-in,Cash,P015,Mexican Green Wave,Veg,L,1,449,0,0
11554,2025-08-06,18:55:00,1082,9,Durg,Dine-in,UPI,P003,Margherita,Classic,L,1,449,0,0
11555,2025-11-23,12:33:00,1258,6,Bhilai,Takeaway,UPI,P010,Pepper Barbecue Chicken,Chicken,M,1,319,31.9,0
11556,2025-10-03,13:58:00,1173,10,Bilaspur,Delivery,UPI,P016,Cheese Burst,Specialty,M,1,324,0,41
11556,2025-10-03,13:58:00,1173,10,Bilaspur,Delivery,UPI,P007,Peppy Paneer,Veg,L,1,449,22.45,27
11557,2025-10-14,21:59:00,1217,10,Bilaspur,Delivery,Cash,P011,Pepper Barbecue Chicken,Chicken,L,1,469,23.45,65
11558,2025-09-16,18:01:00,1387,12,Bilaspur,Delivery,UPI,P003,Margherita,Classic,L,1,449,0,25
11558,2025-09-16,18:01:00,1387,12,Bilaspur,Delivery,UPI,P012,Veg Extravaganza,Premium Veg,M,1,329,0,55
11558,2025-09-16,18:01:00,1387,12,Bilaspur,Delivery,UPI,P001,Margherita,Classic,S,1,179,0,18
11559,2025-05-08,22:34:00,1065,14,Nagpur,Delivery,Wallet,P002,Margherita,Classic,M,1,299,0,64
11559,2025-05-08,22:34:00,1065,14,Nagpur,Delivery,Wallet,P017,Cheese Burst,Specialty,L,1,474,47.4,20
11559,2025-05-08,22:34:00,1065,14,Nagpur,Delivery,Wallet,P005,Farmhouse,Veg,L,1,449,0,62
11560,2025-09-29,17:34:00,1409,2,Raipur,Takeaway,UPI,P004,Farmhouse,Veg,M,1,299,0,0
11561,2025-03-11,16:45:00,1237,4,Bhilai,Delivery,Cash,P003,Margherita,Classic,L,1,449,0,62
11561,2025-03-11,16:45:00,1237,4,Bhilai,Delivery,Cash,P014,Mexican Green Wave,Veg,M,1,299,14.95,50
11561,2025-03-11,16:45:00,1237,4,Bhilai,Delivery,Cash,P002,Margherita,Classic,M,1,299,29.9,54
11561,2025-03-11,16:45:00,1237,4,Bhilai,Delivery,Cash,P007,Peppy Paneer,Veg,L,1,449,0,31
11562,2025-06-30,16:39:00,1031,12,Bilaspur,Delivery,Cash,P020,Garlic Bread,Sides,M,2,149,29.8,23
11562,2025-06-30,16:39:00,1031,12,Bilaspur,Delivery,Cash,P017,Cheese Burst,Specialty,L,1,474,23.7,58
11563,2025-05-30,18:15:00,1045,11,Bilaspur,Delivery,Wallet,P004,Farmhouse,Veg,M,1,299,0,24
11563,2025-05-30,18:15:00,1045,11,Bilaspur,Delivery,Wallet,P008,Chicken Dominator,Chicken,M,1,319,31.9,36
11563,2025-05-30,18:15:00,1045,11,Bilaspur,Delivery,Wallet,P003,Margherita,Classic,L,1,449,0,43
11563,2025-05-30,18:15:00,1045,11,Bilaspur,Delivery,Wallet,P005,Farmhouse,Veg,L,1,449,0,60
11564,2025-03-10,21:58:00,1123,8,Durg,Delivery,Wallet,P017,Cheese Burst,Specialty,L,1,474,47.4,59
11565,2025-07-13,17:21:00,1128,5,Bhilai,Delivery,UPI,P015,Mexican Green Wave,Veg,L,1,449,0,20
11565,2025-07-13,17:21:00,1128,5,Bhilai,Delivery,UPI,P004,Farmhouse,Veg,M,1,299,0,57
11565,2025-07-13,17:21:00,1128,5,Bhilai,Delivery,UPI,P016,Cheese Burst,Specialty,M,1,324,32.4,38
11565,2025-07-13,17:21:00,1128,5,Bhilai,Delivery,UPI,P012,Veg Extravaganza,Premium Veg,M,1,329,0,39
11566,2025-10-02,21:40:00,1154,7,Durg,Takeaway,UPI,P020,Garlic Bread,Sides,M,1,149,0,0
11566,2025-10-02,21:40:00,1154,7,Durg,Takeaway,UPI,P001,Margherita,Classic,S,1,179,0,0
11566,2025-10-02,21:40:00,1154,7,Durg,Takeaway,UPI,P012,Veg Extravaganza,Premium Veg,M,1,329,32.9,0
11567,2025-04-20,10:09:00,1250,7,Durg,Delivery,Card,P004,Farmhouse,Veg,M,1,299,14.95,61
11568,2025-05-19,18:33:00,1387,10,Bilaspur,Delivery,Cash,P019,Paneer Makhani,Veg,L,1,449,0,44
11568,2025-05-19,18:33:00,1387,10,Bilaspur,Delivery,Cash,P010,Pepper Barbecue Chicken,Chicken,M,1,319,31.9,43
11569,2025-05-14,19:55:00,1338,14,Nagpur,Delivery,UPI,P003,Margherita,Classic,L,1,449,22.45,57
11569,2025-05-14,19:55:00,1338,14,Nagpur,Delivery,UPI,P009,Chicken Dominator,Chicken,L,1,469,46.9,35
11570,2025-06-13,20:22:00,1058,14,Nagpur,Takeaway,Cash,P002,Margherita,Classic,M,1,299,0,0
11570,2025-06-13,20:22:00,1058,14,Nagpur,Takeaway,Cash,P008,Chicken Dominator,Chicken,M,1,319,31.9,0
11570,2025-06-13,20:22:00,1058,14,Nagpur,Takeaway,Cash,P007,Peppy Paneer,Veg,L,1,449,0,0
11570,2025-06-13,20:22:00,1058,14,Nagpur,Takeaway,Cash,P018,Paneer Makhani,Veg,M,1,299,0,0
11571,2025-07-16,21:52:00,1139,13,Nagpur,Takeaway,UPI,P005,Farmhouse,Veg,L,1,449,0,0
11571,2025-07-16,21:52:00,1139,13,Nagpur,Takeaway,UPI,P003,Margherita,Classic,L,1,449,44.9,0
11572,2025-04-16,18:28:00,1334,12,Bilaspur,Delivery,Card,P003,Margherita,Classic,L,1,449,44.9,46
11572,2025-04-16,18:28:00,1334,12,Bilaspur,Delivery,Card,P004,Farmhouse,Veg,M,1,299,0,34
11573,2025-02-18,16:00:00,1310,1,Raipur,Delivery,UPI,P003,Margherita,Classic,L,1,449,0,29
11573,2025-02-18,16:00:00,1310,1,Raipur,Delivery,UPI,P016,Cheese Burst,Specialty,M,1,324,0,43
11573,2025-02-18,16:00:00,1310,1,Raipur,Delivery,UPI,P018,Paneer Makhani,Veg,M,1,299,0,40
11574,2025-05-16,20:02:00,1135,2,Raipur,Takeaway,Card,P018,Paneer Makhani,Veg,M,1,299,14.95,0
11574,2025-05-16,20:02:00,1135,2,Raipur,Takeaway,Card,P010,Pepper Barbecue Chicken,Chicken,M,1,319,31.9,0
11575,2025-08-25,15:17:00,1389,5,Bhilai,Delivery,UPI,P012,Veg Extravaganza,Premium Veg,M,1,329,0,35
11575,2025-08-25,15:17:00,1389,5,Bhilai,Delivery,UPI,P017,Cheese Burst,Specialty,L,1,474,23.7,33
11575,2025-08-25,15:17:00,1389,5,Bhilai,Delivery,UPI,P004,Farmhouse,Veg,M,1,299,0,21
11575,2025-08-25,15:17:00,1389,5,Bhilai,Delivery,UPI,P009,Chicken Dominator,Chicken,L,1,469,46.9,63
11576,2025-11-12,17:40:00,1074,3,Raipur,Takeaway,Wallet,P010,Pepper Barbecue Chicken,Chicken,M,1,319,31.9,0
11577,2025-03-19,20:16:00,1444,15,Nagpur,Delivery,Card,P003,Margherita,Classic,L,1,449,44.9,37
11577,2025-03-19,20:16:00,1444,15,Nagpur,Delivery,Card,P002,Margherita,Classic,M,1,299,0,29
11578,2025-05-29,11:53:00,1356,11,Bilaspur,Takeaway,Card,P002,Margherita,Classic,M,1,299,14.95,0
11578,2025-05-29,11:53:00,1356,11,Bilaspur,Takeaway,Card,P009,Chicken Dominator,Chicken,L,1,469,46.9,0
11578,2025-05-29,11:53:00,1356,11,Bilaspur,Takeaway,Card,P011,Pepper Barbecue Chicken,Chicken,L,1,469,46.9,0
11578,2025-05-29,11:53:00,1356,11,Bilaspur,Takeaway,Card,P001,Margherita,Classic,S,1,179,0,0
11579,2025-12-19,17:03:00,1244,1,Raipur,Delivery,Wallet,P012,Veg Extravaganza,Premium Veg,M,1,329,0,20
11579,2025-12-19,17:03:00,1244,1,Raipur,Delivery,Wallet,P003,Margherita,Classic,L,2,449,44.9,33
11579,2025-12-19,17:03:00,1244,1,Raipur,Delivery,Wallet,P019,Paneer Makhani,Veg,L,1,449,44.9,44
11580,2025-03-11,13:23:00,1101,7,Durg,Dine-in,UPI,P005,Farmhouse,Veg,L,1,449,44.9,0
11581,2025-11-06,17:03:00,1050,8,Durg,Delivery,Cash,P001,Margherita,Classic,S,1,179,17.9,31
11582,2025-11-12,18:12:00,1386,13,Nagpur,Delivery,Wallet,P003,Margherita,Classic,L,1,449,44.9,54
11582,2025-11-12,18:12:00,1386,13,Nagpur,Delivery,Wallet,P002,Margherita,Classic,M,1,299,0,65
11583,2025-09-18,18:04:00,1336,7,Durg,Delivery,Card,P001,Margherita,Classic,S,1,179,8.95,38
11584,2025-12-30,20:47:00,1209,13,Nagpur,Delivery,Wallet,P009,Chicken Dominator,Chicken,L,1,469,0,48
11585,2025-01-04,18:19:00,1126,7,Durg,Delivery,Card,P014,Mexican Green Wave,Veg,M,1,299,0,29
11585,2025-01-04,18:19:00,1126,7,Durg,Delivery,Card,P005,Farmhouse,Veg,L,1,449,22.45,27
11586,2025-02-17,19:00:00,1074,6,Bhilai,Delivery,Cash,P002,Margherita,Classic,M,1,299,0,55
11587,2025-05-20,17:52:00,1229,13,Nagpur,Takeaway,Card,P010,Pepper Barbecue Chicken,Chicken,M,1,319,15.95,0
11587,2025-05-20,17:52:00,1229,13,Nagpur,Takeaway,Card,P003,Margherita,Classic,L,2,449,44.9,0
11587,2025-05-20,17:52:00,1229,13,Nagpur,Takeaway,Card,P011,Pepper Barbecue Chicken,Chicken,L,1,469,0,0
11588,2025-04-26,21:30:00,1210,2,Raipur,Takeaway,Cash,P020,Garlic Bread,Sides,M,1,149,0,0
11589,2025-05-19,22:52:00,1355,6,Bhilai,Delivery,Cash,P006,Peppy Paneer,Veg,M,1,299,0,24
11590,2025-02-24,19:07:00,1164,15,Nagpur,Delivery,UPI,P015,Mexican Green Wave,Veg,L,1,449,44.9,62
11590,2025-02-24,19:07:00,1164,15,Nagpur,Delivery,UPI,P009,Chicken Dominator,Chicken,L,1,469,23.45,64
11591,2025-11-07,20:56:00,1212,5,Bhilai,Delivery,Wallet,P002,Margherita,Classic,M,1,299,14.95,37
11591,2025-11-07,20:56:00,1212,5,Bhilai,Delivery,Wallet,P007,Peppy Paneer,Veg,L,1,449,44.9,34
11591,2025-11-07,20:56:00,1212,5,Bhilai,Delivery,Wallet,P020,Garlic Bread,Sides,M,1,149,0,50
11591,2025-11-07,20:56:00,1212,5,Bhilai,Delivery,Wallet,P019,Paneer Makhani,Veg,L,1,449,0,46
11592,2025-12-03,18:05:00,1290,2,Raipur,Delivery,Wallet,P011,Pepper Barbecue Chicken,Chicken,L,1,469,23.45,20
11592,2025-12-03,18:05:00,1290,2,Raipur,Delivery,Wallet,P009,Chicken Dominator,Chicken,L,1,469,0,43
11592,2025-12-03,18:05:00,1290,2,Raipur,Delivery,Wallet,P002,Margherita,Classic,M,1,299,0,43
11593,2025-11-08,22:40:00,1066,14,Nagpur,Delivery,Cash,P004,Farmhouse,Veg,M,2,299,59.8,35
11594,2025-08-18,22:02:00,1259,3,Raipur,Delivery,Wallet,P004,Farmhouse,Veg,M,1,299,0,28
11594,2025-08-18,22:02:00,1259,3,Raipur,Delivery,Wallet,P003,Margherita,Classic,L,1,449,0,28
11594,2025-08-18,22:02:00,1259,3,Raipur,Delivery,Wallet,P013,Veg Extravaganza,Premium Veg,L,1,479,0,65
11595,2025-09-09,19:47:00,1076,14,Nagpur,Delivery,Cash,P018,Paneer Makhani,Veg,M,1,299,0,18
11596,2025-02-01,11:35:00,1266,7,Durg,Delivery,Cash,P007,Peppy Paneer,Veg,L,1,449,0,25
11596,2025-02-01,11:35:00,1266,7,Durg,Delivery,Cash,P010,Pepper Barbecue Chicken,Chicken,M,2,319,31.9,25
11596,2025-02-01,11:35:00,1266,7,Durg,Delivery,Cash,P001,Margherita,Classic,S,1,179,17.9,18
11597,2025-01-12,19:54:00,1436,2,Raipur,Delivery,Card,P002,Margherita,Classic,M,1,299,29.9,65
11597,2025-01-12,19:54:00,1436,2,Raipur,Delivery,Card,P008,Chicken Dominator,Chicken,M,1,319,31.9,65
11598,2025-11-13,12:00:00,1278,13,Nagpur,Takeaway,Cash,P020,Garlic Bread,Sides,M,1,149,14.9,0
11599,2025-09-03,22:24:00,1126,1,Raipur,Delivery,Cash,P004,Farmhouse,Veg,M,1,299,0,64
11599,2025-09-03,22:24:00,1126,1,Raipur,Delivery,Cash,P002,Margherita,Classic,M,1,299,0,46
11600,2025-02-12,22:33:00,1044,6,Bhilai,Delivery,Cash,P005,Farmhouse,Veg,L,1,449,22.45,27
11600,2025-02-12,22:33:00,1044,6,Bhilai,Delivery,Cash,P002,Margherita,Classic,M,1,299,0,30
11600,2025-02-12,22:33:00,1044,6,Bhilai,Delivery,Cash,P009,Chicken Dominator,Chicken,L,1,469,23.45,60
11601,2025-01-07,13:13:00,1166,13,Nagpur,Delivery,Wallet,P001,Margherita,Classic,S,1,179,8.95,36
11601,2025-01-07,13:13:00,1166,13,Nagpur,Delivery,Wallet,P005,Farmhouse,Veg,L,1,449,22.45,43
11601,2025-01-07,13:13:00,1166,13,Nagpur,Delivery,Wallet,P020,Garlic Bread,Sides,M,1,149,14.9,46
11601,2025-01-07,13:13:00,1166,13,Nagpur,Delivery,Wallet,P010,Pepper Barbecue Chicken,Chicken,M,1,319,0,63
11602,2025-01-28,14:35:00,1071,5,Bhilai,Takeaway,UPI,P013,Veg Extravaganza,Premium Veg,L,1,479,0,0
11602,2025-01-28,14:35:00,1071,5,Bhilai,Takeaway,UPI,P009,Chicken Dominator,Chicken,L,1,469,0,0
11603,2025-03-12,19:32:00,1229,10,Bilaspur,Dine-in,Cash,P003,Margherita,Classic,L,1,449,44.9,0
11604,2025-03-14,12:22:00,1257,15,Nagpur,Delivery,Cash,P019,Paneer Makhani,Veg,L,1,449,22.45,58
11604,2025-03-14,12:22:00,1257,15,Nagpur,Delivery,Cash,P007,Peppy Paneer,Veg,L,1,449,0,44
11604,2025-03-14,12:22:00,1257,15,Nagpur,Delivery,Cash,P015,Mexican Green Wave,Veg,L,1,449,22.45,28
11605,2025-04-24,17:29:00,1009,1,Raipur,Delivery,Card,P020,Garlic Bread,Sides,M,1,149,0,53
11606,2025-12-26,17:35:00,1060,11,Bilaspur,Delivery,UPI,P015,Mexican Green Wave,Veg,L,1,449,22.45,54
11606,2025-12-26,17:35:00,1060,11,Bilaspur,Delivery,UPI,P020,Garlic Bread,Sides,M,1,149,0,36
11607,2025-12-07,21:25:00,1059,15,Nagpur,Delivery,Wallet,P003,Margherita,Classic,L,1,449,44.9,19
11607,2025-12-07,21:25:00,1059,15,Nagpur,Delivery,Wallet,P004,Farmhouse,Veg,M,1,299,0,23
11608,2025-03-07,18:33:00,1074,8,Durg,Delivery,UPI,P003,Margherita,Classic,L,1,449,44.9,22
11608,2025-03-07,18:33:00,1074,8,Durg,Delivery,UPI,P018,Paneer Makhani,Veg,M,1,299,14.95,23
11609,2025-03-06,12:57:00,1136,9,Durg,Takeaway,UPI,P014,Mexican Green Wave,Veg,M,1,299,14.95,0
11609,2025-03-06,12:57:00,1136,9,Durg,Takeaway,UPI,P007,Peppy Paneer,Veg,L,1,449,22.45,0
11609,2025-03-06,12:57:00,1136,9,Durg,Takeaway,UPI,P005,Farmhouse,Veg,L,1,449,44.9,0
11609,2025-03-06,12:57:00,1136,9,Durg,Takeaway,UPI,P020,Garlic Bread,Sides,M,1,149,0,0
11610,2025-06-06,19:57:00,1074,8,Durg,Delivery,Card,P006,Peppy Paneer,Veg,M,1,299,0,39
11610,2025-06-06,19:57:00,1074,8,Durg,Delivery,Card,P020,Garlic Bread,Sides,M,1,149,0,18
11610,2025-06-06,19:57:00,1074,8,Durg,Delivery,Card,P002,Margherita,Classic,M,1,299,14.95,49
11611,2025-11-17,22:46:00,1159,8,Durg,Takeaway,Cash,P005,Farmhouse,Veg,L,1,449,0,0
11611,2025-11-17,22:46:00,1159,8,Durg,Takeaway,Cash,P020,Garlic Bread,Sides,M,1,149,14.9,0
11612,2025-07-29,18:10:00,1163,13,Nagpur,Delivery,Card,P012,Veg Extravaganza,Premium Veg,M,1,329,32.9,44
11612,2025-07-29,18:10:00,1163,13,Nagpur,Delivery,Card,P003,Margherita,Classic,L,1,449,44.9,40
11612,2025-07-29,18:10:00,1163,13,Nagpur,Delivery,Card,P007,Peppy Paneer,Veg,L,1,449,44.9,27
11612,2025-07-29,18:10:00,1163,13,Nagpur,Delivery,Card,P001,Margherita,Classic,S,1,179,0,35
11613,2025-02-09,22:39:00,1227,15,Nagpur,Dine-in,Wallet,P015,Mexican Green Wave,Veg,L,1,449,0,0
11613,2025-02-09,22:39:00,1227,15,Nagpur,Dine-in,Wallet,P005,Farmhouse,Veg,L,1,449,0,0
11613,2025-02-09,22:39:00,1227,15,Nagpur,Dine-in,Wallet,P007,Peppy Paneer,Veg,L,1,449,0,0
11614,2025-11-24,16:00:00,1019,7,Durg,Dine-in,UPI,P008,Chicken Dominator,Chicken,M,2,319,0,0
11614,2025-11-24,16:00:00,1019,7,Durg,Dine-in,UPI,P005,Farmhouse,Veg,L,1,449,0,0
11615,2025-05-01,17:17:00,1416,4,Bhilai,Delivery,Cash,P018,Paneer Makhani,Veg,M,1,299,0,23
11615,2025-05-01,17:17:00,1416,4,Bhilai,Delivery,Cash,P014,Mexican Green Wave,Veg,M,1,299,14.95,58
11615,2025-05-01,17:17:00,1416,4,Bhilai,Delivery,Cash,P009,Chicken Dominator,Chicken,L,1,469,46.9,34
11615,2025-05-01,17:17:00,1416,4,Bhilai,Delivery,Cash,P020,Garlic Bread,Sides,M,1,149,7.45,28
11616,2025-07-02,16:50:00,1089,1,Raipur,Dine-in,Cash,P011,Pepper Barbecue Chicken,Chicken,L,1,469,46.9,0
11616,2025-07-02,16:50:00,1089,1,Raipur,Dine-in,Cash,P002,Margherita,Classic,M,2,299,0,0
11617,2025-10-07,18:33:00,1076,8,Durg,Delivery,Wallet,P005,Farmhouse,Veg,L,2,449,44.9,50
11618,2025-09-15,20:46:00,1034,9,Durg,Delivery,Wallet,P020,Garlic Bread,Sides,M,1,149,14.9,34
11619,2025-01-10,17:06:00,1419,2,Raipur,Dine-in,Card,P003,Margherita,Classic,L,1,449,22.45,0
11620,2025-06-09,15:47:00,1143,2,Raipur,Takeaway,Card,P017,Cheese Burst,Specialty,L,1,474,47.4,0
11620,2025-06-09,15:47:00,1143,2,Raipur,Takeaway,Card,P002,Margherita,Classic,M,1,299,0,0
11621,2025-06-09,19:33:00,1218,1,Raipur,Takeaway,Card,P002,Margherita,Classic,M,1,299,0,0
11621,2025-06-09,19:33:00,1218,1,Raipur,Takeaway,Card,P013,Veg Extravaganza,Premium Veg,L,1,479,0,0
11621,2025-06-09,19:33:00,1218,1,Raipur,Takeaway,Card,P011,Pepper Barbecue Chicken,Chicken,L,1,469,0,0
11621,2025-06-09,19:33:00,1218,1,Raipur,Takeaway,Card,P008,Chicken Dominator,Chicken,M,1,319,0,0
11622,2025-02-01,22:12:00,1054,10,Bilaspur,Delivery,UPI,P002,Margherita,Classic,M,1,299,14.95,20
11623,2025-01-07,16:58:00,1244,14,Nagpur,Delivery,UPI,P014,Mexican Green Wave,Veg,M,1,299,29.9,20
11623,2025-01-07,16:58:00,1244,14,Nagpur,Delivery,UPI,P010,Pepper Barbecue Chicken,Chicken,M,1,319,0,58
11623,2025-01-07,16:58:00,1244,14,Nagpur,Delivery,UPI,P007,Peppy Paneer,Veg,L,1,449,44.9,27
11623,2025-01-07,16:58:00,1244,14,Nagpur,Delivery,UPI,P011,Pepper Barbecue Chicken,Chicken,L,1,469,23.45,61
11624,2025-11-12,22:03:00,1370,9,Durg,Delivery,Cash,P016,Cheese Burst,Specialty,M,1,324,0,22
11624,2025-11-12,22:03:00,1370,9,Durg,Delivery,Cash,P005,Farmhouse,Veg,L,1,449,0,46
11624,2025-11-12,22:03:00,1370,9,Durg,Delivery,Cash,P006,Peppy Paneer,Veg,M,1,299,14.95,32
11624,2025-11-12,22:03:00,1370,9,Durg,Delivery,Cash,P001,Margherita,Classic,S,1,179,8.95,51
11625,2025-03-26,19:01:00,1242,15,Nagpur,Delivery,Wallet,P008,Chicken Dominator,Chicken,M,1,319,31.9,56
11626,2025-01-29,20:29:00,1058,7,Durg,Delivery,UPI,P015,Mexican Green Wave,Veg,L,1,449,44.9,27
11627,2025-03-08,21:43:00,1306,15,Nagpur,Takeaway,Wallet,P008,Chicken Dominator,Chicken,M,1,319,31.9,0
11627,2025-03-08,21:43:00,1306,15,Nagpur,Takeaway,Wallet,P015,Mexican Green Wave,Veg,L,1,449,22.45,0
11627,2025-03-08,21:43:00,1306,15,Nagpur,Takeaway,Wallet,P009,Chicken Dominator,Chicken,L,1,469,0,0
11628,2025-01-21,18:26:00,1287,14,Nagpur,Delivery,UPI,P015,Mexican Green Wave,Veg,L,1,449,22.45,40
11628,2025-01-21,18:26:00,1287,14,Nagpur,Delivery,UPI,P009,Chicken Dominator,Chicken,L,1,469,46.9,50
11629,2025-01-17,11:41:00,1132,11,Bilaspur,Takeaway,Card,P003,Margherita,Classic,L,1,449,0,0
11629,2025-01-17,11:41:00,1132,11,Bilaspur,Takeaway,Card,P006,Peppy Paneer,Veg,M,1,299,0,0
11630,2025-03-04,17:02:00,1405,7,Durg,Delivery,Wallet,P017,Cheese Burst,Specialty,L,1,474,0,42
11630,2025-03-04,17:02:00,1405,7,Durg,Delivery,Wallet,P004,Farmhouse,Veg,M,1,299,29.9,61
11630,2025-03-04,17:02:00,1405,7,Durg,Delivery,Wallet,P012,Veg Extravaganza,Premium Veg,M,1,329,16.45,22
11631,2025-08-12,19:07:00,1126,10,Bilaspur,Takeaway,Cash,P002,Margherita,Classic,M,1,299,0,0
11631,2025-08-12,19:07:00,1126,10,Bilaspur,Takeaway,Cash,P001,Margherita,Classic,S,1,179,17.9,0
11632,2025-06-02,20:24:00,1038,1,Raipur,Delivery,UPI,P003,Margherita,Classic,L,1,449,22.45,28
11632,2025-06-02,20:24:00,1038,1,Raipur,Delivery,UPI,P001,Margherita,Classic,S,1,179,8.95,31
11633,2025-12-26,20:07:00,1318,9,Durg,Takeaway,Card,P009,Chicken Dominator,Chicken,L,1,469,0,0
11633,2025-12-26,20:07:00,1318,9,Durg,Takeaway,Card,P005,Farmhouse,Veg,L,1,449,0,0
11633,2025-12-26,20:07:00,1318,9,Durg,Takeaway,Card,P001,Margherita,Classic,S,1,179,8.95,0
11634,2025-02-24,20:38:00,1415,13,Nagpur,Delivery,UPI,P017,Cheese Burst,Specialty,L,1,474,0,42
11634,2025-02-24,20:38:00,1415,13,Nagpur,Delivery,UPI,P001,Margherita,Classic,S,1,179,17.9,64
11634,2025-02-24,20:38:00,1415,13,Nagpur,Delivery,UPI,P002,Margherita,Classic,M,1,299,14.95,63
11635,2025-10-09,22:44:00,1149,7,Durg,Takeaway,Card,P012,Veg Extravaganza,Premium Veg,M,1,329,16.45,0
11635,2025-10-09,22:44:00,1149,7,Durg,Takeaway,Card,P019,Paneer Makhani,Veg,L,1,449,0,0
11636,2025-06-08,18:05:00,1002,6,Bhilai,Delivery,UPI,P019,Paneer Makhani,Veg,L,1,449,0,49
11636,2025-06-08,18:05:00,1002,6,Bhilai,Delivery,UPI,P007,Peppy Paneer,Veg,L,1,449,44.9,25
11636,2025-06-08,18:05:00,1002,6,Bhilai,Delivery,UPI,P014,Mexican Green Wave,Veg,M,1,299,14.95,48
11637,2025-05-07,18:20:00,1382,13,Nagpur,Dine-in,UPI,P009,Chicken Dominator,Chicken,L,1,469,46.9,0
11637,2025-05-07,18:20:00,1382,13,Nagpur,Dine-in,UPI,P002,Margherita,Classic,M,1,299,29.9,0
11638,2025-06-18,20:08:00,1120,10,Bilaspur,Delivery,Wallet,P005,Farmhouse,Veg,L,1,449,22.45,27
11639,2025-07-12,21:40:00,1024,13,Nagpur,Takeaway,Wallet,P004,Farmhouse,Veg,M,1,299,0,0
11639,2025-07-12,21:40:00,1024,13,Nagpur,Takeaway,Wallet,P006,Peppy Paneer,Veg,M,1,299,14.95,0
11640,2025-05-30,18:47:00,1432,6,Bhilai,Takeaway,Wallet,P007,Peppy Paneer,Veg,L,1,449,44.9,0
11640,2025-05-30,18:47:00,1432,6,Bhilai,Takeaway,Wallet,P001,Margherita,Classic,S,2,179,0,0
11640,2025-05-30,18:47:00,1432,6,Bhilai,Takeaway,Wallet,P002,Margherita,Classic,M,1,299,0,0
11641,2025-09-14,18:23:00,1197,13,Nagpur,Delivery,Wallet,P008,Chicken Dominator,Chicken,M,1,319,0,24
11641,2025-09-14,18:23:00,1197,13,Nagpur,Delivery,Wallet,P013,Veg Extravaganza,Premium Veg,L,1,479,47.9,38
11642,2025-06-07,22:33:00,1009,13,Nagpur,Delivery,Wallet,P016,Cheese Burst,Specialty,M,1,324,16.2,63
11642,2025-06-07,22:33:00,1009,13,Nagpur,Delivery,Wallet,P017,Cheese Burst,Specialty,L,1,474,47.4,60
11642,2025-06-07,22:33:00,1009,13,Nagpur,Delivery,Wallet,P008,Chicken Dominator,Chicken,M,1,319,0,42
11643,2025-01-26,15:11:00,1171,5,Bhilai,Takeaway,Wallet,P020,Garlic Bread,Sides,M,1,149,7.45,0
11643,2025-01-26,15:11:00,1171,5,Bhilai,Takeaway,Wallet,P018,Paneer Makhani,Veg,M,1,299,0,0
11643,2025-01-26,15:11:00,1171,5,Bhilai,Takeaway,Wallet,P003,Margherita,Classic,L,1,449,44.9,0
11643,2025-01-26,15:11:00,1171,5,Bhilai,Takeaway,Wallet,P008,Chicken Dominator,Chicken,M,1,319,31.9,0
11644,2025-08-08,16:00:00,1229,11,Bilaspur,Takeaway,Card,P008,Chicken Dominator,Chicken,M,1,319,0,0
11644,2025-08-08,16:00:00,1229,11,Bilaspur,Takeaway,Card,P001,Margherita,Classic,S,1,179,8.95,0
11645,2025-04-17,20:58:00,1206,8,Durg,Delivery,Card,P010,Pepper Barbecue Chicken,Chicken,M,1,319,31.9,56
11645,2025-04-17,20:58:00,1206,8,Durg,Delivery,Card,P003,Margherita,Classic,L,1,449,0,44
11645,2025-04-17,20:58:00,1206,8,Durg,Delivery,Card,P009,Chicken Dominator,Chicken,L,1,469,0,34
11646,2025-09-22,21:33:00,1202,10,Bilaspur,Takeaway,Card,P012,Veg Extravaganza,Premium Veg,M,1,329,16.45,0
11647,2025-05-01,16:22:00,1404,1,Raipur,Takeaway,Card,P003,Margherita,Classic,L,1,449,44.9,0
11647,2025-05-01,16:22:00,1404,1,Raipur,Takeaway,Card,P007,Peppy Paneer,Veg,L,1,449,44.9,0
11647,2025-05-01,16:22:00,1404,1,Raipur,Takeaway,Card,P002,Margherita,Classic,M,1,299,14.95,0
11647,2025-05-01,16:22:00,1404,1,Raipur,Takeaway,Card,P019,Paneer Makhani,Veg,L,1,449,0,0
11648,2025-06-10,15:41:00,1378,6,Bhilai,Delivery,UPI,P008,Chicken Dominator,Chicken,M,2,319,31.9,28
11648,2025-06-10,15:41:00,1378,6,Bhilai,Delivery,UPI,P018,Paneer Makhani,Veg,M,1,299,29.9,22
11648,2025-06-10,15:41:00,1378,6,Bhilai,Delivery,UPI,P005,Farmhouse,Veg,L,1,449,0,33
11649,2025-09-27,16:54:00,1093,8,Durg,Delivery,Wallet,P007,Peppy Paneer,Veg,L,1,449,0,63
11649,2025-09-27,16:54:00,1093,8,Durg,Delivery,Wallet,P003,Margherita,Classic,L,1,449,0,29
11650,2025-11-26,15:06:00,1055,13,Nagpur,Delivery,Wallet,P011,Pepper Barbecue Chicken,Chicken,L,1,469,46.9,24
11650,2025-11-26,15:06:00,1055,13,Nagpur,Delivery,Wallet,P008,Chicken Dominator,Chicken,M,1,319,31.9,28
11650,2025-11-26,15:06:00,1055,13,Nagpur,Delivery,Wallet,P010,Pepper Barbecue Chicken,Chicken,M,1,319,0,36
11651,2025-03-22,19:34:00,1191,2,Raipur,Delivery,Wallet,P001,Margherita,Classic,S,1,179,0,45
11651,2025-03-22,19:34:00,1191,2,Raipur,Delivery,Wallet,P003,Margherita,Classic,L,1,449,0,31
11652,2025-10-27,21:11:00,1096,1,Raipur,Takeaway,Wallet,P002,Margherita,Classic,M,1,299,14.95,0
11653,2025-04-05,19:17:00,1254,14,Nagpur,Delivery,Wallet,P018,Paneer Makhani,Veg,M,1,299,29.9,47
11654,2025-01-10,21:51:00,1042,7,Durg,Dine-in,Wallet,P018,Paneer Makhani,Veg,M,1,299,0,0
11655,2025-01-17,16:12:00,1107,3,Raipur,Delivery,Wallet,P004,Farmhouse,Veg,M,2,299,0,25
11656,2025-08-14,15:17:00,1401,8,Durg,Delivery,Card,P009,Chicken Dominator,Chicken,L,1,469,0,65
11657,2025-07-23,20:20:00,1134,1,Raipur,Delivery,Cash,P002,Margherita,Classic,M,1,299,0,26
11657,2025-07-23,20:20:00,1134,1,Raipur,Delivery,Cash,P010,Pepper Barbecue Chicken,Chicken,M,1,319,31.9,62
11657,2025-07-23,20:20:00,1134,1,Raipur,Delivery,Cash,P014,Mexican Green Wave,Veg,M,1,299,0,49
11658,2025-04-03,18:05:00,1082,15,Nagpur,Delivery,Wallet,P005,Farmhouse,Veg,L,1,449,44.9,21
11658,2025-04-03,18:05:00,1082,15,Nagpur,Delivery,Wallet,P001,Margherita,Classic,S,1,179,0,45
11659,2025-08-03,18:41:00,1170,14,Nagpur,Delivery,Card,P006,Peppy Paneer,Veg,M,1,299,14.95,19
11659,2025-08-03,18:41:00,1170,14,Nagpur,Delivery,Card,P003,Margherita,Classic,L,1,449,44.9,64
11659,2025-08-03,18:41:00,1170,14,Nagpur,Delivery,Card,P008,Chicken Dominator,Chicken,M,1,319,0,50
11660,2025-10-07,18:52:00,1002,7,Durg,Takeaway,Cash,P017,Cheese Burst,Specialty,L,1,474,0,0
11660,2025-10-07,18:52:00,1002,7,Durg,Takeaway,Cash,P001,Margherita,Classic,S,3,179,0,0
11661,2025-11-01,12:11:00,1396,2,Raipur,Dine-in,Cash,P011,Pepper Barbecue Chicken,Chicken,L,1,469,0,0
11661,2025-11-01,12:11:00,1396,2,Raipur,Dine-in,Cash,P004,Farmhouse,Veg,M,1,299,0,0
11662,2025-03-30,21:22:00,1099,4,Bhilai,Delivery,UPI,P004,Farmhouse,Veg,M,1,299,0,41
11662,2025-03-30,21:22:00,1099,4,Bhilai,Delivery,UPI,P001,Margherita,Classic,S,1,179,8.95,40
11663,2025-01-31,14:56:00,1374,4,Bhilai,Dine-in,Cash,P015,Mexican Green Wave,Veg,L,1,449,44.9,0
11663,2025-01-31,14:56:00,1374,4,Bhilai,Dine-in,Cash,P012,Veg Extravaganza,Premium Veg,M,1,329,16.45,0
11663,2025-01-31,14:56:00,1374,4,Bhilai,Dine-in,Cash,P001,Margherita,Classic,S,1,179,0,0
11664,2025-11-16,15:49:00,1126,4,Bhilai,Takeaway,Cash,P006,Peppy Paneer,Veg,M,1,299,29.9,0
11664,2025-11-16,15:49:00,1126,4,Bhilai,Takeaway,Cash,P003,Margherita,Classic,L,1,449,0,0
11665,2025-01-04,20:01:00,1178,10,Bilaspur,Takeaway,Card,P002,Margherita,Classic,M,1,299,14.95,0
11666,2025-05-19,14:56:00,1297,1,Raipur,Delivery,Cash,P005,Farmhouse,Veg,L,1,449,0,25
11666,2025-05-19,14:56:00,1297,1,Raipur,Delivery,Cash,P018,Paneer Makhani,Veg,M,1,299,0,33
11666,2025-05-19,14:56:00,1297,1,Raipur,Delivery,Cash,P010,Pepper Barbecue Chicken,Chicken,M,1,319,31.9,43
11666,2025-05-19,14:56:00,1297,1,Raipur,Delivery,Cash,P002,Margherita,Classic,M,1,299,0,22
11667,2025-09-04,18:37:00,1191,5,Bhilai,Delivery,UPI,P003,Margherita,Classic,L,1,449,0,46
11667,2025-09-04,18:37:00,1191,5,Bhilai,Delivery,UPI,P015,Mexican Green Wave,Veg,L,1,449,22.45,57
11667,2025-09-04,18:37:00,1191,5,Bhilai,Delivery,UPI,P004,Farmhouse,Veg,M,1,299,0,55
11667,2025-09-04,18:37:00,1191,5,Bhilai,Delivery,UPI,P002,Margherita,Classic,M,1,299,0,29
11668,2025-07-22,18:44:00,1118,2,Raipur,Delivery,Card,P002,Margherita,Classic,M,1,299,0,60
11668,2025-07-22,18:44:00,1118,2,Raipur,Delivery,Card,P007,Peppy Paneer,Veg,L,1,449,44.9,34
11668,2025-07-22,18:44:00,1118,2,Raipur,Delivery,Card,P020,Garlic Bread,Sides,M,1,149,14.9,24
11668,2025-07-22,18:44:00,1118,2,Raipur,Delivery,Card,P008,Chicken Dominator,Chicken,M,1,319,0,62
11669,2025-01-14,21:27:00,1062,8,Durg,Takeaway,Card,P001,Margherita,Classic,S,1,179,0,0
11670,2025-12-04,20:34:00,1138,6,Bhilai,Takeaway,Cash,P003,Margherita,Classic,L,1,449,0,0
11671,2025-02-02,17:14:00,1441,6,Bhilai,Delivery,Cash,P004,Farmhouse,Veg,M,1,299,0,24
11672,2025-10-25,19:19:00,1122,11,Bilaspur,Takeaway,Wallet,P019,Paneer Makhani,Veg,L,1,449,0,0
11672,2025-10-25,19:19:00,1122,11,Bilaspur,Takeaway,Wallet,P007,Peppy Paneer,Veg,L,2,449,44.9,0
11672,2025-10-25,19:19:00,1122,11,Bilaspur,Takeaway,Wallet,P002,Margherita,Classic,M,1,299,14.95,0
11673,2025-03-09,15:05:00,1257,9,Durg,Delivery,Cash,P013,Veg Extravaganza,Premium Veg,L,1,479,0,65
11673,2025-03-09,15:05:00,1257,9,Durg,Delivery,Cash,P009,Chicken Dominator,Chicken,L,1,469,0,37
11673,2025-03-09,15:05:00,1257,9,Durg,Delivery,Cash,P002,Margherita,Classic,M,1,299,29.9,49
11674,2025-01-22,18:40:00,1196,14,Nagpur,Delivery,Card,P014,Mexican Green Wave,Veg,M,1,299,29.9,40
11674,2025-01-22,18:40:00,1196,14,Nagpur,Delivery,Card,P010,Pepper Barbecue Chicken,Chicken,M,1,319,0,40
11675,2025-11-13,22:10:00,1175,8,Durg,Takeaway,Cash,P004,Farmhouse,Veg,M,1,299,14.95,0
11675,2025-11-13,22:10:00,1175,8,Durg,Takeaway,Cash,P018,Paneer Makhani,Veg,M,1,299,0,0
11675,2025-11-13,22:10:00,1175,8,Durg,Takeaway,Cash,P005,Farmhouse,Veg,L,1,449,0,0
11675,2025-11-13,22:10:00,1175,8,Durg,Takeaway,Cash,P008,Chicken Dominator,Chicken,M,1,319,15.95,0
11676,2025-12-25,18:50:00,1245,3,Raipur,Delivery,Card,P014,Mexican Green Wave,Veg,M,1,299,14.95,43
11677,2025-09-04,14:37:00,1399,3,Raipur,Delivery,Card,P014,Mexican Green Wave,Veg,M,1,299,0,53
11677,2025-09-04,14:37:00,1399,3,Raipur,Delivery,Card,P002,Margherita,Classic,M,1,299,0,29
11677,2025-09-04,14:37:00,1399,3,Raipur,Delivery,Card,P010,Pepper Barbecue Chicken,Chicken,M,1,319,0,40
11678,2025-01-05,20:34:00,1094,6,Bhilai,Takeaway,Wallet,P014,Mexican Green Wave,Veg,M,1,299,29.9,0
11678,2025-01-05,20:34:00,1094,6,Bhilai,Takeaway,Wallet,P020,Garlic Bread,Sides,M,1,149,0,0
11679,2025-10-10,17:37:00,1390,5,Bhilai,Takeaway,UPI,P017,Cheese Burst,Specialty,L,1,474,0,0
11680,2025-03-25,16:17:00,1045,5,Bhilai,Delivery,Card,P015,Mexican Green Wave,Veg,L,1,449,44.9,43
11681,2025-03-29,21:28:00,1021,3,Raipur,Delivery,UPI,P019,Paneer Makhani,Veg,L,1,449,0,55
11681,2025-03-29,21:28:00,1021,3,Raipur,Delivery,UPI,P018,Paneer Makhani,Veg,M,1,299,14.95,45
11681,2025-03-29,21:28:00,1021,3,Raipur,Delivery,UPI,P016,Cheese Burst,Specialty,M,1,324,0,29
11682,2025-02-04,18:18:00,1332,1,Raipur,Delivery,Card,P001,Margherita,Classic,S,1,179,0,54
11683,2025-04-23,16:48:00,1103,9,Durg,Delivery,Card,P005,Farmhouse,Veg,L,1,449,0,55
11683,2025-04-23,16:48:00,1103,9,Durg,Delivery,Card,P007,Peppy Paneer,Veg,L,1,449,0,42
11684,2025-01-03,19:26:00,1011,15,Nagpur,Delivery,Wallet,P011,Pepper Barbecue Chicken,Chicken,L,1,469,46.9,21
11684,2025-01-03,19:26:00,1011,15,Nagpur,Delivery,Wallet,P005,Farmhouse,Veg,L,1,449,44.9,45
11684,2025-01-03,19:26:00,1011,15,Nagpur,Delivery,Wallet,P004,Farmhouse,Veg,M,1,299,0,43
11684,2025-01-03,19:26:00,1011,15,Nagpur,Delivery,Wallet,P002,Margherita,Classic,M,1,299,14.95,31
11685,2025-12-29,18:22:00,1006,1,Raipur,Delivery,Card,P003,Margherita,Classic,L,1,449,0,32
11685,2025-12-29,18:22:00,1006,1,Raipur,Delivery,Card,P004,Farmhouse,Veg,M,1,299,0,31
11685,2025-12-29,18:22:00,1006,1,Raipur,Delivery,Card,P002,Margherita,Classic,M,1,299,0,44
11685,2025-12-29,18:22:00,1006,1,Raipur,Delivery,Card,P016,Cheese Burst,Specialty,M,1,324,0,18
11686,2025-11-26,22:39:00,1133,5,Bhilai,Takeaway,Wallet,P002,Margherita,Classic,M,2,299,29.9,0
11686,2025-11-26,22:39:00,1133,5,Bhilai,Takeaway,Wallet,P003,Margherita,Classic,L,1,449,22.45,0
11687,2025-05-28,14:47:00,1101,8,Durg,Delivery,Wallet,P009,Chicken Dominator,Chicken,L,1,469,0,45
11687,2025-05-28,14:47:00,1101,8,Durg,Delivery,Wallet,P008,Chicken Dominator,Chicken,M,1,319,0,34
11687,2025-05-28,14:47:00,1101,8,Durg,Delivery,Wallet,P007,Peppy Paneer,Veg,L,1,449,22.45,29
11687,2025-05-28,14:47:00,1101,8,Durg,Delivery,Wallet,P019,Paneer Makhani,Veg,L,1,449,0,35
11688,2025-08-08,20:30:00,1168,14,Nagpur,Delivery,Wallet,P020,Garlic Bread,Sides,M,1,149,14.9,57
11689,2025-11-12,18:11:00,1154,12,Bilaspur,Delivery,Card,P009,Chicken Dominator,Chicken,L,1,469,23.45,22
11689,2025-11-12,18:11:00,1154,12,Bilaspur,Delivery,Card,P007,Peppy Paneer,Veg,L,1,449,44.9,28
11689,2025-11-12,18:11:00,1154,12,Bilaspur,Delivery,Card,P004,Farmhouse,Veg,M,1,299,0,35
11690,2025-06-26,18:21:00,1408,4,Bhilai,Delivery,Wallet,P007,Peppy Paneer,Veg,L,1,449,22.45,36
11690,2025-06-26,18:21:00,1408,4,Bhilai,Delivery,Wallet,P014,Mexican Green Wave,Veg,M,1,299,14.95,65
11690,2025-06-26,18:21:00,1408,4,Bhilai,Delivery,Wallet,P001,Margherita,Classic,S,1,179,0,42
11691,2025-03-12,17:36:00,1022,5,Bhilai,Takeaway,Card,P008,Chicken Dominator,Chicken,M,1,319,15.95,0
11691,2025-03-12,17:36:00,1022,5,Bhilai,Takeaway,Card,P013,Veg Extravaganza,Premium Veg,L,1,479,0,0
11692,2025-12-01,11:00:00,1305,6,Bhilai,Delivery,Cash,P008,Chicken Dominator,Chicken,M,1,319,31.9,64
11692,2025-12-01,11:00:00,1305,6,Bhilai,Delivery,Cash,P020,Garlic Bread,Sides,M,1,149,7.45,33
11692,2025-12-01,11:00:00,1305,6,Bhilai,Delivery,Cash,P003,Margherita,Classic,L,1,449,22.45,55
11693,2025-11-05,11:51:00,1017,10,Bilaspur,Takeaway,Wallet,P004,Farmhouse,Veg,M,1,299,29.9,0
11694,2025-01-26,17:54:00,1332,11,Bilaspur,Delivery,UPI,P004,Farmhouse,Veg,M,1,299,14.95,35
11694,2025-01-26,17:54:00,1332,11,Bilaspur,Delivery,UPI,P008,Chicken Dominator,Chicken,M,1,319,0,47
11694,2025-01-26,17:54:00,1332,11,Bilaspur,Delivery,UPI,P019,Paneer Makhani,Veg,L,1,449,0,43
11695,2025-07-12,13:48:00,1232,14,Nagpur,Takeaway,Cash,P004,Farmhouse,Veg,M,1,299,29.9,0
11695,2025-07-12,13:48:00,1232,14,Nagpur,Takeaway,Cash,P007,Peppy Paneer,Veg,L,2,449,0,0
11695,2025-07-12,13:48:00,1232,14,Nagpur,Takeaway,Cash,P012,Veg Extravaganza,Premium Veg,M,1,329,32.9,0
11696,2025-10-11,21:57:00,1401,2,Raipur,Delivery,Cash,P008,Chicken Dominator,Chicken,M,1,319,0,21
11697,2025-03-18,18:59:00,1357,3,Raipur,Delivery,UPI,P015,Mexican Green Wave,Veg,L,1,449,22.45,39
11698,2025-01-21,19:41:00,1431,14,Nagpur,Delivery,UPI,P020,Garlic Bread,Sides,M,1,149,14.9,20
11698,2025-01-21,19:41:00,1431,14,Nagpur,Delivery,UPI,P006,Peppy Paneer,Veg,M,1,299,14.95,20
11698,2025-01-21,19:41:00,1431,14,Nagpur,Delivery,UPI,P014,Mexican Green Wave,Veg,M,1,299,0,63
11699,2025-05-07,18:58:00,1218,10,Bilaspur,Delivery,Card,P006,Peppy Paneer,Veg,M,1,299,29.9,60
11700,2025-04-19,11:25:00,1242,12,Bilaspur,Takeaway,UPI,P003,Margherita,Classic,L,2,449,89.8,0
11701,2025-09-01,21:41:00,1144,13,Nagpur,Delivery,UPI,P008,Chicken Dominator,Chicken,M,3,319,47.85,61
11701,2025-09-01,21:41:00,1144,13,Nagpur,Delivery,UPI,P005,Farmhouse,Veg,L,1,449,0,42
11702,2025-08-30,20:36:00,1213,4,Bhilai,Delivery,Card,P020,Garlic Bread,Sides,M,1,149,7.45,19
11702,2025-08-30,20:36:00,1213,4,Bhilai,Delivery,Card,P001,Margherita,Classic,S,1,179,8.95,54
11702,2025-08-30,20:36:00,1213,4,Bhilai,Delivery,Card,P017,Cheese Burst,Specialty,L,1,474,0,26
11702,2025-08-30,20:36:00,1213,4,Bhilai,Delivery,Card,P015,Mexican Green Wave,Veg,L,1,449,0,62
11703,2025-08-22,13:41:00,1439,9,Durg,Delivery,UPI,P012,Veg Extravaganza,Premium Veg,M,1,329,0,22
11703,2025-08-22,13:41:00,1439,9,Durg,Delivery,UPI,P007,Peppy Paneer,Veg,L,1,449,44.9,28
11703,2025-08-22,13:41:00,1439,9,Durg,Delivery,UPI,P006,Peppy Paneer,Veg,M,1,299,0,48
11703,2025-08-22,13:41:00,1439,9,Durg,Delivery,UPI,P003,Margherita,Classic,L,1,449,0,55
11704,2025-10-25,15:53:00,1261,14,Nagpur,Delivery,Card,P002,Margherita,Classic,M,1,299,0,32
11704,2025-10-25,15:53:00,1261,14,Nagpur,Delivery,Card,P003,Margherita,Classic,L,1,449,44.9,23
11704,2025-10-25,15:53:00,1261,14,Nagpur,Delivery,Card,P013,Veg Extravaganza,Premium Veg,L,1,479,47.9,65
11704,2025-10-25,15:53:00,1261,14,Nagpur,Delivery,Card,P020,Garlic Bread,Sides,M,1,149,0,52
11705,2025-08-05,20:19:00,1313,5,Bhilai,Delivery,Cash,P001,Margherita,Classic,S,1,179,0,23
11705,2025-08-05,20:19:00,1313,5,Bhilai,Delivery,Cash,P013,Veg Extravaganza,Premium Veg,L,1,479,0,38
11706,2025-06-04,19:40:00,1308,12,Bilaspur,Delivery,Cash,P015,Mexican Green Wave,Veg,L,1,449,0,42
11706,2025-06-04,19:40:00,1308,12,Bilaspur,Delivery,Cash,P010,Pepper Barbecue Chicken,Chicken,M,1,319,0,22
11706,2025-06-04,19:40:00,1308,12,Bilaspur,Delivery,Cash,P007,Peppy Paneer,Veg,L,1,449,22.45,52
11707,2025-08-13,15:23:00,1133,10,Bilaspur,Delivery,Cash,P009,Chicken Dominator,Chicken,L,1,469,23.45,60
11707,2025-08-13,15:23:00,1133,10,Bilaspur,Delivery,Cash,P008,Chicken Dominator,Chicken,M,1,319,0,21
11708,2025-12-24,15:55:00,1356,11,Bilaspur,Takeaway,UPI,P013,Veg Extravaganza,Premium Veg,L,1,479,0,0
11708,2025-12-24,15:55:00,1356,11,Bilaspur,Takeaway,UPI,P002,Margherita,Classic,M,1,299,29.9,0
11708,2025-12-24,15:55:00,1356,11,Bilaspur,Takeaway,UPI,P008,Chicken Dominator,Chicken,M,1,319,31.9,0
11708,2025-12-24,15:55:00,1356,11,Bilaspur,Takeaway,UPI,P017,Cheese Burst,Specialty,L,1,474,23.7,0
11709,2025-12-06,16:07:00,1176,15,Nagpur,Delivery,UPI,P006,Peppy Paneer,Veg,M,1,299,14.95,55
11710,2025-12-03,15:54:00,1335,9,Durg,Delivery,UPI,P019,Paneer Makhani,Veg,L,1,449,0,48
11710,2025-12-03,15:54:00,1335,9,Durg,Delivery,UPI,P015,Mexican Green Wave,Veg,L,1,449,0,56
11711,2025-03-21,17:19:00,1022,8,Durg,Takeaway,Card,P008,Chicken Dominator,Chicken,M,1,319,0,0
11712,2025-09-23,19:55:00,1440,2,Raipur,Delivery,Wallet,P009,Chicken Dominator,Chicken,L,1,469,46.9,53
11712,2025-09-23,19:55:00,1440,2,Raipur,Delivery,Wallet,P010,Pepper Barbecue Chicken,Chicken,M,1,319,0,59
11713,2025-06-01,21:53:00,1270,6,Bhilai,Takeaway,UPI,P007,Peppy Paneer,Veg,L,1,449,22.45,0
11714,2025-10-17,15:41:00,1240,11,Bilaspur,Delivery,UPI,P009,Chicken Dominator,Chicken,L,1,469,46.9,25
11714,2025-10-17,15:41:00,1240,11,Bilaspur,Delivery,UPI,P007,Peppy Paneer,Veg,L,1,449,0,48
11714,2025-10-17,15:41:00,1240,11,Bilaspur,Delivery,UPI,P010,Pepper Barbecue Chicken,Chicken,M,1,319,31.9,43
11714,2025-10-17,15:41:00,1240,11,Bilaspur,Delivery,UPI,P002,Margherita,Classic,M,1,299,0,18
11715,2025-10-13,12:08:00,1431,1,Raipur,Delivery,UPI,P001,Margherita,Classic,S,1,179,0,61
11715,2025-10-13,12:08:00,1431,1,Raipur,Delivery,UPI,P014,Mexican Green Wave,Veg,M,1,299,14.95,35
11715,2025-10-13,12:08:00,1431,1,Raipur,Delivery,UPI,P003,Margherita,Classic,L,1,449,22.45,31
11715,2025-10-13,12:08:00,1431,1,Raipur,Delivery,UPI,P019,Paneer Makhani,Veg,L,1,449,22.45,56
11716,2025-07-15,19:11:00,1329,5,Bhilai,Delivery,Wallet,P002,Margherita,Classic,M,1,299,0,65
11717,2025-06-01,20:59:00,1337,3,Raipur,Delivery,Cash,P006,Peppy Paneer,Veg,M,1,299,0,27
11717,2025-06-01,20:59:00,1337,3,Raipur,Delivery,Cash,P001,Margherita,Classic,S,1,179,0,47
11718,2025-07-06,16:11:00,1283,15,Nagpur,Delivery,Wallet,P016,Cheese Burst,Specialty,M,1,324,32.4,18
11718,2025-07-06,16:11:00,1283,15,Nagpur,Delivery,Wallet,P019,Paneer Makhani,Veg,L,1,449,0,36
11718,2025-07-06,16:11:00,1283,15,Nagpur,Delivery,Wallet,P001,Margherita,Classic,S,1,179,0,42
11718,2025-07-06,16:11:00,1283,15,Nagpur,Delivery,Wallet,P010,Pepper Barbecue Chicken,Chicken,M,1,319,15.95,26
11719,2025-12-20,17:22:00,1182,4,Bhilai,Takeaway,Wallet,P008,Chicken Dominator,Chicken,M,1,319,31.9,0
11719,2025-12-20,17:22:00,1182,4,Bhilai,Takeaway,Wallet,P002,Margherita,Classic,M,1,299,14.95,0
11719,2025-12-20,17:22:00,1182,4,Bhilai,Takeaway,Wallet,P009,Chicken Dominator,Chicken,L,1,469,23.45,0
11720,2025-12-14,11:15:00,1448,7,Durg,Takeaway,Cash,P002,Margherita,Classic,M,1,299,29.9,0
11720,2025-12-14,11:15:00,1448,7,Durg,Takeaway,Cash,P018,Paneer Makhani,Veg,M,1,299,29.9,0
11721,2025-05-08,18:17:00,1365,7,Durg,Delivery,Card,P004,Farmhouse,Veg,M,1,299,29.9,47
11721,2025-05-08,18:17:00,1365,7,Durg,Delivery,Card,P001,Margherita,Classic,S,1,179,17.9,36
11722,2025-10-27,13:23:00,1298,5,Bhilai,Delivery,Wallet,P002,Margherita,Classic,M,1,299,14.95,29
11722,2025-10-27,13:23:00,1298,5,Bhilai,Delivery,Wallet,P001,Margherita,Classic,S,1,179,17.9,29
11723,2025-03-26,22:36:00,1318,3,Raipur,Delivery,Wallet,P001,Margherita,Classic,S,1,179,0,30
11723,2025-03-26,22:36:00,1318,3,Raipur,Delivery,Wallet,P007,Peppy Paneer,Veg,L,1,449,22.45,42
11723,2025-03-26,22:36:00,1318,3,Raipur,Delivery,Wallet,P019,Paneer Makhani,Veg,L,1,449,0,55
11723,2025-03-26,22:36:00,1318,3,Raipur,Delivery,Wallet,P010,Pepper Barbecue Chicken,Chicken,M,1,319,0,31
11724,2025-06-14,20:47:00,1245,14,Nagpur,Dine-in,Wallet,P007,Peppy Paneer,Veg,L,2,449,44.9,0
11724,2025-06-14,20:47:00,1245,14,Nagpur,Dine-in,Wallet,P003,Margherita,Classic,L,1,449,0,0
11724,2025-06-14,20:47:00,1245,14,Nagpur,Dine-in,Wallet,P019,Paneer Makhani,Veg,L,1,449,0,0
11725,2025-05-11,18:03:00,1268,14,Nagpur,Takeaway,Card,P005,Farmhouse,Veg,L,1,449,0,0
11726,2025-11-03,14:08:00,1207,1,Raipur,Delivery,UPI,P005,Farmhouse,Veg,L,1,449,44.9,43
11726,2025-11-03,14:08:00,1207,1,Raipur,Delivery,UPI,P011,Pepper Barbecue Chicken,Chicken,L,2,469,0,57
11727,2025-02-04,22:19:00,1380,11,Bilaspur,Takeaway,UPI,P013,Veg Extravaganza,Premium Veg,L,1,479,0,0
11727,2025-02-04,22:19:00,1380,11,Bilaspur,Takeaway,UPI,P009,Chicken Dominator,Chicken,L,1,469,0,0
11727,2025-02-04,22:19:00,1380,11,Bilaspur,Takeaway,UPI,P003,Margherita,Classic,L,1,449,0,0
11728,2025-09-22,20:31:00,1165,3,Raipur,Dine-in,Wallet,P001,Margherita,Classic,S,1,179,17.9,0
11728,2025-09-22,20:31:00,1165,3,Raipur,Dine-in,Wallet,P010,Pepper Barbecue Chicken,Chicken,M,1,319,15.95,0
11729,2025-12-10,17:10:00,1381,13,Nagpur,Takeaway,Card,P019,Paneer Makhani,Veg,L,1,449,0,0
11729,2025-12-10,17:10:00,1381,13,Nagpur,Takeaway,Card,P005,Farmhouse,Veg,L,1,449,0,0
11729,2025-12-10,17:10:00,1381,13,Nagpur,Takeaway,Card,P020,Garlic Bread,Sides,M,1,149,0,0
11730,2025-04-30,17:14:00,1016,10,Bilaspur,Dine-in,Wallet,P010,Pepper Barbecue Chicken,Chicken,M,1,319,31.9,0
11730,2025-04-30,17:14:00,1016,10,Bilaspur,Dine-in,Wallet,P015,Mexican Green Wave,Veg,L,1,449,0,0
11730,2025-04-30,17:14:00,1016,10,Bilaspur,Dine-in,Wallet,P011,Pepper Barbecue Chicken,Chicken,L,1,469,0,0
11730,2025-04-30,17:14:00,1016,10,Bilaspur,Dine-in,Wallet,P004,Farmhouse,Veg,M,1,299,14.95,0
11731,2025-07-25,18:56:00,1003,2,Raipur,Delivery,Cash,P011,Pepper Barbecue Chicken,Chicken,L,1,469,46.9,44
11731,2025-07-25,18:56:00,1003,2,Raipur,Delivery,Cash,P001,Margherita,Classic,S,1,179,0,51
11732,2025-08-09,19:30:00,1079,13,Nagpur,Takeaway,Cash,P005,Farmhouse,Veg,L,1,449,22.45,0
11733,2025-09-09,16:45:00,1084,6,Bhilai,Delivery,UPI,P008,Chicken Dominator,Chicken,M,1,319,31.9,24
11733,2025-09-09,16:45:00,1084,6,Bhilai,Delivery,UPI,P011,Pepper Barbecue Chicken,Chicken,L,1,469,0,21
11734,2025-09-12,18:12:00,1329,3,Raipur,Delivery,Cash,P004,Farmhouse,Veg,M,1,299,0,54
11735,2025-12-06,15:02:00,1076,12,Bilaspur,Delivery,UPI,P008,Chicken Dominator,Chicken,M,1,319,31.9,20
11735,2025-12-06,15:02:00,1076,12,Bilaspur,Delivery,UPI,P003,Margherita,Classic,L,1,449,0,37
11736,2025-04-05,20:54:00,1159,5,Bhilai,Takeaway,Cash,P015,Mexican Green Wave,Veg,L,1,449,44.9,0
11737,2025-08-09,12:47:00,1274,7,Durg,Takeaway,Card,P020,Garlic Bread,Sides,M,1,149,14.9,0
11737,2025-08-09,12:47:00,1274,7,Durg,Takeaway,Card,P019,Paneer Makhani,Veg,L,1,449,44.9,0
11737,2025-08-09,12:47:00,1274,7,Durg,Takeaway,Card,P018,Paneer Makhani,Veg,M,1,299,14.95,0
11738,2025-02-09,20:38:00,1037,13,Nagpur,Delivery,UPI,P002,Margherita,Classic,M,1,299,0,52
11738,2025-02-09,20:38:00,1037,13,Nagpur,Delivery,UPI,P012,Veg Extravaganza,Premium Veg,M,1,329,16.45,23
11738,2025-02-09,20:38:00,1037,13,Nagpur,Delivery,UPI,P020,Garlic Bread,Sides,M,1,149,7.45,40
11739,2025-07-16,15:16:00,1019,10,Bilaspur,Takeaway,Cash,P005,Farmhouse,Veg,L,1,449,0,0
11740,2025-02-18,17:53:00,1232,5,Bhilai,Delivery,Wallet,P004,Farmhouse,Veg,M,1,299,0,59
11740,2025-02-18,17:53:00,1232,5,Bhilai,Delivery,Wallet,P012,Veg Extravaganza,Premium Veg,M,1,329,32.9,48
11740,2025-02-18,17:53:00,1232,5,Bhilai,Delivery,Wallet,P019,Paneer Makhani,Veg,L,1,449,0,21
11741,2025-05-26,10:15:00,1425,13,Nagpur,Delivery,Cash,P018,Paneer Makhani,Veg,M,1,299,0,33
11741,2025-05-26,10:15:00,1425,13,Nagpur,Delivery,Cash,P002,Margherita,Classic,M,1,299,0,29
11741,2025-05-26,10:15:00,1425,13,Nagpur,Delivery,Cash,P004,Farmhouse,Veg,M,1,299,0,52
11742,2025-01-13,19:37:00,1196,7,Durg,Takeaway,UPI,P008,Chicken Dominator,Chicken,M,1,319,31.9,0
11742,2025-01-13,19:37:00,1196,7,Durg,Takeaway,UPI,P019,Paneer Makhani,Veg,L,1,449,22.45,0
11743,2025-11-18,22:47:00,1011,11,Bilaspur,Delivery,UPI,P006,Peppy Paneer,Veg,M,1,299,14.95,23
11743,2025-11-18,22:47:00,1011,11,Bilaspur,Delivery,UPI,P003,Margherita,Classic,L,1,449,44.9,36
11744,2025-12-21,18:38:00,1106,14,Nagpur,Delivery,Card,P013,Veg Extravaganza,Premium Veg,L,1,479,0,56
11744,2025-12-21,18:38:00,1106,14,Nagpur,Delivery,Card,P002,Margherita,Classic,M,1,299,29.9,37
11744,2025-12-21,18:38:00,1106,14,Nagpur,Delivery,Card,P001,Margherita,Classic,S,1,179,8.95,19
11745,2025-09-15,21:57:00,1028,13,Nagpur,Takeaway,Wallet,P001,Margherita,Classic,S,1,179,0,0
11745,2025-09-15,21:57:00,1028,13,Nagpur,Takeaway,Wallet,P013,Veg Extravaganza,Premium Veg,L,1,479,0,0
11745,2025-09-15,21:57:00,1028,13,Nagpur,Takeaway,Wallet,P010,Pepper Barbecue Chicken,Chicken,M,1,319,0,0
11745,2025-09-15,21:57:00,1028,13,Nagpur,Takeaway,Wallet,P008,Chicken Dominator,Chicken,M,1,319,0,0
11746,2025-11-03,19:05:00,1277,14,Nagpur,Takeaway,Cash,P002,Margherita,Classic,M,1,299,0,0
11746,2025-11-03,19:05:00,1277,14,Nagpur,Takeaway,Cash,P003,Margherita,Classic,L,1,449,44.9,0
11747,2025-07-13,14:21:00,1276,5,Bhilai,Delivery,UPI,P003,Margherita,Classic,L,2,449,0,25
11747,2025-07-13,14:21:00,1276,5,Bhilai,Delivery,UPI,P006,Peppy Paneer,Veg,M,1,299,29.9,20
11748,2025-06-01,22:51:00,1351,11,Bilaspur,Dine-in,Card,P005,Farmhouse,Veg,L,1,449,44.9,0
11749,2025-12-14,10:30:00,1140,6,Bhilai,Takeaway,Cash,P013,Veg Extravaganza,Premium Veg,L,1,479,0,0
11749,2025-12-14,10:30:00,1140,6,Bhilai,Takeaway,Cash,P020,Garlic Bread,Sides,M,1,149,0,0
11749,2025-12-14,10:30:00,1140,6,Bhilai,Takeaway,Cash,P001,Margherita,Classic,S,1,179,0,0
11749,2025-12-14,10:30:00,1140,6,Bhilai,Takeaway,Cash,P009,Chicken Dominator,Chicken,L,1,469,46.9,0
11750,2025-02-02,16:47:00,1038,14,Nagpur,Delivery,Cash,P010,Pepper Barbecue Chicken,Chicken,M,1,319,31.9,42
11750,2025-02-02,16:47:00,1038,14,Nagpur,Delivery,Cash,P007,Peppy Paneer,Veg,L,1,449,44.9,26
11751,2025-07-28,15:20:00,1360,13,Nagpur,Delivery,UPI,P004,Farmhouse,Veg,M,1,299,0,65
11751,2025-07-28,15:20:00,1360,13,Nagpur,Delivery,UPI,P001,Margherita,Classic,S,1,179,8.95,19
11751,2025-07-28,15:20:00,1360,13,Nagpur,Delivery,UPI,P014,Mexican Green Wave,Veg,M,1,299,0,41
11752,2025-09-06,20:58:00,1230,1,Raipur,Delivery,Wallet,P001,Margherita,Classic,S,2,179,35.8,43
11752,2025-09-06,20:58:00,1230,1,Raipur,Delivery,Wallet,P019,Paneer Makhani,Veg,L,1,449,0,45
11752,2025-09-06,20:58:00,1230,1,Raipur,Delivery,Wallet,P004,Farmhouse,Veg,M,1,299,0,41
11753,2025-01-23,14:33:00,1329,2,Raipur,Delivery,Wallet,P016,Cheese Burst,Specialty,M,1,324,0,31
11753,2025-01-23,14:33:00,1329,2,Raipur,Delivery,Wallet,P011,Pepper Barbecue Chicken,Chicken,L,1,469,0,55
11753,2025-01-23,14:33:00,1329,2,Raipur,Delivery,Wallet,P010,Pepper Barbecue Chicken,Chicken,M,1,319,0,28
11754,2025-01-31,20:15:00,1328,1,Raipur,Delivery,Card,P010,Pepper Barbecue Chicken,Chicken,M,1,319,15.95,28
11755,2025-12-19,15:29:00,1388,6,Bhilai,Delivery,Cash,P017,Cheese Burst,Specialty,L,1,474,0,43
11755,2025-12-19,15:29:00,1388,6,Bhilai,Delivery,Cash,P010,Pepper Barbecue Chicken,Chicken,M,1,319,0,21
11756,2025-11-16,20:27:00,1023,3,Raipur,Takeaway,Wallet,P019,Paneer Makhani,Veg,L,2,449,44.9,0
11756,2025-11-16,20:27:00,1023,3,Raipur,Takeaway,Wallet,P020,Garlic Bread,Sides,M,1,149,7.45,0
11757,2025-05-20,22:37:00,1071,1,Raipur,Delivery,Cash,P019,Paneer Makhani,Veg,L,1,449,0,58
11757,2025-05-20,22:37:00,1071,1,Raipur,Delivery,Cash,P004,Farmhouse,Veg,M,1,299,0,63
11757,2025-05-20,22:37:00,1071,1,Raipur,Delivery,Cash,P002,Margherita,Classic,M,1,299,29.9,40
11758,2025-11-19,17:13:00,1146,15,Nagpur,Takeaway,Cash,P006,Peppy Paneer,Veg,M,2,299,29.9,0
11758,2025-11-19,17:13:00,1146,15,Nagpur,Takeaway,Cash,P017,Cheese Burst,Specialty,L,1,474,0,0
11759,2025-03-05,18:31:00,1027,6,Bhilai,Takeaway,Wallet,P004,Farmhouse,Veg,M,1,299,29.9,0
11760,2025-02-22,20:53:00,1072,5,Bhilai,Delivery,UPI,P001,Margherita,Classic,S,1,179,17.9,19
11760,2025-02-22,20:53:00,1072,5,Bhilai,Delivery,UPI,P007,Peppy Paneer,Veg,L,1,449,0,30
11760,2025-02-22,20:53:00,1072,5,Bhilai,Delivery,UPI,P011,Pepper Barbecue Chicken,Chicken,L,1,469,23.45,22
11760,2025-02-22,20:53:00,1072,5,Bhilai,Delivery,UPI,P014,Mexican Green Wave,Veg,M,1,299,14.95,50
11761,2025-07-06,12:23:00,1102,11,Bilaspur,Delivery,Wallet,P012,Veg Extravaganza,Premium Veg,M,1,329,0,45
11761,2025-07-06,12:23:00,1102,11,Bilaspur,Delivery,Wallet,P011,Pepper Barbecue Chicken,Chicken,L,1,469,46.9,24
11762,2025-06-11,18:22:00,1270,8,Durg,Delivery,Cash,P003,Margherita,Classic,L,1,449,0,33
11762,2025-06-11,18:22:00,1270,8,Durg,Delivery,Cash,P005,Farmhouse,Veg,L,1,449,22.45,37
11763,2025-08-15,19:03:00,1364,7,Durg,Dine-in,Cash,P002,Margherita,Classic,M,1,299,29.9,0
11763,2025-08-15,19:03:00,1364,7,Durg,Dine-in,Cash,P016,Cheese Burst,Specialty,M,1,324,0,0
11764,2025-06-13,20:07:00,1294,15,Nagpur,Takeaway,Wallet,P020,Garlic Bread,Sides,M,1,149,0,0
11764,2025-06-13,20:07:00,1294,15,Nagpur,Takeaway,Wallet,P019,Paneer Makhani,Veg,L,1,449,44.9,0
11764,2025-06-13,20:07:00,1294,15,Nagpur,Takeaway,Wallet,P017,Cheese Burst,Specialty,L,1,474,23.7,0
11764,2025-06-13,20:07:00,1294,15,Nagpur,Takeaway,Wallet,P006,Peppy Paneer,Veg,M,1,299,29.9,0
11765,2025-03-05,18:12:00,1166,12,Bilaspur,Delivery,Cash,P006,Peppy Paneer,Veg,M,2,299,0,33
11765,2025-03-05,18:12:00,1166,12,Bilaspur,Delivery,Cash,P020,Garlic Bread,Sides,M,1,149,14.9,48
11765,2025-03-05,18:12:00,1166,12,Bilaspur,Delivery,Cash,P007,Peppy Paneer,Veg,L,1,449,0,52
11766,2025-05-16,16:00:00,1413,11,Bilaspur,Delivery,Card,P001,Margherita,Classic,S,1,179,17.9,33
11766,2025-05-16,16:00:00,1413,11,Bilaspur,Delivery,Card,P006,Peppy Paneer,Veg,M,1,299,0,30
11767,2025-03-15,19:38:00,1358,8,Durg,Delivery,Card,P009,Chicken Dominator,Chicken,L,1,469,23.45,34
11767,2025-03-15,19:38:00,1358,8,Durg,Delivery,Card,P017,Cheese Burst,Specialty,L,1,474,0,29
11768,2025-10-15,21:20:00,1123,13,Nagpur,Delivery,Wallet,P006,Peppy Paneer,Veg,M,1,299,29.9,48
11768,2025-10-15,21:20:00,1123,13,Nagpur,Delivery,Wallet,P017,Cheese Burst,Specialty,L,1,474,0,57
11768,2025-10-15,21:20:00,1123,13,Nagpur,Delivery,Wallet,P011,Pepper Barbecue Chicken,Chicken,L,1,469,0,32
11768,2025-10-15,21:20:00,1123,13,Nagpur,Delivery,Wallet,P004,Farmhouse,Veg,M,1,299,14.95,59
11769,2025-03-14,12:15:00,1352,3,Raipur,Delivery,UPI,P012,Veg Extravaganza,Premium Veg,M,1,329,0,32
11769,2025-03-14,12:15:00,1352,3,Raipur,Delivery,UPI,P001,Margherita,Classic,S,1,179,0,51
11769,2025-03-14,12:15:00,1352,3,Raipur,Delivery,UPI,P007,Peppy Paneer,Veg,L,1,449,22.45,36
11770,2025-03-12,16:19:00,1254,11,Bilaspur,Delivery,Card,P015,Mexican Green Wave,Veg,L,1,449,44.9,39
11771,2025-06-14,21:21:00,1432,5,Bhilai,Takeaway,Card,P001,Margherita,Classic,S,1,179,0,0
11771,2025-06-14,21:21:00,1432,5,Bhilai,Takeaway,Card,P019,Paneer Makhani,Veg,L,1,449,0,0
11771,2025-06-14,21:21:00,1432,5,Bhilai,Takeaway,Card,P005,Farmhouse,Veg,L,1,449,0,0
11771,2025-06-14,21:21:00,1432,5,Bhilai,Takeaway,Card,P009,Chicken Dominator,Chicken,L,1,469,0,0
11772,2025-01-16,10:53:00,1202,13,Nagpur,Delivery,Card,P012,Veg Extravaganza,Premium Veg,M,1,329,32.9,58
11772,2025-01-16,10:53:00,1202,13,Nagpur,Delivery,Card,P003,Margherita,Classic,L,1,449,0,26
11773,2025-09-10,18:29:00,1112,4,Bhilai,Dine-in,Wallet,P020,Garlic Bread,Sides,M,1,149,14.9,0
11774,2025-06-02,20:01:00,1411,8,Durg,Delivery,Cash,P004,Farmhouse,Veg,M,1,299,0,39
11775,2025-11-11,17:39:00,1258,13,Nagpur,Delivery,Cash,P013,Veg Extravaganza,Premium Veg,L,1,479,0,58
11776,2025-08-31,20:19:00,1373,1,Raipur,Delivery,Wallet,P001,Margherita,Classic,S,1,179,8.95,50
11776,2025-08-31,20:19:00,1373,1,Raipur,Delivery,Wallet,P011,Pepper Barbecue Chicken,Chicken,L,1,469,0,45
11776,2025-08-31,20:19:00,1373,1,Raipur,Delivery,Wallet,P007,Peppy Paneer,Veg,L,1,449,44.9,44
11777,2025-03-12,17:59:00,1002,14,Nagpur,Dine-in,Card,P017,Cheese Burst,Specialty,L,1,474,0,0
11778,2025-12-28,17:51:00,1261,11,Bilaspur,Dine-in,Wallet,P020,Garlic Bread,Sides,M,1,149,14.9,0
11778,2025-12-28,17:51:00,1261,11,Bilaspur,Dine-in,Wallet,P013,Veg Extravaganza,Premium Veg,L,1,479,23.95,0
11778,2025-12-28,17:51:00,1261,11,Bilaspur,Dine-in,Wallet,P004,Farmhouse,Veg,M,1,299,14.95,0
11779,2025-11-01,18:37:00,1107,2,Raipur,Delivery,Card,P014,Mexican Green Wave,Veg,M,1,299,0,34
11779,2025-11-01,18:37:00,1107,2,Raipur,Delivery,Card,P017,Cheese Burst,Specialty,L,2,474,94.8,20
11779,2025-11-01,18:37:00,1107,2,Raipur,Delivery,Card,P013,Veg Extravaganza,Premium Veg,L,1,479,23.95,38
11780,2025-01-08,21:38:00,1360,13,Nagpur,Takeaway,Card,P015,Mexican Green Wave,Veg,L,1,449,0,0
11780,2025-01-08,21:38:00,1360,13,Nagpur,Takeaway,Card,P007,Peppy Paneer,Veg,L,1,449,22.45,0
11780,2025-01-08,21:38:00,1360,13,Nagpur,Takeaway,Card,P003,Margherita,Classic,L,1,449,44.9,0
11780,2025-01-08,21:38:00,1360,13,Nagpur,Takeaway,Card,P002,Margherita,Classic,M,1,299,0,0
11781,2025-03-08,14:45:00,1281,10,Bilaspur,Takeaway,UPI,P005,Farmhouse,Veg,L,1,449,22.45,0
11782,2025-10-15,22:14:00,1129,1,Raipur,Delivery,UPI,P012,Veg Extravaganza,Premium Veg,M,1,329,0,26
11782,2025-10-15,22:14:00,1129,1,Raipur,Delivery,UPI,P007,Peppy Paneer,Veg,L,1,449,0,55
11783,2025-09-29,19:19:00,1255,5,Bhilai,Delivery,Card,P006,Peppy Paneer,Veg,M,1,299,29.9,22
11783,2025-09-29,19:19:00,1255,5,Bhilai,Delivery,Card,P007,Peppy Paneer,Veg,L,1,449,0,26
11783,2025-09-29,19:19:00,1255,5,Bhilai,Delivery,Card,P008,Chicken Dominator,Chicken,M,1,319,0,46
11784,2025-09-27,19:41:00,1248,1,Raipur,Delivery,Cash,P006,Peppy Paneer,Veg,M,1,299,0,42
11785,2025-12-24,13:46:00,1103,12,Bilaspur,Takeaway,Cash,P005,Farmhouse,Veg,L,1,449,22.45,0
11785,2025-12-24,13:46:00,1103,12,Bilaspur,Takeaway,Cash,P014,Mexican Green Wave,Veg,M,1,299,29.9,0
11785,2025-12-24,13:46:00,1103,12,Bilaspur,Takeaway,Cash,P010,Pepper Barbecue Chicken,Chicken,M,1,319,0,0
11785,2025-12-24,13:46:00,1103,12,Bilaspur,Takeaway,Cash,P009,Chicken Dominator,Chicken,L,1,469,23.45,0
11786,2025-09-21,18:28:00,1320,5,Bhilai,Delivery,Wallet,P018,Paneer Makhani,Veg,M,1,299,0,57
11786,2025-09-21,18:28:00,1320,5,Bhilai,Delivery,Wallet,P009,Chicken Dominator,Chicken,L,1,469,46.9,27
11787,2025-04-14,17:07:00,1026,14,Nagpur,Delivery,Card,P002,Margherita,Classic,M,1,299,14.95,38
11787,2025-04-14,17:07:00,1026,14,Nagpur,Delivery,Card,P006,Peppy Paneer,Veg,M,1,299,29.9,61
11787,2025-04-14,17:07:00,1026,14,Nagpur,Delivery,Card,P001,Margherita,Classic,S,1,179,17.9,35
11787,2025-04-14,17:07:00,1026,14,Nagpur,Delivery,Card,P007,Peppy Paneer,Veg,L,1,449,22.45,49
11788,2025-12-07,21:25:00,1166,6,Bhilai,Takeaway,Cash,P005,Farmhouse,Veg,L,1,449,22.45,0
11788,2025-12-07,21:25:00,1166,6,Bhilai,Takeaway,Cash,P020,Garlic Bread,Sides,M,1,149,0,0
11788,2025-12-07,21:25:00,1166,6,Bhilai,Takeaway,Cash,P003,Margherita,Classic,L,1,449,0,0
11788,2025-12-07,21:25:00,1166,6,Bhilai,Takeaway,Cash,P007,Peppy Paneer,Veg,L,1,449,0,0
11789,2025-07-17,18:21:00,1267,13,Nagpur,Takeaway,Card,P012,Veg Extravaganza,Premium Veg,M,1,329,16.45,0
11789,2025-07-17,18:21:00,1267,13,Nagpur,Takeaway,Card,P006,Peppy Paneer,Veg,M,1,299,14.95,0
11789,2025-07-17,18:21:00,1267,13,Nagpur,Takeaway,Card,P007,Peppy Paneer,Veg,L,1,449,22.45,0
11790,2025-02-24,15:57:00,1132,14,Nagpur,Delivery,UPI,P019,Paneer Makhani,Veg,L,1,449,0,51
11790,2025-02-24,15:57:00,1132,14,Nagpur,Delivery,UPI,P001,Margherita,Classic,S,1,179,17.9,52
11790,2025-02-24,15:57:00,1132,14,Nagpur,Delivery,UPI,P015,Mexican Green Wave,Veg,L,1,449,44.9,19
11790,2025-02-24,15:57:00,1132,14,Nagpur,Delivery,UPI,P016,Cheese Burst,Specialty,M,1,324,0,38
11791,2025-08-29,21:46:00,1033,8,Durg,Delivery,Card,P003,Margherita,Classic,L,1,449,0,31
11791,2025-08-29,21:46:00,1033,8,Durg,Delivery,Card,P018,Paneer Makhani,Veg,M,1,299,29.9,21
11791,2025-08-29,21:46:00,1033,8,Durg,Delivery,Card,P005,Farmhouse,Veg,L,1,449,0,20
11791,2025-08-29,21:46:00,1033,8,Durg,Delivery,Card,P019,Paneer Makhani,Veg,L,1,449,22.45,64
11792,2025-01-25,18:47:00,1274,4,Bhilai,Delivery,Cash,P003,Margherita,Classic,L,1,449,0,55
11793,2025-08-10,19:52:00,1311,8,Durg,Delivery,Wallet,P017,Cheese Burst,Specialty,L,1,474,0,53
11793,2025-08-10,19:52:00,1311,8,Durg,Delivery,Wallet,P005,Farmhouse,Veg,L,1,449,22.45,25
11794,2025-04-18,17:39:00,1139,9,Durg,Delivery,Cash,P007,Peppy Paneer,Veg,L,1,449,22.45,42
11795,2025-12-20,18:32:00,1008,10,Bilaspur,Delivery,Card,P012,Veg Extravaganza,Premium Veg,M,1,329,0,26
11795,2025-12-20,18:32:00,1008,10,Bilaspur,Delivery,Card,P018,Paneer Makhani,Veg,M,1,299,29.9,18
11795,2025-12-20,18:32:00,1008,10,Bilaspur,Delivery,Card,P010,Pepper Barbecue Chicken,Chicken,M,1,319,0,63
11796,2025-11-12,16:09:00,1334,14,Nagpur,Takeaway,UPI,P020,Garlic Bread,Sides,M,1,149,0,0
11796,2025-11-12,16:09:00,1334,14,Nagpur,Takeaway,UPI,P006,Peppy Paneer,Veg,M,1,299,14.95,0
11797,2025-09-24,16:53:00,1446,1,Raipur,Delivery,Cash,P001,Margherita,Classic,S,1,179,17.9,60
11797,2025-09-24,16:53:00,1446,1,Raipur,Delivery,Cash,P002,Margherita,Classic,M,1,299,29.9,48
11798,2025-05-27,18:29:00,1186,10,Bilaspur,Delivery,UPI,P001,Margherita,Classic,S,1,179,0,30
11798,2025-05-27,18:29:00,1186,10,Bilaspur,Delivery,UPI,P018,Paneer Makhani,Veg,M,1,299,0,50
11798,2025-05-27,18:29:00,1186,10,Bilaspur,Delivery,UPI,P014,Mexican Green Wave,Veg,M,1,299,0,56
11799,2025-06-13,20:33:00,1448,7,Durg,Takeaway,Cash,P009,Chicken Dominator,Chicken,L,1,469,0,0
11800,2025-05-06,19:14:00,1087,15,Nagpur,Delivery,Cash,P013,Veg Extravaganza,Premium Veg,L,1,479,47.9,36
11800,2025-05-06,19:14:00,1087,15,Nagpur,Delivery,Cash,P014,Mexican Green Wave,Veg,M,1,299,0,24
11800,2025-05-06,19:14:00,1087,15,Nagpur,Delivery,Cash,P003,Margherita,Classic,L,1,449,44.9,30
11800,2025-05-06,19:14:00,1087,15,Nagpur,Delivery,Cash,P007,Peppy Paneer,Veg,L,1,449,0,42
11801,2025-07-26,15:37:00,1110,11,Bilaspur,Dine-in,UPI,P002,Margherita,Classic,M,1,299,0,0
11801,2025-07-26,15:37:00,1110,11,Bilaspur,Dine-in,UPI,P016,Cheese Burst,Specialty,M,1,324,32.4,0
11801,2025-07-26,15:37:00,1110,11,Bilaspur,Dine-in,UPI,P019,Paneer Makhani,Veg,L,1,449,0,0
11802,2025-05-31,20:56:00,1196,14,Nagpur,Delivery,Cash,P007,Peppy Paneer,Veg,L,1,449,44.9,27
11802,2025-05-31,20:56:00,1196,14,Nagpur,Delivery,Cash,P009,Chicken Dominator,Chicken,L,1,469,0,26
11802,2025-05-31,20:56:00,1196,14,Nagpur,Delivery,Cash,P016,Cheese Burst,Specialty,M,1,324,32.4,64
11803,2025-03-15,16:30:00,1061,8,Durg,Delivery,UPI,P018,Paneer Makhani,Veg,M,1,299,0,20
11803,2025-03-15,16:30:00,1061,8,Durg,Delivery,UPI,P004,Farmhouse,Veg,M,1,299,29.9,38
11804,2025-05-20,21:45:00,1278,11,Bilaspur,Delivery,UPI,P016,Cheese Burst,Specialty,M,1,324,16.2,22
11804,2025-05-20,21:45:00,1278,11,Bilaspur,Delivery,UPI,P020,Garlic Bread,Sides,M,1,149,14.9,44
11804,2025-05-20,21:45:00,1278,11,Bilaspur,Delivery,UPI,P010,Pepper Barbecue Chicken,Chicken,M,1,319,31.9,38
11805,2025-06-10,15:33:00,1040,14,Nagpur,Takeaway,UPI,P014,Mexican Green Wave,Veg,M,1,299,14.95,0
11805,2025-06-10,15:33:00,1040,14,Nagpur,Takeaway,UPI,P007,Peppy Paneer,Veg,L,1,449,44.9,0
11805,2025-06-10,15:33:00,1040,14,Nagpur,Takeaway,UPI,P001,Margherita,Classic,S,1,179,0,0
11805,2025-06-10,15:33:00,1040,14,Nagpur,Takeaway,UPI,P010,Pepper Barbecue Chicken,Chicken,M,1,319,15.95,0
11806,2025-07-09,18:38:00,1391,12,Bilaspur,Delivery,Card,P016,Cheese Burst,Specialty,M,1,324,32.4,31
11806,2025-07-09,18:38:00,1391,12,Bilaspur,Delivery,Card,P003,Margherita,Classic,L,1,449,0,27
11806,2025-07-09,18:38:00,1391,12,Bilaspur,Delivery,Card,P004,Farmhouse,Veg,M,1,299,0,61
11806,2025-07-09,18:38:00,1391,12,Bilaspur,Delivery,Card,P008,Chicken Dominator,Chicken,M,1,319,31.9,43
11807,2025-02-10,15:37:00,1205,11,Bilaspur,Delivery,UPI,P011,Pepper Barbecue Chicken,Chicken,L,1,469,23.45,65
11808,2025-02-15,18:51:00,1280,2,Raipur,Delivery,Wallet,P008,Chicken Dominator,Chicken,M,1,319,0,19
11809,2025-11-29,20:00:00,1206,7,Durg,Takeaway,UPI,P001,Margherita,Classic,S,1,179,0,0
11810,2025-04-23,18:09:00,1302,9,Durg,Delivery,Card,P004,Farmhouse,Veg,M,1,299,29.9,60
11810,2025-04-23,18:09:00,1302,9,Durg,Delivery,Card,P013,Veg Extravaganza,Premium Veg,L,1,479,23.95,56
11811,2025-08-21,21:15:00,1366,6,Bhilai,Delivery,Wallet,P007,Peppy Paneer,Veg,L,1,449,0,30
11811,2025-08-21,21:15:00,1366,6,Bhilai,Delivery,Wallet,P010,Pepper Barbecue Chicken,Chicken,M,1,319,15.95,40
11811,2025-08-21,21:15:00,1366,6,Bhilai,Delivery,Wallet,P017,Cheese Burst,Specialty,L,1,474,47.4,18
11812,2025-09-07,18:47:00,1052,13,Nagpur,Delivery,Card,P005,Farmhouse,Veg,L,1,449,22.45,58
11813,2025-01-22,19:49:00,1163,8,Durg,Takeaway,UPI,P002,Margherita,Classic,M,2,299,0,0
11813,2025-01-22,19:49:00,1163,8,Durg,Takeaway,UPI,P008,Chicken Dominator,Chicken,M,1,319,15.95,0
11814,2025-12-30,20:16:00,1023,5,Bhilai,Delivery,Card,P020,Garlic Bread,Sides,M,1,149,7.45,22
11815,2025-06-07,21:03:00,1334,15,Nagpur,Takeaway,Card,P020,Garlic Bread,Sides,M,1,149,0,0
11815,2025-06-07,21:03:00,1334,15,Nagpur,Takeaway,Card,P015,Mexican Green Wave,Veg,L,1,449,0,0
11816,2025-07-25,18:28:00,1059,6,Bhilai,Delivery,Wallet,P014,Mexican Green Wave,Veg,M,1,299,29.9,46
11817,2025-11-13,18:03:00,1448,15,Nagpur,Delivery,Cash,P006,Peppy Paneer,Veg,M,1,299,29.9,54
11817,2025-11-13,18:03:00,1448,15,Nagpur,Delivery,Cash,P008,Chicken Dominator,Chicken,M,1,319,15.95,19
11817,2025-11-13,18:03:00,1448,15,Nagpur,Delivery,Cash,P004,Farmhouse,Veg,M,1,299,0,45
11818,2025-08-07,22:52:00,1012,2,Raipur,Delivery,Card,P008,Chicken Dominator,Chicken,M,2,319,0,25
11818,2025-08-07,22:52:00,1012,2,Raipur,Delivery,Card,P014,Mexican Green Wave,Veg,M,1,299,14.95,55
11819,2025-09-13,17:45:00,1083,10,Bilaspur,Dine-in,Card,P004,Farmhouse,Veg,M,1,299,0,0
11819,2025-09-13,17:45:00,1083,10,Bilaspur,Dine-in,Card,P008,Chicken Dominator,Chicken,M,1,319,0,0
11819,2025-09-13,17:45:00,1083,10,Bilaspur,Dine-in,Card,P020,Garlic Bread,Sides,M,1,149,0,0
11819,2025-09-13,17:45:00,1083,10,Bilaspur,Dine-in,Card,P015,Mexican Green Wave,Veg,L,1,449,0,0
11820,2025-06-19,18:58:00,1362,11,Bilaspur,Delivery,Card,P004,Farmhouse,Veg,M,1,299,29.9,65
11820,2025-06-19,18:58:00,1362,11,Bilaspur,Delivery,Card,P005,Farmhouse,Veg,L,1,449,22.45,22
11821,2025-10-09,17:47:00,1131,9,Durg,Delivery,Wallet,P001,Margherita,Classic,S,1,179,17.9,48
11821,2025-10-09,17:47:00,1131,9,Durg,Delivery,Wallet,P007,Peppy Paneer,Veg,L,1,449,22.45,42
11821,2025-10-09,17:47:00,1131,9,Durg,Delivery,Wallet,P003,Margherita,Classic,L,1,449,0,64
11821,2025-10-09,17:47:00,1131,9,Durg,Delivery,Wallet,P005,Farmhouse,Veg,L,1,449,0,40
11822,2025-11-20,19:34:00,1146,11,Bilaspur,Delivery,Wallet,P014,Mexican Green Wave,Veg,M,1,299,29.9,22
11822,2025-11-20,19:34:00,1146,11,Bilaspur,Delivery,Wallet,P019,Paneer Makhani,Veg,L,1,449,44.9,18
11822,2025-11-20,19:34:00,1146,11,Bilaspur,Delivery,Wallet,P010,Pepper Barbecue Chicken,Chicken,M,1,319,15.95,18
11823,2025-03-24,21:04:00,1263,11,Bilaspur,Delivery,UPI,P018,Paneer Makhani,Veg,M,1,299,14.95,35
11823,2025-03-24,21:04:00,1263,11,Bilaspur,Delivery,UPI,P002,Margherita,Classic,M,1,299,29.9,42
11823,2025-03-24,21:04:00,1263,11,Bilaspur,Delivery,UPI,P015,Mexican Green Wave,Veg,L,1,449,0,63
11824,2025-10-30,16:35:00,1105,12,Bilaspur,Delivery,Wallet,P001,Margherita,Classic,S,1,179,0,52
11824,2025-10-30,16:35:00,1105,12,Bilaspur,Delivery,Wallet,P020,Garlic Bread,Sides,M,1,149,14.9,36
11824,2025-10-30,16:35:00,1105,12,Bilaspur,Delivery,Wallet,P010,Pepper Barbecue Chicken,Chicken,M,1,319,0,30
11825,2025-01-15,20:27:00,1437,11,Bilaspur,Delivery,UPI,P013,Veg Extravaganza,Premium Veg,L,1,479,47.9,46
11825,2025-01-15,20:27:00,1437,11,Bilaspur,Delivery,UPI,P003,Margherita,Classic,L,2,449,89.8,25
11825,2025-01-15,20:27:00,1437,11,Bilaspur,Delivery,UPI,P009,Chicken Dominator,Chicken,L,1,469,46.9,44
11826,2025-07-31,18:04:00,1001,3,Raipur,Dine-in,Wallet,P004,Farmhouse,Veg,M,1,299,0,0
11826,2025-07-31,18:04:00,1001,3,Raipur,Dine-in,Wallet,P016,Cheese Burst,Specialty,M,1,324,0,0
11827,2025-03-07,15:44:00,1113,5,Bhilai,Delivery,UPI,P018,Paneer Makhani,Veg,M,1,299,0,64
11828,2025-08-13,22:35:00,1114,15,Nagpur,Delivery,Cash,P002,Margherita,Classic,M,1,299,29.9,57
11829,2025-02-06,17:40:00,1156,5,Bhilai,Takeaway,UPI,P005,Farmhouse,Veg,L,1,449,22.45,0
11829,2025-02-06,17:40:00,1156,5,Bhilai,Takeaway,UPI,P010,Pepper Barbecue Chicken,Chicken,M,1,319,0,0
11829,2025-02-06,17:40:00,1156,5,Bhilai,Takeaway,UPI,P003,Margherita,Classic,L,1,449,44.9,0
11830,2025-06-05,21:58:00,1185,7,Durg,Takeaway,Card,P016,Cheese Burst,Specialty,M,1,324,0,0
11830,2025-06-05,21:58:00,1185,7,Durg,Takeaway,Card,P002,Margherita,Classic,M,1,299,29.9,0
11830,2025-06-05,21:58:00,1185,7,Durg,Takeaway,Card,P006,Peppy Paneer,Veg,M,1,299,0,0
11830,2025-06-05,21:58:00,1185,7,Durg,Takeaway,Card,P008,Chicken Dominator,Chicken,M,1,319,0,0
11831,2025-10-18,19:48:00,1183,12,Bilaspur,Dine-in,Wallet,P006,Peppy Paneer,Veg,M,1,299,29.9,0
11831,2025-10-18,19:48:00,1183,12,Bilaspur,Dine-in,Wallet,P014,Mexican Green Wave,Veg,M,1,299,29.9,0
11831,2025-10-18,19:48:00,1183,12,Bilaspur,Dine-in,Wallet,P011,Pepper Barbecue Chicken,Chicken,L,1,469,46.9,0
11832,2025-05-15,20:19:00,1312,1,Raipur,Delivery,Cash,P020,Garlic Bread,Sides,M,1,149,7.45,39
11833,2025-02-02,20:13:00,1426,15,Nagpur,Takeaway,Cash,P019,Paneer Makhani,Veg,L,1,449,44.9,0
11833,2025-02-02,20:13:00,1426,15,Nagpur,Takeaway,Cash,P004,Farmhouse,Veg,M,1,299,0,0
11833,2025-02-02,20:13:00,1426,15,Nagpur,Takeaway,Cash,P009,Chicken Dominator,Chicken,L,1,469,0,0
11834,2025-10-01,21:14:00,1294,1,Raipur,Delivery,Card,P001,Margherita,Classic,S,1,179,8.95,42
11834,2025-10-01,21:14:00,1294,1,Raipur,Delivery,Card,P019,Paneer Makhani,Veg,L,1,449,0,41
11835,2025-12-18,18:37:00,1425,4,Bhilai,Delivery,UPI,P004,Farmhouse,Veg,M,1,299,29.9,51
11836,2025-09-22,18:52:00,1163,4,Bhilai,Delivery,UPI,P001,Margherita,Classic,S,1,179,17.9,59
11836,2025-09-22,18:52:00,1163,4,Bhilai,Delivery,UPI,P005,Farmhouse,Veg,L,1,449,44.9,45
11836,2025-09-22,18:52:00,1163,4,Bhilai,Delivery,UPI,P004,Farmhouse,Veg,M,1,299,0,50
11837,2025-04-10,13:33:00,1412,6,Bhilai,Delivery,UPI,P013,Veg Extravaganza,Premium Veg,L,1,479,47.9,33
11838,2025-02-13,17:37:00,1044,6,Bhilai,Delivery,UPI,P004,Farmhouse,Veg,M,1,299,0,18
11838,2025-02-13,17:37:00,1044,6,Bhilai,Delivery,UPI,P008,Chicken Dominator,Chicken,M,1,319,31.9,53
11838,2025-02-13,17:37:00,1044,6,Bhilai,Delivery,UPI,P007,Peppy Paneer,Veg,L,1,449,0,53
11839,2025-08-22,14:39:00,1344,7,Durg,Delivery,Cash,P005,Farmhouse,Veg,L,2,449,0,27
11839,2025-08-22,14:39:00,1344,7,Durg,Delivery,Cash,P007,Peppy Paneer,Veg,L,1,449,44.9,55
11839,2025-08-22,14:39:00,1344,7,Durg,Delivery,Cash,P001,Margherita,Classic,S,1,179,0,33
11840,2025-02-06,17:16:00,1092,12,Bilaspur,Takeaway,UPI,P001,Margherita,Classic,S,2,179,35.8,0
11840,2025-02-06,17:16:00,1092,12,Bilaspur,Takeaway,UPI,P003,Margherita,Classic,L,1,449,22.45,0
11840,2025-02-06,17:16:00,1092,12,Bilaspur,Takeaway,UPI,P020,Garlic Bread,Sides,M,1,149,7.45,0
11841,2025-12-23,11:20:00,1426,3,Raipur,Delivery,UPI,P005,Farmhouse,Veg,L,1,449,0,19
11842,2025-07-26,17:02:00,1053,6,Bhilai,Delivery,Cash,P001,Margherita,Classic,S,1,179,17.9,45
11842,2025-07-26,17:02:00,1053,6,Bhilai,Delivery,Cash,P020,Garlic Bread,Sides,M,1,149,0,31
11843,2025-09-23,15:08:00,1437,3,Raipur,Delivery,UPI,P004,Farmhouse,Veg,M,1,299,0,21
11843,2025-09-23,15:08:00,1437,3,Raipur,Delivery,UPI,P020,Garlic Bread,Sides,M,1,149,7.45,42
11843,2025-09-23,15:08:00,1437,3,Raipur,Delivery,UPI,P002,Margherita,Classic,M,1,299,0,59
11844,2025-01-15,14:42:00,1379,10,Bilaspur,Takeaway,UPI,P014,Mexican Green Wave,Veg,M,1,299,14.95,0
11845,2025-10-01,17:14:00,1295,2,Raipur,Delivery,Card,P003,Margherita,Classic,L,1,449,0,28
11845,2025-10-01,17:14:00,1295,2,Raipur,Delivery,Card,P006,Peppy Paneer,Veg,M,1,299,0,64
11845,2025-10-01,17:14:00,1295,2,Raipur,Delivery,Card,P020,Garlic Bread,Sides,M,1,149,7.45,39
11846,2025-07-30,19:21:00,1065,4,Bhilai,Delivery,Wallet,P015,Mexican Green Wave,Veg,L,1,449,0,29
11846,2025-07-30,19:21:00,1065,4,Bhilai,Delivery,Wallet,P005,Farmhouse,Veg,L,1,449,22.45,55
11846,2025-07-30,19:21:00,1065,4,Bhilai,Delivery,Wallet,P007,Peppy Paneer,Veg,L,1,449,44.9,45
11847,2025-04-09,16:47:00,1028,12,Bilaspur,Takeaway,Cash,P007,Peppy Paneer,Veg,L,2,449,89.8,0
11848,2025-11-17,21:52:00,1125,5,Bhilai,Takeaway,Cash,P011,Pepper Barbecue Chicken,Chicken,L,1,469,23.45,0
11848,2025-11-17,21:52:00,1125,5,Bhilai,Takeaway,Cash,P016,Cheese Burst,Specialty,M,1,324,32.4,0
11849,2025-02-17,17:11:00,1197,7,Durg,Delivery,Cash,P004,Farmhouse,Veg,M,1,299,29.9,28
11850,2025-07-09,20:55:00,1328,9,Durg,Delivery,Wallet,P005,Farmhouse,Veg,L,1,449,0,43
11850,2025-07-09,20:55:00,1328,9,Durg,Delivery,Wallet,P004,Farmhouse,Veg,M,1,299,14.95,28
11850,2025-07-09,20:55:00,1328,9,Durg,Delivery,Wallet,P015,Mexican Green Wave,Veg,L,1,449,22.45,46
11850,2025-07-09,20:55:00,1328,9,Durg,Delivery,Wallet,P006,Peppy Paneer,Veg,M,1,299,14.95,43
11851,2025-08-11,20:42:00,1120,6,Bhilai,Delivery,Wallet,P014,Mexican Green Wave,Veg,M,1,299,14.95,65
11851,2025-08-11,20:42:00,1120,6,Bhilai,Delivery,Wallet,P018,Paneer Makhani,Veg,M,1,299,0,27
11852,2025-05-29,15:58:00,1363,13,Nagpur,Dine-in,Wallet,P005,Farmhouse,Veg,L,2,449,0,0
11853,2025-03-22,19:55:00,1331,12,Bilaspur,Dine-in,Card,P005,Farmhouse,Veg,L,1,449,22.45,0
11853,2025-03-22,19:55:00,1331,12,Bilaspur,Dine-in,Card,P003,Margherita,Classic,L,1,449,44.9,0
11854,2025-10-08,17:47:00,1220,4,Bhilai,Takeaway,UPI,P015,Mexican Green Wave,Veg,L,1,449,44.9,0
11854,2025-10-08,17:47:00,1220,4,Bhilai,Takeaway,UPI,P006,Peppy Paneer,Veg,M,1,299,0,0
11854,2025-10-08,17:47:00,1220,4,Bhilai,Takeaway,UPI,P009,Chicken Dominator,Chicken,L,1,469,0,0
11854,2025-10-08,17:47:00,1220,4,Bhilai,Takeaway,UPI,P005,Farmhouse,Veg,L,1,449,44.9,0
11855,2025-02-19,17:14:00,1345,9,Durg,Delivery,Wallet,P012,Veg Extravaganza,Premium Veg,M,1,329,0,19
11855,2025-02-19,17:14:00,1345,9,Durg,Delivery,Wallet,P002,Margherita,Classic,M,1,299,29.9,31
11856,2025-08-31,14:03:00,1242,12,Bilaspur,Delivery,UPI,P004,Farmhouse,Veg,M,1,299,29.9,48
11857,2025-10-11,21:01:00,1285,15,Nagpur,Delivery,Cash,P002,Margherita,Classic,M,1,299,14.95,43
11857,2025-10-11,21:01:00,1285,15,Nagpur,Delivery,Cash,P020,Garlic Bread,Sides,M,1,149,0,55
11858,2025-06-02,20:28:00,1204,3,Raipur,Delivery,Cash,P014,Mexican Green Wave,Veg,M,1,299,0,42
11858,2025-06-02,20:28:00,1204,3,Raipur,Delivery,Cash,P020,Garlic Bread,Sides,M,1,149,7.45,40
11859,2025-07-27,16:52:00,1098,10,Bilaspur,Delivery,Card,P001,Margherita,Classic,S,1,179,0,60
11859,2025-07-27,16:52:00,1098,10,Bilaspur,Delivery,Card,P006,Peppy Paneer,Veg,M,1,299,0,29
11859,2025-07-27,16:52:00,1098,10,Bilaspur,Delivery,Card,P009,Chicken Dominator,Chicken,L,1,469,46.9,62
11860,2025-07-16,20:36:00,1236,2,Raipur,Delivery,Wallet,P006,Peppy Paneer,Veg,M,1,299,0,31
11861,2025-06-18,16:07:00,1017,2,Raipur,Dine-in,UPI,P005,Farmhouse,Veg,L,1,449,0,0
11861,2025-06-18,16:07:00,1017,2,Raipur,Dine-in,UPI,P015,Mexican Green Wave,Veg,L,1,449,0,0
11862,2025-07-25,20:15:00,1291,10,Bilaspur,Delivery,UPI,P003,Margherita,Classic,L,1,449,0,35
11863,2025-05-20,16:58:00,1341,7,Durg,Takeaway,Card,P009,Chicken Dominator,Chicken,L,1,469,23.45,0
11863,2025-05-20,16:58:00,1341,7,Durg,Takeaway,Card,P002,Margherita,Classic,M,1,299,0,0
11863,2025-05-20,16:58:00,1341,7,Durg,Takeaway,Card,P001,Margherita,Classic,S,1,179,0,0
11864,2025-02-06,21:31:00,1308,4,Bhilai,Delivery,Cash,P002,Margherita,Classic,M,1,299,0,36
11865,2025-10-24,19:37:00,1340,11,Bilaspur,Delivery,UPI,P017,Cheese Burst,Specialty,L,1,474,0,20
11866,2025-03-19,18:53:00,1214,14,Nagpur,Delivery,UPI,P019,Paneer Makhani,Veg,L,1,449,0,33
11866,2025-03-19,18:53:00,1214,14,Nagpur,Delivery,UPI,P020,Garlic Bread,Sides,M,1,149,7.45,27
11866,2025-03-19,18:53:00,1214,14,Nagpur,Delivery,UPI,P014,Mexican Green Wave,Veg,M,1,299,0,30
11866,2025-03-19,18:53:00,1214,14,Nagpur,Delivery,UPI,P001,Margherita,Classic,S,1,179,8.95,50
11867,2025-06-18,17:16:00,1080,1,Raipur,Delivery,Card,P007,Peppy Paneer,Veg,L,1,449,44.9,54
11868,2025-12-10,14:53:00,1303,2,Raipur,Delivery,Wallet,P002,Margherita,Classic,M,1,299,29.9,24
11869,2025-12-26,21:50:00,1254,2,Raipur,Delivery,Card,P010,Pepper Barbecue Chicken,Chicken,M,1,319,15.95,19
11870,2025-03-11,17:29:00,1343,14,Nagpur,Delivery,UPI,P002,Margherita,Classic,M,2,299,29.9,38
11870,2025-03-11,17:29:00,1343,14,Nagpur,Delivery,UPI,P009,Chicken Dominator,Chicken,L,1,469,0,49
11871,2025-12-23,13:59:00,1312,4,Bhilai,Dine-in,Wallet,P008,Chicken Dominator,Chicken,M,1,319,0,0
11871,2025-12-23,13:59:00,1312,4,Bhilai,Dine-in,Wallet,P005,Farmhouse,Veg,L,1,449,0,0
11871,2025-12-23,13:59:00,1312,4,Bhilai,Dine-in,Wallet,P007,Peppy Paneer,Veg,L,1,449,0,0
11872,2025-01-20,21:31:00,1155,10,Bilaspur,Dine-in,Wallet,P015,Mexican Green Wave,Veg,L,1,449,22.45,0
11873,2025-03-28,16:09:00,1061,6,Bhilai,Delivery,UPI,P013,Veg Extravaganza,Premium Veg,L,1,479,0,39
11874,2025-04-22,17:26:00,1306,11,Bilaspur,Delivery,Card,P001,Margherita,Classic,S,1,179,8.95,29
11874,2025-04-22,17:26:00,1306,11,Bilaspur,Delivery,Card,P009,Chicken Dominator,Chicken,L,1,469,46.9,65
11874,2025-04-22,17:26:00,1306,11,Bilaspur,Delivery,Card,P016,Cheese Burst,Specialty,M,1,324,16.2,22
11874,2025-04-22,17:26:00,1306,11,Bilaspur,Delivery,Card,P005,Farmhouse,Veg,L,1,449,0,26
11875,2025-11-21,17:31:00,1369,13,Nagpur,Delivery,Wallet,P008,Chicken Dominator,Chicken,M,1,319,31.9,56
11875,2025-11-21,17:31:00,1369,13,Nagpur,Delivery,Wallet,P019,Paneer Makhani,Veg,L,1,449,22.45,50
11875,2025-11-21,17:31:00,1369,13,Nagpur,Delivery,Wallet,P006,Peppy Paneer,Veg,M,1,299,0,21
11876,2025-01-16,17:37:00,1322,12,Bilaspur,Takeaway,Wallet,P005,Farmhouse,Veg,L,1,449,22.45,0
11876,2025-01-16,17:37:00,1322,12,Bilaspur,Takeaway,Wallet,P012,Veg Extravaganza,Premium Veg,M,1,329,0,0
11876,2025-01-16,17:37:00,1322,12,Bilaspur,Takeaway,Wallet,P006,Peppy Paneer,Veg,M,2,299,0,0
11877,2025-08-18,19:05:00,1234,3,Raipur,Delivery,Card,P006,Peppy Paneer,Veg,M,2,299,0,48
11877,2025-08-18,19:05:00,1234,3,Raipur,Delivery,Card,P001,Margherita,Classic,S,1,179,0,60
11878,2025-01-22,13:54:00,1335,15,Nagpur,Delivery,Card,P020,Garlic Bread,Sides,M,1,149,14.9,50
11879,2025-11-28,22:26:00,1441,3,Raipur,Delivery,Wallet,P018,Paneer Makhani,Veg,M,1,299,0,58
11880,2025-07-30,17:38:00,1031,11,Bilaspur,Delivery,UPI,P002,Margherita,Classic,M,2,299,0,25
11880,2025-07-30,17:38:00,1031,11,Bilaspur,Delivery,UPI,P008,Chicken Dominator,Chicken,M,1,319,15.95,60
11880,2025-07-30,17:38:00,1031,11,Bilaspur,Delivery,UPI,P003,Margherita,Classic,L,1,449,0,26
11881,2025-04-28,15:09:00,1093,3,Raipur,Delivery,Cash,P009,Chicken Dominator,Chicken,L,1,469,46.9,38
11882,2025-03-21,18:22:00,1311,10,Bilaspur,Delivery,UPI,P004,Farmhouse,Veg,M,1,299,0,64
11883,2025-10-11,16:38:00,1411,2,Raipur,Delivery,UPI,P019,Paneer Makhani,Veg,L,1,449,22.45,60
11884,2025-01-16,20:49:00,1161,4,Bhilai,Delivery,Wallet,P003,Margherita,Classic,L,1,449,0,18
11884,2025-01-16,20:49:00,1161,4,Bhilai,Delivery,Wallet,P011,Pepper Barbecue Chicken,Chicken,L,1,469,46.9,36
11885,2025-03-02,19:59:00,1341,6,Bhilai,Dine-in,UPI,P009,Chicken Dominator,Chicken,L,1,469,0,0
11885,2025-03-02,19:59:00,1341,6,Bhilai,Dine-in,UPI,P001,Margherita,Classic,S,2,179,0,0
11885,2025-03-02,19:59:00,1341,6,Bhilai,Dine-in,UPI,P019,Paneer Makhani,Veg,L,1,449,22.45,0
11886,2025-02-22,19:58:00,1444,12,Bilaspur,Dine-in,Card,P002,Margherita,Classic,M,1,299,0,0
11886,2025-02-22,19:58:00,1444,12,Bilaspur,Dine-in,Card,P005,Farmhouse,Veg,L,1,449,22.45,0
11886,2025-02-22,19:58:00,1444,12,Bilaspur,Dine-in,Card,P014,Mexican Green Wave,Veg,M,1,299,14.95,0
11887,2025-08-29,18:51:00,1233,5,Bhilai,Takeaway,Card,P003,Margherita,Classic,L,1,449,0,0
11888,2025-01-12,17:48:00,1177,8,Durg,Dine-in,UPI,P007,Peppy Paneer,Veg,L,1,449,0,0
11888,2025-01-12,17:48:00,1177,8,Durg,Dine-in,UPI,P010,Pepper Barbecue Chicken,Chicken,M,1,319,0,0
11889,2025-02-19,16:42:00,1318,12,Bilaspur,Dine-in,Wallet,P019,Paneer Makhani,Veg,L,1,449,44.9,0
11889,2025-02-19,16:42:00,1318,12,Bilaspur,Dine-in,Wallet,P018,Paneer Makhani,Veg,M,1,299,0,0
11889,2025-02-19,16:42:00,1318,12,Bilaspur,Dine-in,Wallet,P016,Cheese Burst,Specialty,M,1,324,16.2,0
11890,2025-06-19,18:22:00,1253,13,Nagpur,Delivery,Cash,P009,Chicken Dominator,Chicken,L,1,469,23.45,29
11891,2025-10-22,21:00:00,1428,7,Durg,Delivery,Wallet,P012,Veg Extravaganza,Premium Veg,M,1,329,16.45,27
11892,2025-09-24,19:34:00,1220,1,Raipur,Delivery,UPI,P005,Farmhouse,Veg,L,1,449,22.45,46
11892,2025-09-24,19:34:00,1220,1,Raipur,Delivery,UPI,P007,Peppy Paneer,Veg,L,1,449,0,23
11892,2025-09-24,19:34:00,1220,1,Raipur,Delivery,UPI,P004,Farmhouse,Veg,M,1,299,29.9,38
11892,2025-09-24,19:34:00,1220,1,Raipur,Delivery,UPI,P014,Mexican Green Wave,Veg,M,1,299,0,46
11893,2025-08-01,14:14:00,1215,11,Bilaspur,Delivery,Cash,P002,Margherita,Classic,M,1,299,0,58
11894,2025-01-11,18:12:00,1246,12,Bilaspur,Delivery,Card,P005,Farmhouse,Veg,L,2,449,0,38
11894,2025-01-11,18:12:00,1246,12,Bilaspur,Delivery,Card,P015,Mexican Green Wave,Veg,L,1,449,0,52
11894,2025-01-11,18:12:00,1246,12,Bilaspur,Delivery,Card,P008,Chicken Dominator,Chicken,M,1,319,15.95,61
11895,2025-04-05,16:09:00,1129,3,Raipur,Delivery,UPI,P004,Farmhouse,Veg,M,1,299,29.9,63
11896,2025-03-06,17:46:00,1170,6,Bhilai,Delivery,Wallet,P005,Farmhouse,Veg,L,1,449,22.45,38
11897,2025-08-23,16:37:00,1015,7,Durg,Delivery,Wallet,P001,Margherita,Classic,S,2,179,0,32
11897,2025-08-23,16:37:00,1015,7,Durg,Delivery,Wallet,P004,Farmhouse,Veg,M,1,299,0,57
11897,2025-08-23,16:37:00,1015,7,Durg,Delivery,Wallet,P006,Peppy Paneer,Veg,M,1,299,14.95,61
11898,2025-11-04,16:11:00,1114,14,Nagpur,Delivery,Card,P004,Farmhouse,Veg,M,2,299,59.8,43
11898,2025-11-04,16:11:00,1114,14,Nagpur,Delivery,Card,P019,Paneer Makhani,Veg,L,1,449,0,62
11898,2025-11-04,16:11:00,1114,14,Nagpur,Delivery,Card,P002,Margherita,Classic,M,1,299,0,46
11899,2025-03-22,14:18:00,1081,10,Bilaspur,Delivery,Card,P005,Farmhouse,Veg,L,1,449,44.9,47
11900,2025-10-05,21:11:00,1062,6,Bhilai,Takeaway,Card,P006,Peppy Paneer,Veg,M,1,299,29.9,0
11900,2025-10-05,21:11:00,1062,6,Bhilai,Takeaway,Card,P003,Margherita,Classic,L,1,449,0,0
11900,2025-10-05,21:11:00,1062,6,Bhilai,Takeaway,Card,P017,Cheese Burst,Specialty,L,1,474,0,0
11900,2025-10-05,21:11:00,1062,6,Bhilai,Takeaway,Card,P016,Cheese Burst,Specialty,M,1,324,16.2,0
11901,2025-01-17,22:07:00,1430,4,Bhilai,Delivery,UPI,P009,Chicken Dominator,Chicken,L,1,469,0,27
11901,2025-01-17,22:07:00,1430,4,Bhilai,Delivery,UPI,P019,Paneer Makhani,Veg,L,1,449,0,44
11901,2025-01-17,22:07:00,1430,4,Bhilai,Delivery,UPI,P006,Peppy Paneer,Veg,M,1,299,0,60
11902,2025-10-27,13:36:00,1123,11,Bilaspur,Delivery,Cash,P008,Chicken Dominator,Chicken,M,2,319,0,18
11903,2025-01-30,19:11:00,1363,10,Bilaspur,Delivery,Wallet,P006,Peppy Paneer,Veg,M,1,299,0,39
11904,2025-07-12,20:43:00,1144,12,Bilaspur,Delivery,Cash,P020,Garlic Bread,Sides,M,1,149,0,32
11904,2025-07-12,20:43:00,1144,12,Bilaspur,Delivery,Cash,P005,Farmhouse,Veg,L,1,449,0,36
11904,2025-07-12,20:43:00,1144,12,Bilaspur,Delivery,Cash,P013,Veg Extravaganza,Premium Veg,L,1,479,23.95,64
11905,2025-04-22,15:14:00,1043,7,Durg,Takeaway,Wallet,P019,Paneer Makhani,Veg,L,1,449,22.45,0
11905,2025-04-22,15:14:00,1043,7,Durg,Takeaway,Wallet,P009,Chicken Dominator,Chicken,L,1,469,46.9,0
11905,2025-04-22,15:14:00,1043,7,Durg,Takeaway,Wallet,P002,Margherita,Classic,M,1,299,14.95,0
11905,2025-04-22,15:14:00,1043,7,Durg,Takeaway,Wallet,P005,Farmhouse,Veg,L,1,449,0,0
11906,2025-08-16,11:47:00,1061,10,Bilaspur,Delivery,Cash,P012,Veg Extravaganza,Premium Veg,M,1,329,0,23
11906,2025-08-16,11:47:00,1061,10,Bilaspur,Delivery,Cash,P013,Veg Extravaganza,Premium Veg,L,1,479,47.9,49
11907,2025-08-08,22:45:00,1220,6,Bhilai,Delivery,Card,P011,Pepper Barbecue Chicken,Chicken,L,1,469,0,53
11907,2025-08-08,22:45:00,1220,6,Bhilai,Delivery,Card,P014,Mexican Green Wave,Veg,M,1,299,0,62
11907,2025-08-08,22:45:00,1220,6,Bhilai,Delivery,Card,P001,Margherita,Classic,S,2,179,17.9,48
11908,2025-10-08,13:42:00,1038,13,Nagpur,Takeaway,UPI,P002,Margherita,Classic,M,1,299,0,0
11908,2025-10-08,13:42:00,1038,13,Nagpur,Takeaway,UPI,P001,Margherita,Classic,S,1,179,17.9,0
11909,2025-09-02,19:43:00,1227,1,Raipur,Delivery,Wallet,P003,Margherita,Classic,L,2,449,0,52
11909,2025-09-02,19:43:00,1227,1,Raipur,Delivery,Wallet,P004,Farmhouse,Veg,M,1,299,14.95,55
11909,2025-09-02,19:43:00,1227,1,Raipur,Delivery,Wallet,P012,Veg Extravaganza,Premium Veg,M,1,329,0,22
11910,2025-03-12,17:40:00,1265,12,Bilaspur,Delivery,Cash,P004,Farmhouse,Veg,M,1,299,14.95,30
11910,2025-03-12,17:40:00,1265,12,Bilaspur,Delivery,Cash,P008,Chicken Dominator,Chicken,M,1,319,0,20
11910,2025-03-12,17:40:00,1265,12,Bilaspur,Delivery,Cash,P002,Margherita,Classic,M,1,299,0,65
11910,2025-03-12,17:40:00,1265,12,Bilaspur,Delivery,Cash,P017,Cheese Burst,Specialty,L,1,474,0,47
11911,2025-06-22,20:15:00,1292,13,Nagpur,Delivery,Card,P013,Veg Extravaganza,Premium Veg,L,1,479,0,34
11911,2025-06-22,20:15:00,1292,13,Nagpur,Delivery,Card,P001,Margherita,Classic,S,1,179,17.9,40
11912,2025-11-03,19:32:00,1436,7,Durg,Delivery,Card,P020,Garlic Bread,Sides,M,1,149,7.45,24
11912,2025-11-03,19:32:00,1436,7,Durg,Delivery,Card,P014,Mexican Green Wave,Veg,M,1,299,29.9,60
11913,2025-10-11,15:43:00,1255,7,Durg,Delivery,UPI,P018,Paneer Makhani,Veg,M,1,299,0,24
11913,2025-10-11,15:43:00,1255,7,Durg,Delivery,UPI,P019,Paneer Makhani,Veg,L,1,449,22.45,60
11913,2025-10-11,15:43:00,1255,7,Durg,Delivery,UPI,P002,Margherita,Classic,M,1,299,0,42
11914,2025-06-30,15:27:00,1202,5,Bhilai,Delivery,Wallet,P018,Paneer Makhani,Veg,M,1,299,0,49
11914,2025-06-30,15:27:00,1202,5,Bhilai,Delivery,Wallet,P006,Peppy Paneer,Veg,M,1,299,0,35
11915,2025-06-11,22:14:00,1414,15,Nagpur,Delivery,Cash,P005,Farmhouse,Veg,L,1,449,22.45,51
11915,2025-06-11,22:14:00,1414,15,Nagpur,Delivery,Cash,P014,Mexican Green Wave,Veg,M,1,299,29.9,50
11915,2025-06-11,22:14:00,1414,15,Nagpur,Delivery,Cash,P010,Pepper Barbecue Chicken,Chicken,M,1,319,15.95,55
11915,2025-06-11,22:14:00,1414,15,Nagpur,Delivery,Cash,P020,Garlic Bread,Sides,M,1,149,14.9,28
11916,2025-03-26,16:51:00,1296,5,Bhilai,Takeaway,UPI,P005,Farmhouse,Veg,L,1,449,0,0
11917,2025-06-11,10:26:00,1297,3,Raipur,Dine-in,Wallet,P006,Peppy Paneer,Veg,M,1,299,0,0
11917,2025-06-11,10:26:00,1297,3,Raipur,Dine-in,Wallet,P019,Paneer Makhani,Veg,L,1,449,0,0
11917,2025-06-11,10:26:00,1297,3,Raipur,Dine-in,Wallet,P017,Cheese Burst,Specialty,L,1,474,47.4,0
11918,2025-03-06,20:56:00,1214,12,Bilaspur,Delivery,Card,P013,Veg Extravaganza,Premium Veg,L,1,479,0,34
11918,2025-03-06,20:56:00,1214,12,Bilaspur,Delivery,Card,P010,Pepper Barbecue Chicken,Chicken,M,2,319,31.9,26
11919,2025-02-07,14:07:00,1155,7,Durg,Takeaway,Cash,P003,Margherita,Classic,L,1,449,0,0
11920,2025-05-30,21:29:00,1282,14,Nagpur,Takeaway,UPI,P019,Paneer Makhani,Veg,L,1,449,44.9,0
11920,2025-05-30,21:29:00,1282,14,Nagpur,Takeaway,UPI,P020,Garlic Bread,Sides,M,1,149,0,0
11920,2025-05-30,21:29:00,1282,14,Nagpur,Takeaway,UPI,P013,Veg Extravaganza,Premium Veg,L,1,479,23.95,0
11921,2025-03-01,21:18:00,1358,11,Bilaspur,Delivery,UPI,P004,Farmhouse,Veg,M,1,299,0,23
11921,2025-03-01,21:18:00,1358,11,Bilaspur,Delivery,UPI,P010,Pepper Barbecue Chicken,Chicken,M,1,319,15.95,46
11922,2025-10-12,19:09:00,1397,4,Bhilai,Delivery,Card,P019,Paneer Makhani,Veg,L,1,449,22.45,38
11923,2025-02-02,20:25:00,1250,7,Durg,Takeaway,Wallet,P006,Peppy Paneer,Veg,M,1,299,29.9,0
11924,2025-11-19,16:08:00,1435,14,Nagpur,Takeaway,Wallet,P001,Margherita,Classic,S,2,179,0,0
11925,2025-03-19,12:53:00,1026,15,Nagpur,Takeaway,Cash,P002,Margherita,Classic,M,1,299,0,0
11925,2025-03-19,12:53:00,1026,15,Nagpur,Takeaway,Cash,P016,Cheese Burst,Specialty,M,1,324,0,0
11925,2025-03-19,12:53:00,1026,15,Nagpur,Takeaway,Cash,P015,Mexican Green Wave,Veg,L,1,449,0,0
11926,2025-08-05,21:43:00,1296,7,Durg,Delivery,Card,P008,Chicken Dominator,Chicken,M,1,319,0,39
11926,2025-08-05,21:43:00,1296,7,Durg,Delivery,Card,P014,Mexican Green Wave,Veg,M,1,299,14.95,56
11926,2025-08-05,21:43:00,1296,7,Durg,Delivery,Card,P002,Margherita,Classic,M,1,299,14.95,45
11926,2025-08-05,21:43:00,1296,7,Durg,Delivery,Card,P003,Margherita,Classic,L,1,449,0,19
11927,2025-10-15,22:58:00,1215,5,Bhilai,Delivery,UPI,P017,Cheese Burst,Specialty,L,1,474,0,34
11928,2025-11-15,17:55:00,1048,15,Nagpur,Delivery,Card,P001,Margherita,Classic,S,1,179,0,22
11928,2025-11-15,17:55:00,1048,15,Nagpur,Delivery,Card,P011,Pepper Barbecue Chicken,Chicken,L,1,469,0,39
11928,2025-11-15,17:55:00,1048,15,Nagpur,Delivery,Card,P018,Paneer Makhani,Veg,M,1,299,14.95,43
11929,2025-02-26,18:50:00,1272,12,Bilaspur,Takeaway,UPI,P003,Margherita,Classic,L,1,449,0,0
11930,2025-05-27,16:04:00,1032,5,Bhilai,Delivery,Card,P005,Farmhouse,Veg,L,1,449,44.9,50
11931,2025-06-24,13:13:00,1427,6,Bhilai,Delivery,UPI,P008,Chicken Dominator,Chicken,M,1,319,15.95,40
11931,2025-06-24,13:13:00,1427,6,Bhilai,Delivery,UPI,P003,Margherita,Classic,L,1,449,0,30
11931,2025-06-24,13:13:00,1427,6,Bhilai,Delivery,UPI,P005,Farmhouse,Veg,L,1,449,0,57
11932,2025-11-24,10:59:00,1207,9,Durg,Dine-in,Wallet,P007,Peppy Paneer,Veg,L,1,449,22.45,0
11932,2025-11-24,10:59:00,1207,9,Durg,Dine-in,Wallet,P008,Chicken Dominator,Chicken,M,1,319,0,0
11932,2025-11-24,10:59:00,1207,9,Durg,Dine-in,Wallet,P016,Cheese Burst,Specialty,M,1,324,0,0
11933,2025-11-08,12:56:00,1237,13,Nagpur,Dine-in,UPI,P018,Paneer Makhani,Veg,M,1,299,29.9,0
11933,2025-11-08,12:56:00,1237,13,Nagpur,Dine-in,UPI,P009,Chicken Dominator,Chicken,L,2,469,0,0
11933,2025-11-08,12:56:00,1237,13,Nagpur,Dine-in,UPI,P013,Veg Extravaganza,Premium Veg,L,1,479,47.9,0
11934,2025-02-17,14:33:00,1200,7,Durg,Dine-in,Wallet,P002,Margherita,Classic,M,1,299,29.9,0
11935,2025-07-17,18:37:00,1377,12,Bilaspur,Delivery,Card,P007,Peppy Paneer,Veg,L,1,449,0,64
11935,2025-07-17,18:37:00,1377,12,Bilaspur,Delivery,Card,P008,Chicken Dominator,Chicken,M,1,319,15.95,19
11936,2025-06-20,22:34:00,1107,6,Bhilai,Delivery,Cash,P010,Pepper Barbecue Chicken,Chicken,M,1,319,31.9,38
11937,2025-08-14,19:34:00,1190,4,Bhilai,Delivery,Card,P010,Pepper Barbecue Chicken,Chicken,M,2,319,0,36
11938,2025-03-23,17:42:00,1073,2,Raipur,Delivery,Wallet,P009,Chicken Dominator,Chicken,L,1,469,23.45,45
11938,2025-03-23,17:42:00,1073,2,Raipur,Delivery,Wallet,P001,Margherita,Classic,S,1,179,17.9,53
11938,2025-03-23,17:42:00,1073,2,Raipur,Delivery,Wallet,P005,Farmhouse,Veg,L,1,449,44.9,56
11939,2025-04-17,10:55:00,1398,4,Bhilai,Delivery,Cash,P003,Margherita,Classic,L,1,449,0,48
11939,2025-04-17,10:55:00,1398,4,Bhilai,Delivery,Cash,P016,Cheese Burst,Specialty,M,1,324,32.4,45
11940,2025-10-31,18:41:00,1114,5,Bhilai,Delivery,Cash,P003,Margherita,Classic,L,1,449,0,51
11941,2025-07-09,22:27:00,1055,4,Bhilai,Delivery,Wallet,P020,Garlic Bread,Sides,M,1,149,14.9,26
11941,2025-07-09,22:27:00,1055,4,Bhilai,Delivery,Wallet,P001,Margherita,Classic,S,1,179,0,58
11942,2025-08-22,20:14:00,1285,14,Nagpur,Takeaway,Card,P015,Mexican Green Wave,Veg,L,1,449,0,0
11942,2025-08-22,20:14:00,1285,14,Nagpur,Takeaway,Card,P007,Peppy Paneer,Veg,L,1,449,0,0
11942,2025-08-22,20:14:00,1285,14,Nagpur,Takeaway,Card,P019,Paneer Makhani,Veg,L,1,449,22.45,0
11942,2025-08-22,20:14:00,1285,14,Nagpur,Takeaway,Card,P020,Garlic Bread,Sides,M,1,149,0,0
11943,2025-06-13,14:46:00,1247,11,Bilaspur,Delivery,Wallet,P001,Margherita,Classic,S,1,179,0,46
11943,2025-06-13,14:46:00,1247,11,Bilaspur,Delivery,Wallet,P010,Pepper Barbecue Chicken,Chicken,M,1,319,0,27
11944,2025-02-07,12:09:00,1367,14,Nagpur,Delivery,Card,P012,Veg Extravaganza,Premium Veg,M,1,329,0,40
11944,2025-02-07,12:09:00,1367,14,Nagpur,Delivery,Card,P008,Chicken Dominator,Chicken,M,1,319,31.9,62
11944,2025-02-07,12:09:00,1367,14,Nagpur,Delivery,Card,P018,Paneer Makhani,Veg,M,1,299,29.9,48
11945,2025-02-18,20:53:00,1402,12,Bilaspur,Dine-in,UPI,P002,Margherita,Classic,M,1,299,29.9,0
11945,2025-02-18,20:53:00,1402,12,Bilaspur,Dine-in,UPI,P006,Peppy Paneer,Veg,M,1,299,29.9,0
11945,2025-02-18,20:53:00,1402,12,Bilaspur,Dine-in,UPI,P010,Pepper Barbecue Chicken,Chicken,M,1,319,31.9,0
11945,2025-02-18,20:53:00,1402,12,Bilaspur,Dine-in,UPI,P005,Farmhouse,Veg,L,1,449,44.9,0
11946,2025-06-01,12:39:00,1371,11,Bilaspur,Delivery,Card,P005,Farmhouse,Veg,L,1,449,0,57
11946,2025-06-01,12:39:00,1371,11,Bilaspur,Delivery,Card,P004,Farmhouse,Veg,M,1,299,14.95,27
11947,2025-03-24,22:53:00,1145,3,Raipur,Dine-in,Wallet,P003,Margherita,Classic,L,2,449,0,0
11947,2025-03-24,22:53:00,1145,3,Raipur,Dine-in,Wallet,P007,Peppy Paneer,Veg,L,1,449,0,0
11948,2025-02-15,19:48:00,1133,4,Bhilai,Dine-in,UPI,P001,Margherita,Classic,S,1,179,0,0
11948,2025-02-15,19:48:00,1133,4,Bhilai,Dine-in,UPI,P012,Veg Extravaganza,Premium Veg,M,1,329,0,0
11948,2025-02-15,19:48:00,1133,4,Bhilai,Dine-in,UPI,P008,Chicken Dominator,Chicken,M,1,319,15.95,0
11948,2025-02-15,19:48:00,1133,4,Bhilai,Dine-in,UPI,P004,Farmhouse,Veg,M,1,299,29.9,0
11949,2025-11-24,19:05:00,1169,1,Raipur,Takeaway,UPI,P001,Margherita,Classic,S,1,179,0,0
11950,2025-08-03,10:32:00,1017,3,Raipur,Delivery,Card,P017,Cheese Burst,Specialty,L,1,474,0,32
11950,2025-08-03,10:32:00,1017,3,Raipur,Delivery,Card,P019,Paneer Makhani,Veg,L,1,449,22.45,36
11950,2025-08-03,10:32:00,1017,3,Raipur,Delivery,Card,P010,Pepper Barbecue Chicken,Chicken,M,1,319,0,40
11951,2025-09-09,21:38:00,1096,2,Raipur,Delivery,Wallet,P009,Chicken Dominator,Chicken,L,1,469,46.9,58
11951,2025-09-09,21:38:00,1096,2,Raipur,Delivery,Wallet,P016,Cheese Burst,Specialty,M,1,324,32.4,36
11951,2025-09-09,21:38:00,1096,2,Raipur,Delivery,Wallet,P006,Peppy Paneer,Veg,M,1,299,0,27
11951,2025-09-09,21:38:00,1096,2,Raipur,Delivery,Wallet,P020,Garlic Bread,Sides,M,1,149,0,31
11952,2025-02-16,22:31:00,1355,3,Raipur,Takeaway,Wallet,P006,Peppy Paneer,Veg,M,2,299,29.9,0
11952,2025-02-16,22:31:00,1355,3,Raipur,Takeaway,Wallet,P015,Mexican Green Wave,Veg,L,1,449,22.45,0
11952,2025-02-16,22:31:00,1355,3,Raipur,Takeaway,Wallet,P002,Margherita,Classic,M,1,299,0,0
11953,2025-09-13,19:18:00,1002,1,Raipur,Takeaway,Card,P009,Chicken Dominator,Chicken,L,1,469,0,0
11954,2025-02-14,17:47:00,1194,13,Nagpur,Delivery,UPI,P009,Chicken Dominator,Chicken,L,1,469,23.45,35
11955,2025-04-17,20:31:00,1450,2,Raipur,Delivery,Card,P018,Paneer Makhani,Veg,M,1,299,0,33
11956,2025-06-13,21:54:00,1336,15,Nagpur,Delivery,Card,P002,Margherita,Classic,M,1,299,0,21
11957,2025-01-20,19:33:00,1421,10,Bilaspur,Delivery,UPI,P008,Chicken Dominator,Chicken,M,1,319,0,29
11957,2025-01-20,19:33:00,1421,10,Bilaspur,Delivery,UPI,P013,Veg Extravaganza,Premium Veg,L,1,479,0,39
11957,2025-01-20,19:33:00,1421,10,Bilaspur,Delivery,UPI,P016,Cheese Burst,Specialty,M,1,324,16.2,22
11957,2025-01-20,19:33:00,1421,10,Bilaspur,Delivery,UPI,P005,Farmhouse,Veg,L,1,449,22.45,52
11958,2025-11-04,20:39:00,1350,1,Raipur,Delivery,Card,P019,Paneer Makhani,Veg,L,1,449,0,58
11959,2025-08-16,17:05:00,1125,13,Nagpur,Delivery,Card,P008,Chicken Dominator,Chicken,M,1,319,0,26
11960,2025-03-12,19:27:00,1267,2,Raipur,Delivery,Cash,P018,Paneer Makhani,Veg,M,1,299,14.95,63
11960,2025-03-12,19:27:00,1267,2,Raipur,Delivery,Cash,P020,Garlic Bread,Sides,M,1,149,0,22
11960,2025-03-12,19:27:00,1267,2,Raipur,Delivery,Cash,P014,Mexican Green Wave,Veg,M,1,299,0,20
11960,2025-03-12,19:27:00,1267,2,Raipur,Delivery,Cash,P017,Cheese Burst,Specialty,L,1,474,23.7,61
11961,2025-10-08,22:43:00,1400,12,Bilaspur,Delivery,Wallet,P019,Paneer Makhani,Veg,L,1,449,0,24
11961,2025-10-08,22:43:00,1400,12,Bilaspur,Delivery,Wallet,P010,Pepper Barbecue Chicken,Chicken,M,1,319,0,65
11961,2025-10-08,22:43:00,1400,12,Bilaspur,Delivery,Wallet,P011,Pepper Barbecue Chicken,Chicken,L,1,469,23.45,26
11961,2025-10-08,22:43:00,1400,12,Bilaspur,Delivery,Wallet,P005,Farmhouse,Veg,L,1,449,44.9,56
11962,2025-04-30,18:26:00,1376,14,Nagpur,Delivery,UPI,P006,Peppy Paneer,Veg,M,1,299,29.9,45
11963,2025-09-03,19:06:00,1261,8,Durg,Delivery,Card,P006,Peppy Paneer,Veg,M,1,299,14.95,19
11963,2025-09-03,19:06:00,1261,8,Durg,Delivery,Card,P004,Farmhouse,Veg,M,1,299,0,64
11964,2025-12-02,17:49:00,1401,11,Bilaspur,Delivery,Wallet,P010,Pepper Barbecue Chicken,Chicken,M,1,319,31.9,45
11964,2025-12-02,17:49:00,1401,11,Bilaspur,Delivery,Wallet,P003,Margherita,Classic,L,1,449,44.9,50
11965,2025-12-20,18:36:00,1359,12,Bilaspur,Delivery,Wallet,P020,Garlic Bread,Sides,M,1,149,7.45,28
11966,2025-04-06,18:41:00,1309,11,Bilaspur,Takeaway,UPI,P005,Farmhouse,Veg,L,1,449,0,0
11966,2025-04-06,18:41:00,1309,11,Bilaspur,Takeaway,UPI,P010,Pepper Barbecue Chicken,Chicken,M,1,319,0,0
11966,2025-04-06,18:41:00,1309,11,Bilaspur,Takeaway,UPI,P015,Mexican Green Wave,Veg,L,1,449,22.45,0
11966,2025-04-06,18:41:00,1309,11,Bilaspur,Takeaway,UPI,P009,Chicken Dominator,Chicken,L,1,469,23.45,0
11967,2025-11-15,18:29:00,1078,7,Durg,Delivery,Wallet,P005,Farmhouse,Veg,L,1,449,0,38
11967,2025-11-15,18:29:00,1078,7,Durg,Delivery,Wallet,P009,Chicken Dominator,Chicken,L,2,469,0,22
11967,2025-11-15,18:29:00,1078,7,Durg,Delivery,Wallet,P003,Margherita,Classic,L,1,449,22.45,25
11968,2025-08-14,14:49:00,1199,6,Bhilai,Delivery,Card,P020,Garlic Bread,Sides,M,1,149,0,55
11969,2025-06-30,21:22:00,1411,2,Raipur,Delivery,Wallet,P011,Pepper Barbecue Chicken,Chicken,L,1,469,23.45,51
11970,2025-08-08,12:55:00,1334,6,Bhilai,Takeaway,UPI,P004,Farmhouse,Veg,M,1,299,0,0
11970,2025-08-08,12:55:00,1334,6,Bhilai,Takeaway,UPI,P010,Pepper Barbecue Chicken,Chicken,M,1,319,31.9,0
11971,2025-10-15,21:31:00,1179,11,Bilaspur,Delivery,UPI,P011,Pepper Barbecue Chicken,Chicken,L,1,469,0,19
11971,2025-10-15,21:31:00,1179,11,Bilaspur,Delivery,UPI,P015,Mexican Green Wave,Veg,L,1,449,0,24
11972,2025-03-18,17:00:00,1033,11,Bilaspur,Delivery,UPI,P004,Farmhouse,Veg,M,1,299,14.95,27
11972,2025-03-18,17:00:00,1033,11,Bilaspur,Delivery,UPI,P009,Chicken Dominator,Chicken,L,1,469,0,28
11972,2025-03-18,17:00:00,1033,11,Bilaspur,Delivery,UPI,P020,Garlic Bread,Sides,M,1,149,0,30
11972,2025-03-18,17:00:00,1033,11,Bilaspur,Delivery,UPI,P006,Peppy Paneer,Veg,M,1,299,29.9,56
11973,2025-04-18,20:40:00,1288,1,Raipur,Delivery,UPI,P015,Mexican Green Wave,Veg,L,1,449,44.9,58
11974,2025-04-11,11:08:00,1416,5,Bhilai,Takeaway,Wallet,P002,Margherita,Classic,M,1,299,29.9,0
11974,2025-04-11,11:08:00,1416,5,Bhilai,Takeaway,Wallet,P013,Veg Extravaganza,Premium Veg,L,1,479,23.95,0
11974,2025-04-11,11:08:00,1416,5,Bhilai,Takeaway,Wallet,P010,Pepper Barbecue Chicken,Chicken,M,1,319,0,0
11974,2025-04-11,11:08:00,1416,5,Bhilai,Takeaway,Wallet,P006,Peppy Paneer,Veg,M,1,299,14.95,0
11975,2025-09-11,21:44:00,1048,13,Nagpur,Delivery,Cash,P006,Peppy Paneer,Veg,M,1,299,29.9,61
11975,2025-09-11,21:44:00,1048,13,Nagpur,Delivery,Cash,P012,Veg Extravaganza,Premium Veg,M,1,329,32.9,34
11975,2025-09-11,21:44:00,1048,13,Nagpur,Delivery,Cash,P010,Pepper Barbecue Chicken,Chicken,M,1,319,0,64
11976,2025-07-14,18:31:00,1404,4,Bhilai,Delivery,Cash,P019,Paneer Makhani,Veg,L,1,449,0,35
11976,2025-07-14,18:31:00,1404,4,Bhilai,Delivery,Cash,P003,Margherita,Classic,L,1,449,44.9,59
11976,2025-07-14,18:31:00,1404,4,Bhilai,Delivery,Cash,P005,Farmhouse,Veg,L,1,449,44.9,53
11977,2025-10-02,19:26:00,1182,15,Nagpur,Takeaway,Card,P008,Chicken Dominator,Chicken,M,1,319,0,0
11977,2025-10-02,19:26:00,1182,15,Nagpur,Takeaway,Card,P015,Mexican Green Wave,Veg,L,1,449,22.45,0
11977,2025-10-02,19:26:00,1182,15,Nagpur,Takeaway,Card,P009,Chicken Dominator,Chicken,L,1,469,46.9,0
11978,2025-11-19,15:26:00,1427,8,Durg,Delivery,Wallet,P008,Chicken Dominator,Chicken,M,1,319,31.9,48
11978,2025-11-19,15:26:00,1427,8,Durg,Delivery,Wallet,P004,Farmhouse,Veg,M,1,299,14.95,51
11978,2025-11-19,15:26:00,1427,8,Durg,Delivery,Wallet,P001,Margherita,Classic,S,1,179,17.9,18
11979,2025-09-18,21:18:00,1125,3,Raipur,Takeaway,Wallet,P011,Pepper Barbecue Chicken,Chicken,L,2,469,46.9,0
11980,2025-05-05,21:46:00,1221,10,Bilaspur,Takeaway,UPI,P001,Margherita,Classic,S,1,179,0,0
11980,2025-05-05,21:46:00,1221,10,Bilaspur,Takeaway,UPI,P013,Veg Extravaganza,Premium Veg,L,1,479,23.95,0
11980,2025-05-05,21:46:00,1221,10,Bilaspur,Takeaway,UPI,P005,Farmhouse,Veg,L,1,449,0,0
11981,2025-11-02,15:17:00,1206,8,Durg,Delivery,UPI,P007,Peppy Paneer,Veg,L,1,449,22.45,29
11982,2025-11-05,20:36:00,1024,12,Bilaspur,Delivery,Card,P019,Paneer Makhani,Veg,L,1,449,22.45,60
11982,2025-11-05,20:36:00,1024,12,Bilaspur,Delivery,Card,P017,Cheese Burst,Specialty,L,1,474,0,33
11982,2025-11-05,20:36:00,1024,12,Bilaspur,Delivery,Card,P010,Pepper Barbecue Chicken,Chicken,M,1,319,0,22
11982,2025-11-05,20:36:00,1024,12,Bilaspur,Delivery,Card,P004,Farmhouse,Veg,M,1,299,29.9,26
11983,2025-06-21,18:22:00,1057,6,Bhilai,Delivery,Card,P005,Farmhouse,Veg,L,1,449,22.45,19
11984,2025-12-03,15:35:00,1049,5,Bhilai,Delivery,Card,P002,Margherita,Classic,M,1,299,29.9,56
11985,2025-05-16,20:43:00,1345,11,Bilaspur,Delivery,Card,P011,Pepper Barbecue Chicken,Chicken,L,1,469,0,25
11985,2025-05-16,20:43:00,1345,11,Bilaspur,Delivery,Card,P016,Cheese Burst,Specialty,M,1,324,0,33
11985,2025-05-16,20:43:00,1345,11,Bilaspur,Delivery,Card,P005,Farmhouse,Veg,L,1,449,22.45,54
11985,2025-05-16,20:43:00,1345,11,Bilaspur,Delivery,Card,P002,Margherita,Classic,M,1,299,0,35
11986,2025-03-27,17:11:00,1236,14,Nagpur,Delivery,Wallet,P019,Paneer Makhani,Veg,L,1,449,22.45,49
11986,2025-03-27,17:11:00,1236,14,Nagpur,Delivery,Wallet,P015,Mexican Green Wave,Veg,L,1,449,0,51
11986,2025-03-27,17:11:00,1236,14,Nagpur,Delivery,Wallet,P005,Farmhouse,Veg,L,1,449,0,53
11986,2025-03-27,17:11:00,1236,14,Nagpur,Delivery,Wallet,P012,Veg Extravaganza,Premium Veg,M,1,329,16.45,40
11987,2025-05-30,17:05:00,1133,11,Bilaspur,Takeaway,UPI,P010,Pepper Barbecue Chicken,Chicken,M,1,319,15.95,0
11988,2025-02-18,13:42:00,1156,6,Bhilai,Takeaway,Cash,P012,Veg Extravaganza,Premium Veg,M,1,329,32.9,0
11988,2025-02-18,13:42:00,1156,6,Bhilai,Takeaway,Cash,P013,Veg Extravaganza,Premium Veg,L,1,479,0,0
11989,2025-08-31,15:54:00,1056,7,Durg,Delivery,Card,P004,Farmhouse,Veg,M,1,299,14.95,48
11989,2025-08-31,15:54:00,1056,7,Durg,Delivery,Card,P002,Margherita,Classic,M,1,299,14.95,45
11989,2025-08-31,15:54:00,1056,7,Durg,Delivery,Card,P017,Cheese Burst,Specialty,L,2,474,0,45
11990,2025-05-12,21:11:00,1386,7,Durg,Delivery,Cash,P008,Chicken Dominator,Chicken,M,1,319,31.9,43
11991,2025-03-23,11:39:00,1031,7,Durg,Delivery,UPI,P004,Farmhouse,Veg,M,2,299,29.9,22
11991,2025-03-23,11:39:00,1031,7,Durg,Delivery,UPI,P015,Mexican Green Wave,Veg,L,1,449,44.9,65
11991,2025-03-23,11:39:00,1031,7,Durg,Delivery,UPI,P011,Pepper Barbecue Chicken,Chicken,L,1,469,46.9,21
11992,2025-06-09,17:45:00,1169,12,Bilaspur,Delivery,Card,P019,Paneer Makhani,Veg,L,1,449,44.9,46
11992,2025-06-09,17:45:00,1169,12,Bilaspur,Delivery,Card,P013,Veg Extravaganza,Premium Veg,L,1,479,0,61
11993,2025-02-21,22:48:00,1111,5,Bhilai,Takeaway,UPI,P008,Chicken Dominator,Chicken,M,1,319,15.95,0
11993,2025-02-21,22:48:00,1111,5,Bhilai,Takeaway,UPI,P017,Cheese Burst,Specialty,L,1,474,0,0
11993,2025-02-21,22:48:00,1111,5,Bhilai,Takeaway,UPI,P002,Margherita,Classic,M,1,299,0,0
11994,2025-03-16,17:52:00,1125,7,Durg,Delivery,UPI,P009,Chicken Dominator,Chicken,L,1,469,0,24
11994,2025-03-16,17:52:00,1125,7,Durg,Delivery,UPI,P015,Mexican Green Wave,Veg,L,1,449,0,34
11995,2025-03-09,18:49:00,1190,8,Durg,Delivery,Card,P002,Margherita,Classic,M,1,299,14.95,36
11996,2025-10-30,12:18:00,1322,5,Bhilai,Delivery,UPI,P011,Pepper Barbecue Chicken,Chicken,L,1,469,23.45,32
11996,2025-10-30,12:18:00,1322,5,Bhilai,Delivery,UPI,P004,Farmhouse,Veg,M,1,299,0,20
11997,2025-12-18,19:10:00,1341,10,Bilaspur,Delivery,UPI,P005,Farmhouse,Veg,L,1,449,44.9,27
11998,2025-12-16,19:43:00,1240,10,Bilaspur,Delivery,Cash,P019,Paneer Makhani,Veg,L,1,449,0,28
11999,2025-09-18,14:27:00,1073,11,Bilaspur,Delivery,UPI,P004,Farmhouse,Veg,M,1,299,0,43
11999,2025-09-18,14:27:00,1073,11,Bilaspur,Delivery,UPI,P011,Pepper Barbecue Chicken,Chicken,L,1,469,0,38
11999,2025-09-18,14:27:00,1073,11,Bilaspur,Delivery,UPI,P003,Margherita,Classic,L,1,449,44.9,31
11999,2025-09-18,14:27:00,1073,11,Bilaspur,Delivery,UPI,P010,Pepper Barbecue Chicken,Chicken,M,1,319,31.9,45
12000,2025-09-05,14:01:00,1184,3,Raipur,Delivery,Wallet,P001,Margherita,Classic,S,1,179,0,41
12000,2025-09-05,14:01:00,1184,3,Raipur,Delivery,Wallet,P011,Pepper Barbecue Chicken,Chicken,L,1,469,0,21
12000,2025-09-05,14:01:00,1184,3,Raipur,Delivery,Wallet,P005,Farmhouse,Veg,L,1,449,22.45,35
12000,2025-09-05,14:01:00,1184,3,Raipur,Delivery,Wallet,P010,Pepper Barbecue Chicken,Chicken,M,1,319,15.95,21
